Team,m,Wins,Losses,Possessions,FantasyPoints,FieldGoalsPercentage,EffectiveFieldGoalsPercentage,TwoPointersPercentage,ThreePointersPercentage,FreeThrowsPercentage,OffensiveRebounds,DefensiveRebounds,Rebounds,Assists,Steals,BlockedShots,Turnovers,PersonalFouls,Points,TrueShootingPercentage,PlusMinus,DoubleDoubles,TripleDoubles,SeasonType,WinPercentage
ATL,m0,22.0,22.5,144.34285714285716,318.2862369337979,67.45,76.75,77.05,50.85,113.5,18.045731707317074,47.57378048780488,65.61236933797909,35.720644599303135,10.349216027874565,7.35705574912892,17.715069686411148,25.58040069686411,168.27195121951218,81.35,-11.238240418118467,1.6571428571428573,0.00975609756097561,,0.4943820224719101
ATL,m1,0.5,0.5,54.97777777777778,122.85555555555555,25.61111111111111,29.633333333333333,29.266666666666666,19.716666666666665,44.46666666666667,4.661111111111111,16.944444444444443,23.916666666666668,13.516666666666667,2.6666666666666665,1.3055555555555556,4.605555555555556,7.966666666666667,66.32222222222222,31.97222222222222,2.3444444444444454,0.44999999999999996,0.0,1.0,0.5
ATL,m2,0.2857142857142857,0.7142857142857143,53.607142857142854,120.72857142857143,25.107142857142858,29.45,29.0,20.135714285714283,44.19285714285714,4.285714285714286,16.907142857142855,24.092857142857145,14.328571428571427,1.9142857142857144,1.2642857142857142,3.457142857142857,9.307142857142859,64.97142857142858,31.24285714285714,-6.521428571428571,0.5785714285714285,0.0,1.0,0.2857142857142857
ATL,m3,0.4666666666666667,0.5333333333333333,54.806666666666665,118.69333333333334,24.3,27.753333333333334,28.08,18.026666666666664,42.53333333333333,4.086666666666667,17.166666666666668,24.39333333333333,13.72,2.1466666666666665,1.28,4.166666666666667,8.48,63.05333333333333,30.1,-20.32,0.5,0.0,1.0,0.4666666666666667
ATL,m4,0.5,0.5,54.375,123.35000000000001,25.175,29.058333333333334,29.316666666666666,19.166666666666668,43.675000000000004,4.125,17.983333333333334,24.900000000000002,14.416666666666666,1.7,1.5333333333333332,3.233333333333333,6.9750000000000005,65.27499999999999,31.083333333333332,-0.008333333333332563,0.5499999999999999,0.0,1.0,0.5
ATL,m5,0.5333333333333333,0.4666666666666667,51.03333333333333,117.71333333333334,25.373333333333335,29.639999999999997,28.433333333333334,20.993333333333332,40.54666666666667,3.44,16.733333333333334,23.14,14.626666666666667,2.2066666666666666,1.38,3.3333333333333335,7.493333333333334,60.773333333333326,31.10666666666667,4.046666666666667,0.44,0.0,1.0,0.5333333333333333
ATL,m6,0.2222222222222222,0.7777777777777778,64.47777777777777,134.05555555555554,29.166666666666668,33.56666666666667,34.599999999999994,21.366666666666667,48.044444444444444,3.7777777777777777,20.766666666666666,26.677777777777777,18.355555555555554,2.7777777777777777,1.322222222222222,6.088888888888889,10.577777777777778,71.41111111111111,35.888888888888886,-35.28888888888889,0.8222222222222222,0.06666666666666667,1.2222222222222223,0.2222222222222222
BKN,m0,22.5,20.5,133.44085365853658,275.7012195121951,66.25,76.69999999999999,78.2,50.15,109.1,9.824085365853659,43.99237804878049,53.80396341463414,34.06676829268293,8.730487804878049,6.9125,17.42012195121951,25.81189024390244,146.1609756097561,81.55,-43.63414634146342,1.1064024390243903,0.028658536585365855,,0.5232558139534884
BKN,m1,0.5,0.5,107.25,243.52777777777777,51.81111111111111,61.233333333333334,58.57777777777778,42.72777777777778,84.47222222222223,13.494444444444445,39.05555555555556,52.22777777777778,28.255555555555556,7.144444444444444,6.411111111111111,14.211111111111112,20.322222222222223,127.13333333333334,64.14444444444445,7.122222222222222,1.0,0.0,1.0,0.5
BKN,m2,0.4,0.6,107.62666666666668,245.25333333333336,49.93333333333333,57.086666666666666,55.940000000000005,39.333333333333336,82.72,14.993333333333334,35.31333333333334,50.193333333333335,29.526666666666664,7.453333333333333,6.96,12.133333333333333,20.946666666666665,126.18,60.8,-17.5,1.04,0.0,1.0,0.4
BKN,m3,0.2857142857142857,0.7142857142857143,106.87857142857142,237.05714285714288,49.971428571428575,58.364285714285714,59.82142857142857,37.957142857142856,83.32857142857142,11.721428571428572,33.98571428571429,45.24285714285714,29.82857142857143,9.978571428571428,5.914285714285714,13.385714285714286,22.135714285714283,121.42142857142858,61.57857142857143,-11.37142857142857,1.1142857142857143,0.0,1.0,0.2857142857142857
BKN,m4,0.3333333333333333,0.6666666666666666,104.76666666666667,222.6,48.666666666666664,56.86666666666667,55.78333333333333,39.324999999999996,84.8,11.15,34.625,45.300000000000004,29.05,7.816666666666666,4.8999999999999995,13.233333333333334,21.175,114.18333333333334,59.89166666666667,-39.725,0.3,0.0,1.0,0.3333333333333333
BKN,m5,0.375,0.625,104.1375,224.66875,49.8125,58.29375,56.84375,39.7125,82.9875,12.375,33.38125,45.46875,26.7125,8.775,5.4,14.2625,18.5375,117.75,61.73125,-12.681249999999999,0.6,0.0,1.0,0.375
BKN,m6,0.42857142857142855,0.5714285714285714,103.74285714285713,217.22857142857143,49.34285714285714,56.15714285714286,57.300000000000004,36.228571428571435,81.95714285714287,12.528571428571428,39.300000000000004,51.65714285714286,22.685714285714287,5.142857142857143,8.17142857142857,15.485714285714284,17.04285714285714,111.95714285714287,59.84285714285714,-46.199999999999996,0.8571428571428571,0.0,1.0,0.42857142857142855
BOS,m0,34.0,17.0,139.13896341463416,312.1370731707317,68.6,80.94999999999999,81.95,53.2,116.65,13.756341463414632,49.60323170731707,63.35957317073171,36.313963414634145,8.852743902439023,8.44079268292683,17.755304878048783,25.709756097560977,164.8008536585366,85.85,34.08475609756097,1.3764634146341463,0.01951219512195122,,0.6666666666666666
BOS,m1,0.7777777777777778,0.2222222222222222,114.83888888888889,259.1611111111111,55.31111111111111,65.46666666666667,68.22222222222223,42.31111111111111,92.21666666666667,12.516666666666667,43.105555555555554,55.21111111111111,29.09444444444445,8.283333333333333,7.277777777777778,15.122222222222222,20.711111111111112,136.27222222222224,69.41111111111111,55.99444444444444,1.0777777777777777,0.0,1.0,0.7777777777777778
BOS,m2,0.8571428571428571,0.14285714285714285,115.93571428571428,282.4642857142857,58.30714285714286,69.17142857142856,68.45,46.25,96.46428571428571,14.335714285714285,41.528571428571425,55.75,31.807142857142857,9.178571428571429,9.257142857142856,14.214285714285714,19.678571428571427,148.25714285714284,72.77857142857142,68.64285714285714,1.3785714285714286,0.0,1.0,0.8571428571428571
BOS,m3,0.6875,0.3125,115.7875,268.0,55.01875,65.94375,63.125,46.175,93.29375,12.3875,43.15,55.00625,29.8125,7.5625,9.10625,13.025,19.775,140.275,70.10625,42.1125,1.1125,0.0875,1.0,0.6875
BOS,m4,0.9,0.1,112.54,276.89,60.82000000000001,71.63,73.53,44.85,98.86,11.48,43.489999999999995,54.489999999999995,33.160000000000004,8.84,8.47,13.879999999999999,19.11,142.99,74.87,90.24,0.95,0.0,1.0,0.9
BOS,m5,0.75,0.25,111.0375,274.875,57.55,68.9625,65.2375,48.39375,95.1125,13.325,38.7375,51.71875,33.31875,9.35625,8.34375,11.78125,16.625,142.61875,72.05,86.8,0.78125,0.0875,1.0,0.75
BOS,m6,0.75,0.25,91.38333333333333,223.99166666666667,47.475,55.949999999999996,57.24166666666667,36.675000000000004,68.11666666666666,9.583333333333334,33.375,43.625,27.266666666666666,7.566666666666666,6.5249999999999995,9.316666666666666,13.283333333333333,111.89999999999999,58.15,53.50833333333333,1.0,0.024999999999999998,1.6666666666666667,0.75
BOS,m7,0.8666666666666667,0.13333333333333333,52.53333333333333,119.83333333333333,26.9,31.753333333333334,33.166666666666664,20.16,47.086666666666666,3.1666666666666665,18.959999999999997,24.56,13.46,2.033333333333333,1.6933333333333331,3.3866666666666663,6.3066666666666675,62.54,33.733333333333334,20.226666666666667,0.3,0.0,3.0,0.8666666666666667
CHA,m0,27.0,55.0,126.90243902439025,269.12439024390244,57.4,64.8,66.3,41.4,94.1,13.801219512195123,42.1219512195122,55.923170731707316,31.584146341463416,9.710975609756098,6.509756097560975,17.15487804878049,25.441463414634143,139.3548780487805,69.1,-39.150000000000006,1.1792682926829268,0.05731707317073171,,0.32926829268292684
CHA,m1,0.35294117647058826,0.6470588235294118,46.294117647058826,99.30588235294118,21.84705882352941,24.705882352941178,24.28235294117647,16.38823529411765,35.752941176470586,3.0058823529411764,14.63529411764706,20.558823529411764,9.711764705882352,1.5058823529411764,1.035294117647059,2.9647058823529413,6.747058823529412,52.50588235294118,26.3,-20.141176470588235,0.24705882352941178,0.011764705882352941,1.0,0.35294117647058826
CHA,m2,0.07692307692307693,0.9230769230769231,44.607692307692304,91.96923076923076,21.323076923076922,24.338461538461537,24.26923076923077,15.284615384615384,39.19230769230769,1.9384615384615385,12.015384615384615,16.93846153846154,10.784615384615384,1.4076923076923078,1.0461538461538462,2.6846153846153844,6.223076923076923,49.215384615384615,25.799999999999997,-32.62307692307692,0.12307692307692308,0.0,1.0,0.07692307692307693
CHA,m3,0.1875,0.8125,44.6375,92.28125,20.5125,23.93125,23.15625,16.7375,35.5,2.11875,14.31875,18.9125,10.00625,1.23125,1.1375,2.68125,5.8687499999999995,48.44375,25.31875,-31.0125,0.1125,0.0,1.0,0.1875
CHA,m4,0.38461538461538464,0.6153846153846154,44.63076923076923,91.9076923076923,20.861538461538462,24.184615384615384,23.799999999999997,16.46153846153846,35.669230769230765,1.7384615384615385,15.392307692307693,19.138461538461538,10.13076923076923,1.646153846153846,0.7384615384615384,2.792307692307692,4.061538461538461,47.9076923076923,25.569230769230767,-15.115384615384615,0.16923076923076924,0.0,1.0,0.38461538461538464
CHA,m5,0.2,0.8,43.18666666666666,88.41333333333334,21.353333333333335,24.453333333333333,26.026666666666664,14.306666666666667,35.080000000000005,1.8266666666666667,13.793333333333333,17.746666666666666,9.373333333333333,1.4533333333333334,0.74,2.7199999999999998,3.7199999999999998,47.059999999999995,25.80666666666667,-24.486666666666668,0.2,0.0,1.0,0.2
CHA,m6,0.375,0.625,44.3625,95.85,22.3375,26.2,25.8125,17.05,39.125,1.2875,14.55,17.3,11.6875,1.6625,1.1625,2.7375,4.0375,50.1625,27.8875,-17.175,0.05,0.0,1.0,0.375
CHI,m0,20.5,21.5,138.70975609756096,290.24451219512196,68.35,76.05,79.65,45.2,114.35,10.590243902439024,45.607926829268294,56.173170731707316,33.18780487804878,10.607317073170732,8.116463414634147,16.48048780487805,30.928658536585367,152.0908536585366,80.80000000000001,-10.115853658536587,1.201219512195122,0.00975609756097561,,0.4880952380952381
CHI,m1,0.3,0.7,139.995,296.4,64.62,74.075,72.94500000000001,51.019999999999996,115.10999999999999,15.995,44.035000000000004,59.839999999999996,32.57,12.940000000000001,8.445,17.59,28.660000000000004,155.04500000000002,79.245,-43.37,1.2600000000000002,0.0,1.0,0.3
CHI,m2,0.6428571428571429,0.35714285714285715,139.1142857142857,319.4357142857143,68.38571428571429,77.97857142857143,76.94285714285715,53.75,114.57142857142857,19.02857142857143,48.07857142857143,66.63571428571429,36.17857142857143,11.757142857142856,9.450000000000001,16.271428571428572,27.892857142857142,165.72142857142856,83.10000000000001,24.349999999999998,2.1,0.0,1.0,0.6428571428571429
CHI,m3,0.5333333333333333,0.4666666666666667,141.54,319.0866666666667,71.0,80.90666666666667,83.2,50.519999999999996,112.83999999999999,15.013333333333332,49.14,62.96666666666667,38.8,10.973333333333333,10.793333333333333,18.173333333333336,26.32,164.64,85.14,1.4466666666666668,2.24,0.0,1.0,0.5333333333333333
CHI,m4,0.5,0.5,144.57,326.84000000000003,67.23,76.19,75.63,50.769999999999996,122.05999999999999,19.03,50.339999999999996,69.35,36.269999999999996,13.45,8.309999999999999,17.61,28.0,168.89000000000001,82.07000000000001,-2.1799999999999997,3.15,0.0,1.0,0.5
CHI,m5,0.5,0.5,139.1625,310.975,70.36874999999999,80.275,78.78125,55.00625,115.4,13.674999999999999,47.4375,60.74375,39.35625,11.35625,7.8125,16.25625,25.4,163.70625,85.0625,-17.23125,1.8375000000000001,0.0,1.0,0.5
CHI,m6,0.4444444444444444,0.5555555555555556,126.84444444444443,287.23333333333335,62.955555555555556,69.87777777777778,72.23333333333333,42.44444444444444,98.47777777777777,16.866666666666667,42.44444444444444,59.64444444444444,31.11111111111111,12.4,8.11111111111111,15.222222222222221,24.555555555555557,147.35555555555555,73.23333333333333,-8.166666666666668,2.7,0.0,1.4444444444444444,0.4444444444444444
CLE,m0,26.0,17.5,132.75865853658536,276.4569512195122,67.05,76.5,77.80000000000001,49.55,109.15,13.54841463414634,42.402804878048784,55.951829268292684,33.49158536585366,9.99780487804878,6.180853658536585,20.13158536585366,28.477560975609755,146.8469512195122,81.15,-5.061707317073175,1.9764634146341464,0.0,,0.5977011494252874
CLE,m1,0.5263157894736842,0.47368421052631576,43.32631578947369,94.36842105263158,21.0,23.68421052631579,24.42105263157895,14.968421052631578,35.32631578947369,2.0368421052631582,14.6,19.5,10.15263157894737,1.489473684210526,1.0736842105263158,2.736842105263158,4.931578947368421,48.76315789473684,25.289473684210527,-2.3526315789473684,0.2,0.0,1.0,0.5263157894736842
CLE,m2,0.6153846153846154,0.38461538461538464,42.83846153846154,95.91538461538462,20.5,23.984615384615385,24.66923076923077,14.576923076923077,32.04615384615385,2.3076923076923075,14.023076923076925,19.26153846153846,10.984615384615385,1.5538461538461539,0.6846153846153846,2.3615384615384616,5.753846153846154,50.06153846153846,25.076923076923077,2.4230769230769234,0.12307692307692308,0.0,1.0,0.6153846153846154
CLE,m3,0.8461538461538461,0.15384615384615385,43.05384615384616,101.17692307692307,21.77692307692308,25.515384615384615,25.576923076923077,17.046153846153846,34.96153846153846,2.0615384615384618,15.876923076923077,20.584615384615386,11.53076923076923,1.5230769230769232,0.8153846153846154,2.746153846153846,4.484615384615385,52.892307692307696,27.00769230769231,32.94615384615385,0.26153846153846155,0.0,1.0,0.8461538461538461
CLE,m4,0.6923076923076923,0.3076923076923077,42.96153846153846,100.60769230769232,21.976923076923075,25.50769230769231,25.592307692307692,16.884615384615383,32.98461538461539,1.5923076923076922,15.792307692307693,19.384615384615383,13.723076923076924,1.1923076923076923,1.2384615384615385,2.253846153846154,3.723076923076923,50.93846153846154,26.73076923076923,15.261538461538462,0.26153846153846155,0.0,1.0,0.6923076923076923
CLE,m5,0.4117647058823529,0.5882352941176471,41.04705882352941,89.73529411764706,20.423529411764704,24.16470588235294,23.96470588235294,15.86470588235294,32.00588235294118,1.5588235294117647,13.494117647058824,17.394117647058824,12.047058823529412,1.2529411764705882,0.7705882352941176,2.4058823529411764,3.123529411764706,46.28823529411765,25.376470588235293,-10.123529411764705,0.23529411764705882,0.0,1.0,0.4117647058823529
CLE,m6,0.5,0.5,74.95833333333333,155.54999999999998,35.25833333333333,39.891666666666666,41.525,24.575,60.666666666666664,5.566666666666666,25.15833333333333,31.916666666666668,19.099999999999998,5.441666666666666,3.483333333333333,9.041666666666666,12.741666666666667,78.99166666666666,42.791666666666664,-21.741666666666664,0.6583333333333333,0.016666666666666666,1.8333333333333333,0.5
CLE,m7,0.2857142857142857,0.7142857142857143,115.60000000000001,239.55714285714288,58.94285714285714,67.3,69.42857142857143,43.25714285714286,93.94285714285715,11.200000000000001,38.471428571428575,47.92857142857143,26.414285714285715,7.857142857142857,6.328571428571428,12.828571428571427,23.87142857142857,129.07142857142858,70.38571428571429,-28.25714285714286,0.6857142857142858,0.0,3.0,0.2857142857142857
DAL,m0,38.0,44.0,122.04024390243902,255.52195121951218,59.7,71.0,72.1,46.6,94.8,9.573170731707316,39.150000000000006,48.72317073170732,28.796341463414635,7.873170731707317,4.65609756097561,14.658536585365853,25.992682926829268,143.45975609756098,75.2,0.5975609756097561,0.8573170731707317,0.16829268292682928,,0.4634146341463415
DAL,m1,0.6470588235294118,0.35294117647058826,28.670588235294115,62.04705882352941,13.511764705882353,16.00588235294118,15.911764705882353,8.429411764705883,21.576470588235296,0.8176470588235294,5.370588235294117,11.335294117647058,2.0588235294117645,0.4764705882352941,0.33529411764705885,0.9058823529411765,1.5176470588235293,34.30588235294118,16.88823529411765,0.7999999999999999,0.07647058823529412,0.011764705882352941,1.0,0.6470588235294118
DAL,m2,0.5,0.5,28.65,63.125,13.1375,15.91875,16.34375,7.31875,22.2,0.8875,4.49375,11.63125,2.5625,0.63125,0.375,0.95625,1.53125,34.08125,16.84375,1.8562500000000002,0.1,0.025,1.0,0.5
DAL,m3,0.4666666666666667,0.5333333333333333,28.38,60.526666666666664,13.813333333333333,16.066666666666666,15.993333333333334,8.866666666666667,21.206666666666667,0.7799999999999999,4.08,9.626666666666667,3.06,0.5,0.36666666666666664,1.0533333333333335,1.74,33.38,17.02,-7.219999999999999,0.07333333333333333,0.020000000000000004,1.0,0.4666666666666667
DAL,m4,0.7272727272727273,0.2727272727272727,28.99090909090909,66.04545454545455,14.581818181818182,17.009090909090908,16.981818181818184,10.872727272727273,21.254545454545454,0.7090909090909091,7.654545454545455,13.02727272727273,2.127272727272727,0.6545454545454545,0.4636363636363636,1.0,1.3636363636363635,34.945454545454545,17.745454545454546,12.136363636363637,0.09090909090909091,0.018181818181818184,1.0,0.7272727272727273
DAL,m5,0.7333333333333333,0.26666666666666666,28.10666666666667,64.92666666666666,14.26,16.393333333333334,16.84,7.1466666666666665,21.466666666666665,0.7533333333333334,7.006666666666666,12.793333333333333,2.2333333333333334,0.5866666666666667,0.46,0.92,1.4400000000000002,33.846666666666664,17.21333333333333,8.826666666666666,0.12000000000000001,0.05333333333333334,1.0,0.7333333333333333
DAL,m6,0.5833333333333334,0.4166666666666667,33.68333333333333,72.79166666666667,15.233333333333334,18.341666666666665,19.066666666666666,9.616666666666665,26.616666666666664,1.4000000000000001,9.733333333333333,15.558333333333332,4.266666666666667,1.0083333333333333,0.9,1.6916666666666667,3.258333333333333,37.291666666666664,19.566666666666666,-0.9499999999999996,0.10000000000000002,0.03333333333333333,1.6666666666666667,0.5833333333333334
DAL,m7,0.6111111111111112,0.3888888888888889,44.138888888888886,96.72777777777777,22.87222222222222,26.311111111111114,26.311111111111114,17.466666666666665,34.47222222222222,2.488888888888889,15.644444444444446,20.816666666666666,9.077777777777778,1.3777777777777778,1.1388888888888888,2.7777777777777777,6.233333333333333,51.455555555555556,27.677777777777777,7.405555555555556,0.25555555555555554,0.06666666666666668,3.0,0.6111111111111112
DEN,m0,34.5,16.5,137.89097560975608,314.8955487804878,71.55,81.15,81.0,54.2,112.05000000000001,14.486463414634146,48.795121951219514,63.28158536585365,39.00536585365853,10.285426829268292,6.223292682926829,17.234756097560975,27.281768292682926,164.6676829268293,85.8,44.104512195121956,1.988719512195122,0.6821951219512195,,0.6764705882352942
DEN,m1,0.6842105263157895,0.3157894736842105,165.4105263157895,383.0578947368421,84.43684210526315,95.8578947368421,96.36315789473684,63.31578947368421,120.98947368421054,19.673684210526318,56.46315789473684,76.13684210526316,50.41578947368421,13.052631578947368,11.68421052631579,21.13157894736842,32.6578947368421,195.66315789473683,99.61578947368422,37.89473684210526,4.636842105263159,1.068421052631579,1.0,0.6842105263157895
DEN,m2,0.6666666666666666,0.3333333333333333,166.00666666666666,396.23333333333335,83.77333333333333,95.28,92.87333333333332,66.76666666666667,130.51333333333335,19.706666666666667,57.92666666666666,76.88666666666667,51.63333333333333,13.639999999999999,12.78,18.273333333333333,32.0,199.96,100.30666666666666,49.13333333333333,3.506666666666667,0.7733333333333333,1.0,0.6666666666666666
DEN,m3,0.6666666666666666,0.3333333333333333,162.40666666666667,368.9933333333333,86.44666666666667,96.77333333333333,99.84666666666666,59.89333333333333,133.38,17.686666666666667,56.20666666666667,73.25333333333333,45.019999999999996,12.346666666666666,11.56,20.333333333333332,31.993333333333332,194.6,102.4,13.139999999999997,3.3133333333333335,0.58,1.0,0.6666666666666666
DEN,m4,0.7272727272727273,0.2727272727272727,165.3272727272727,390.4636363636364,82.77272727272727,93.9909090909091,95.33636363636364,60.945454545454545,139.5,20.354545454545455,58.43636363636363,78.21818181818182,52.209090909090904,14.172727272727274,12.19090909090909,22.445454545454545,29.44545454545454,193.37272727272727,99.26363636363637,44.40909090909091,4.263636363636365,1.3181818181818181,1.0,0.7272727272727273
DEN,m5,0.7333333333333333,0.26666666666666666,163.20666666666665,390.34666666666664,87.38000000000001,98.72666666666667,96.65333333333334,67.21333333333334,134.34,17.78666666666667,58.05333333333333,75.41333333333334,52.32666666666667,14.233333333333333,10.96,19.533333333333335,29.253333333333334,197.67999999999998,103.42666666666668,61.126666666666665,3.8933333333333335,0.7733333333333333,1.0,0.7333333333333333
DEN,m6,0.75,0.25,139.98333333333332,331.3,70.79166666666667,80.91666666666667,82.15833333333333,51.775,110.08333333333333,14.875,51.64166666666666,66.39166666666667,43.050000000000004,11.458333333333334,9.941666666666666,16.391666666666666,24.59166666666667,165.30833333333334,84.29166666666667,57.65,3.108333333333333,0.6666666666666666,1.8333333333333333,0.75
DEN,m7,0.42857142857142855,0.5714285714285714,93.98571428571428,200.44285714285712,47.74285714285714,54.82857142857143,53.32857142857143,38.385714285714286,84.91428571428571,9.614285714285714,32.52857142857143,41.971428571428575,24.142857142857142,6.985714285714286,5.5,12.442857142857141,20.071428571428573,102.34285714285714,58.07142857142857,-26.97142857142857,0.7857142857142857,0.0,3.0,0.42857142857142855
DET,m0,17.0,65.0,124.44146341463416,254.60000000000002,57.0,65.3,64.8,44.1,96.8,14.03048780487805,39.27317073170732,53.30365853658536,28.857317073170734,8.791463414634146,4.717073170731707,18.212195121951222,27.76951219512195,138.54268292682926,70.5,-51.61829268292683,1.0414634146341464,0.0,,0.2073170731707317
DET,m1,0.10526315789473684,0.8947368421052632,101.60526315789474,214.29473684210527,47.16842105263158,53.28421052631579,52.752631578947366,36.1578947368421,82.43157894736842,12.736842105263158,33.45789473684211,46.16842105263158,26.978947368421053,6.11578947368421,5.915789473684211,16.942105263157895,24.19473684210526,111.64736842105265,56.95263157894736,-45.6,1.0157894736842106,0.0,1.0,0.10526315789473684
DET,m2,0.07692307692307693,0.9230769230769231,103.05384615384615,208.27692307692308,48.16923076923077,53.57692307692308,56.70769230769231,31.96153846153846,78.8076923076923,9.938461538461537,32.07692307692308,41.94615384615384,24.63076923076923,6.8307692307692305,4.484615384615385,14.669230769230769,22.1,113.41538461538462,57.646153846153844,-70.54615384615384,0.9538461538461539,0.0,1.0,0.07692307692307693
DET,m3,0.2,0.8,102.33333333333333,222.36666666666667,49.88666666666666,57.093333333333334,55.65333333333333,40.11333333333334,75.76666666666667,10.573333333333332,33.080000000000005,43.626666666666665,28.666666666666668,5.666666666666667,4.9,13.6,20.446666666666665,119.83999999999999,60.04,-35.0,0.8133333333333332,0.0,1.0,0.2
DET,m4,0.2727272727272727,0.7272727272727273,101.44545454545455,217.4818181818182,48.63636363636363,56.17272727272727,53.6,40.54545454545455,78.39999999999999,11.354545454545455,33.90909090909091,45.21818181818182,27.236363636363638,6.581818181818182,4.827272727272727,15.1,21.4,115.05454545454545,58.98181818181818,-22.681818181818183,1.0272727272727273,0.0,1.0,0.2727272727272727
DET,m5,0.25,0.75,100.09375,203.7125,44.0375,49.9375,53.56875,29.962500000000002,85.81875,10.0125,35.975,45.925,23.89375,7.3125,4.03125,14.706249999999999,19.61875,105.20625,54.856249999999996,-49.99375,1.0875,0.0,1.0,0.25
DET,m6,0.125,0.875,99.1875,198.9875,45.85,52.5375,51.675,35.6125,74.4625,8.375,30.700000000000003,38.975,22.925,8.7375,4.55,13.2875,14.6625,104.825,55.5625,-56.0625,0.875,0.0,1.0,0.125
GS,m0,25.0,22.5,145.37865853658536,320.26191369606005,66.4,78.4,79.0,51.75,110.65,16.785928705440902,49.382551594746715,66.17232645403377,41.55215759849906,10.357270168855536,6.21608818011257,20.95286116322702,32.03686679174484,166.3439024390244,82.5,4.917073170731707,0.8022983114446529,0.10975609756097561,,0.5263157894736842
GS,m1,0.47368421052631576,0.5263157894736842,129.05263157894737,285.33684210526314,59.01578947368421,69.61578947368422,67.4578947368421,47.66842105263158,102.3,17.189473684210526,43.89473684210526,60.6578947368421,36.17894736842105,10.663157894736841,5.942105263157895,19.3,28.77894736842105,149.22105263157894,74.76842105263158,2.826315789473685,0.6263157894736843,0.0,1.0,0.47368421052631576
GS,m2,0.46153846153846156,0.5384615384615384,129.53076923076924,291.84615384615387,60.75384615384615,70.98461538461538,71.12307692307692,47.45384615384615,105.46923076923076,18.176923076923075,44.400000000000006,62.400000000000006,36.92307692307692,9.346153846153847,5.584615384615384,18.592307692307692,25.784615384615385,155.16923076923078,75.8923076923077,3.5,1.4384615384615385,0.0,1.0,0.46153846153846156
GS,m3,0.4166666666666667,0.5833333333333334,130.04999999999998,294.02500000000003,65.55,76.46666666666667,75.55833333333332,52.15,102.74166666666667,13.858333333333334,41.291666666666664,54.5,37.958333333333336,9.316666666666668,7.708333333333333,16.358333333333334,25.441666666666666,159.98333333333332,80.00833333333334,-12.441666666666665,0.5666666666666667,0.0,1.0,0.4166666666666667
GS,m4,0.7857142857142857,0.21428571428571427,131.65714285714287,309.42857142857144,62.228571428571435,72.63571428571429,70.62142857142858,49.714285714285715,96.84285714285714,16.228571428571428,48.371428571428574,64.43571428571428,40.48571428571428,10.921428571428573,8.607142857142858,18.014285714285712,24.042857142857144,156.67857142857142,75.66428571428571,59.02857142857143,1.0928571428571427,0.0,1.0,0.7857142857142857
GS,m5,0.5625,0.4375,126.475,294.31875,62.3,71.74375,72.6875,46.94375,94.4625,16.1,44.99375,60.75625,38.4375,10.76875,7.9,16.31875,22.9125,147.9,74.38125,15.4125,1.16875,0.10625,1.0,0.5625
GS,m6,0.6666666666666666,0.3333333333333333,126.83333333333333,293.5444444444445,64.42222222222222,75.67777777777778,71.93333333333334,53.68888888888889,107.52222222222223,13.266666666666667,46.71111111111111,59.8111111111111,37.577777777777776,10.855555555555556,9.544444444444444,19.700000000000003,23.333333333333332,148.47777777777776,79.42222222222222,22.96666666666667,0.7555555555555555,0.0,1.2222222222222223,0.6666666666666666
HOU,m0,22.0,60.0,123.97073170731707,261.4390243902439,57.4,64.8,66.6,41.1,94.7,16.848780487804877,41.27926829268293,58.1280487804878,28.107317073170734,9.190243902439025,5.728048780487804,19.407317073170734,25.71707317073171,139.0939024390244,69.6,-49.33658536585366,1.0109756097560976,0.05731707317073171,,0.2682926829268293
HOU,m1,0.5,0.5,162.76875,356.51875,80.0125,91.875,92.53125,60.475,127.825,15.9625,57.35,72.975,44.48125,11.5875,10.38125,20.25625,37.6375,187.0375,97.15,30.58125,2.65625,0.0,1.0,0.5
HOU,m2,0.5,0.5,167.90714285714284,366.65714285714284,76.01428571428572,87.76428571428572,83.67142857142858,61.90714285714285,135.62857142857143,20.364285714285717,59.62857142857143,80.00714285714285,39.76428571428572,14.007142857142856,9.985714285714286,21.95,36.50714285714286,192.19285714285712,94.99285714285715,11.450000000000001,2.8285714285714287,0.0,1.0,0.5
HOU,m3,0.4117647058823529,0.5882352941176471,171.1529411764706,373.8764705882353,77.7764705882353,88.51176470588236,91.55882352941177,55.2235294117647,132.0705882352941,18.541176470588233,58.85294117647059,76.7235294117647,42.26470588235294,14.241176470588234,10.223529411764705,20.08235294117647,34.54705882352941,194.68235294117648,95.02352941176471,-14.535294117647053,4.011764705882353,0.16470588235294117,1.0,0.4117647058823529
HOU,m4,0.25,0.75,169.04166666666666,357.94166666666666,72.75,84.16666666666667,82.74166666666666,57.916666666666664,122.94166666666666,24.166666666666668,58.90833333333333,83.09166666666667,37.666666666666664,13.950000000000001,11.266666666666666,25.166666666666668,35.291666666666664,185.26666666666665,90.06666666666666,-46.4,4.016666666666667,0.2333333333333333,1.0,0.25
HOU,m5,0.8666666666666667,0.13333333333333333,165.98666666666668,387.8,80.08,93.31333333333333,92.09333333333333,62.306666666666665,130.27333333333334,20.453333333333333,56.11333333333334,76.59333333333333,42.74,15.293333333333333,10.2,17.926666666666666,31.726666666666667,202.32666666666668,98.35333333333332,79.12666666666668,3.2066666666666666,0.18666666666666665,1.0,0.8666666666666667
HOU,m6,0.375,0.625,167.1375,366.625,76.85,89.9375,91.4375,58.462500000000006,128.0125,19.3375,49.9875,68.7375,44.075,14.15,8.525,19.6125,33.95,195.475,95.9875,-28.4625,1.4,0.35,1.0,0.375
IND,m0,35.0,47.0,126.4219512195122,275.76707317073175,58.9,68.5,67.8,46.1,99.2,12.74390243902439,39.44146341463414,52.18536585365853,33.896341463414636,9.664634146341463,7.3219512195121945,17.721951219512196,26.667073170731705,146.0487804878049,73.0,-20.003658536585366,1.225609756097561,0.01951219512195122,,0.4268292682926829
IND,m1,0.5294117647058824,0.47058823529411764,40.27058823529412,91.91176470588235,19.53529411764706,22.58235294117647,23.029411764705884,13.664705882352942,30.78235294117647,1.4941176470588236,9.670588235294119,15.441176470588236,10.988235294117647,1.2352941176470589,0.9705882352941176,1.911764705882353,4.694117647058824,49.61764705882353,23.72941176470588,3.2705882352941176,0.19999999999999998,0.0,1.0,0.5294117647058824
IND,m2,0.5714285714285714,0.42857142857142855,39.19285714285714,91.38571428571429,20.114285714285717,23.37142857142857,23.07857142857143,15.200000000000001,30.842857142857145,1.5214285714285716,11.37857142857143,15.6,11.885714285714286,1.1,1.0714285714285714,2.085714285714286,4.342857142857143,48.50714285714286,24.5,2.6214285714285714,0.18571428571428572,0.014285714285714287,1.0,0.5714285714285714
IND,m3,0.5882352941176471,0.4117647058823529,39.09411764705882,90.43529411764706,19.45294117647059,21.923529411764704,22.370588235294118,13.170588235294119,30.27058823529412,1.7647058823529411,11.629411764705882,16.823529411764707,11.311764705882354,1.1705882352941175,0.711764705882353,1.9058823529411764,5.458823529411765,47.1764705882353,23.11176470588235,3.4823529411764707,0.17647058823529413,0.011764705882352941,1.0,0.5882352941176471
IND,m4,0.5833333333333334,0.4166666666666667,39.15833333333333,89.22500000000001,20.150000000000002,22.875,23.258333333333336,14.850000000000001,28.891666666666666,1.2416666666666667,11.525,15.016666666666666,11.158333333333333,1.3083333333333333,0.8250000000000001,1.8833333333333335,2.766666666666667,46.68333333333334,23.683333333333334,3.716666666666667,0.18333333333333335,0.0,1.0,0.5833333333333334
IND,m5,0.5333333333333333,0.4666666666666667,38.626666666666665,88.63333333333334,19.153333333333332,21.6,22.173333333333336,12.733333333333333,29.52,1.5066666666666668,12.953333333333335,16.779999999999998,9.293333333333333,1.12,0.9066666666666666,1.6400000000000001,3.546666666666667,45.81333333333334,22.720000000000002,6.346666666666667,0.20666666666666667,0.0,1.0,0.5333333333333333
IND,m6,0.6666666666666666,0.3333333333333333,75.05,176.5,38.00833333333333,43.925000000000004,45.48333333333333,27.675,56.05833333333334,7.55,25.34166666666667,33.99166666666667,23.891666666666666,3.6166666666666667,4.133333333333333,6.316666666666666,11.933333333333332,91.21666666666665,45.55833333333334,10.624999999999998,0.7000000000000001,0.15,1.8333333333333333,0.6666666666666666
IND,m7,0.4166666666666667,0.5833333333333334,124.875,290.02500000000003,69.79166666666667,78.76666666666667,79.20833333333333,51.458333333333336,105.05833333333334,14.283333333333333,40.43333333333333,53.78333333333333,40.00833333333333,9.85,7.966666666666666,16.925,28.666666666666668,153.08333333333334,81.55,12.766666666666667,1.4916666666666665,0.0,3.0,0.4166666666666667
LAC,m0,22.5,21.0,140.96780487804878,297.5537804878049,67.25,77.4,76.15,53.2,116.0,15.709999999999999,43.86,59.56939024390244,32.51304878048781,9.792073170731708,6.18780487804878,19.68121951219512,30.878414634146342,165.02170731707315,83.7,-24.38512195121951,1.478658536585366,0.00975609756097561,,0.5172413793103449
LAC,m1,0.4444444444444444,0.5555555555555556,40.88333333333333,91.00555555555555,19.52777777777778,22.36111111111111,22.144444444444446,14.894444444444446,32.233333333333334,1.9500000000000002,13.961111111111112,18.62222222222222,7.73888888888889,1.6,0.7888888888888889,2.238888888888889,5.405555555555555,47.08888888888889,23.87777777777778,7.066666666666666,0.10555555555555556,0.0,1.0,0.4444444444444444
LAC,m2,0.8461538461538461,0.15384615384615385,40.75384615384615,94.23076923076923,21.22307692307692,24.407692307692308,24.415384615384614,16.476923076923075,35.80769230769231,1.6846153846153844,13.907692307692308,17.96923076923077,9.430769230769231,1.0769230769230769,1.0846153846153845,2.1076923076923078,3.753846153846154,50.70769230769231,26.069230769230767,12.130769230769232,0.1846153846153846,0.0,1.0,0.8461538461538461
LAC,m3,0.8,0.2,39.96666666666667,95.86666666666666,21.373333333333335,24.7,23.506666666666668,17.86,34.693333333333335,1.7933333333333332,13.366666666666667,17.7,10.813333333333333,1.4133333333333333,0.9733333333333333,1.9266666666666665,3.646666666666667,50.54666666666667,26.173333333333336,21.546666666666667,0.15333333333333332,0.02666666666666667,1.0,0.8
LAC,m4,0.5454545454545454,0.45454545454545453,40.58181818181818,87.38181818181819,20.181818181818183,23.263636363636365,23.036363636363635,15.836363636363636,35.58181818181818,1.5454545454545454,13.118181818181819,16.827272727272728,7.618181818181818,1.309090909090909,0.5727272727272728,2.3272727272727276,2.909090909090909,47.872727272727275,25.1,-6.263636363636363,0.10909090909090909,0.0,1.0,0.5454545454545454
LAC,m5,0.5882352941176471,0.4117647058823529,38.76470588235294,88.7764705882353,20.694117647058825,23.852941176470587,23.858823529411765,15.694117647058825,34.864705882352936,1.535294117647059,13.276470588235293,16.947058823529414,8.794117647058824,1.223529411764706,1.0176470588235293,2.0058823529411764,2.9176470588235297,46.87647058823529,25.38823529411765,0.382352941176471,0.12352941176470589,0.011764705882352941,1.0,0.5882352941176471
LAC,m6,0.5,0.5,42.68333333333334,91.66666666666667,20.166666666666668,23.28333333333333,22.458333333333332,15.633333333333333,37.1,2.0833333333333335,15.550000000000002,20.225,7.125,1.5833333333333333,0.7833333333333333,2.5833333333333335,5.641666666666667,47.46666666666667,24.983333333333334,0.15000000000000036,0.20833333333333334,0.03333333333333333,1.6666666666666667,0.5
LAC,m7,0.0,1.0,44.650000000000006,90.69999999999999,19.9,22.549999999999997,24.4,12.95,41.1,3.75,15.1,22.6,8.0,1.0,0.25,2.8,8.95,48.7,25.35,-53.95,0.55,0.0,3.0,0.0
LAL,m0,26.0,23.5,143.750824964132,314.12256097560976,68.2,76.69999999999999,78.55000000000001,48.8,114.69999999999999,13.749928263988522,51.283751793400285,65.0336800573888,36.177116212338596,9.60807030129125,8.092180774748924,17.99017216642755,25.24508608321377,164.406456241033,82.75,12.288235294117648,1.9338593974175036,0.057926829268292686,,0.5252525252525253
LAL,m1,0.55,0.45,29.919999999999998,64.515,14.544999999999998,16.305,16.915,6.765000000000001,22.775,0.7150000000000001,8.39,12.709999999999999,3.05,0.65,0.5349999999999999,1.29,1.53,33.505,17.41,-3.755,0.14,0.005,1.0,0.55
LAL,m2,0.42857142857142855,0.5714285714285714,29.764285714285712,67.16428571428571,14.264285714285714,16.235714285714288,15.885714285714286,8.2,23.164285714285715,0.7999999999999999,6.492857142857142,12.814285714285715,4.214285714285714,0.7285714285714285,0.4571428571428572,1.0285714285714287,1.4642857142857142,34.55,17.214285714285715,0.9214285714285714,0.12142857142857144,0.0071428571428571435,1.0,0.42857142857142855
LAL,m3,0.4666666666666667,0.5333333333333333,30.673333333333336,67.3,15.106666666666666,17.14,17.206666666666667,10.206666666666667,22.59333333333333,0.6799999999999999,6.613333333333333,11.806666666666667,3.5799999999999996,0.74,0.4533333333333333,1.32,1.4066666666666667,35.82666666666667,18.09333333333333,-5.506666666666666,0.12000000000000001,0.013333333333333334,1.0,0.4666666666666667
LAL,m4,0.75,0.25,29.71666666666667,68.99166666666666,15.225,17.258333333333333,16.75,10.0,22.858333333333334,0.6583333333333333,6.95,11.783333333333333,3.875,0.5916666666666667,0.5750000000000001,0.9166666666666666,1.2583333333333333,36.025,18.150000000000002,4.133333333333334,0.125,0.008333333333333333,1.0,0.75
LAL,m5,0.6428571428571429,0.35714285714285715,29.978571428571428,66.65,15.035714285714286,17.40714285714286,16.864285714285714,11.421428571428573,23.7,0.7142857142857143,9.035714285714286,13.200000000000001,3.085714285714286,0.4571428571428572,0.4642857142857143,1.2214285714285715,1.2285714285714284,35.6,18.442857142857143,2.942857142857143,0.20714285714285713,0.014285714285714287,1.0,0.6428571428571429
LAL,m6,0.5384615384615384,0.46153846153846156,75.95384615384616,164.6076923076923,38.176923076923075,42.823076923076925,44.96923076923077,25.153846153846153,62.13076923076923,5.553846153846154,24.23846153846154,32.246153846153845,17.23846153846154,5.223076923076923,4.092307692307693,7.2153846153846155,10.584615384615384,86.53846153846153,45.73846153846154,-0.1846153846153848,1.2076923076923078,0.007692307692307693,1.9230769230769231,0.5384615384615384
MEM,m0,26.5,17.5,144.35569105691056,306.99227642276423,62.45,71.6,71.94999999999999,47.35,113.75,18.241463414634147,48.72886178861789,66.97032520325203,35.25955284552846,10.607926829268292,6.45589430894309,18.651626016260163,29.19959349593496,158.25589430894308,76.65,-18.023373983739837,1.8453252032520324,0.06097560975609756,,0.6022727272727273
MEM,m1,0.23529411764705882,0.7647058823529411,118.51176470588236,247.33529411764704,51.129411764705885,59.83529411764706,60.288235294117655,38.86470588235294,91.84117647058824,13.288235294117648,37.54705882352941,50.44117647058823,28.976470588235294,10.147058823529411,8.447058823529412,16.16470588235294,25.264705882352942,126.50588235294117,63.711764705882345,-42.62352941176471,0.5764705882352941,0.0,1.0,0.23529411764705882
MEM,m2,0.4,0.6,119.58,248.62666666666667,53.593333333333334,62.3,62.78666666666666,40.82,92.57333333333332,11.313333333333333,39.193333333333335,49.74,28.52,9.860000000000001,9.1,17.166666666666668,23.986666666666668,129.48,66.61333333333333,-42.24,0.4666666666666667,0.0,1.0,0.4
MEM,m3,0.5333333333333333,0.4666666666666667,116.65333333333334,257.5466666666667,53.306666666666665,63.64,60.54,44.68666666666666,91.24,13.379999999999999,38.7,51.580000000000005,32.02,10.906666666666666,7.96,16.720000000000002,22.4,130.75333333333333,67.87333333333333,-5.113333333333332,0.6599999999999999,0.0,1.0,0.5333333333333333
MEM,m4,0.16666666666666666,0.8333333333333334,114.98333333333333,242.70833333333334,52.60833333333333,61.69166666666666,61.01666666666667,42.208333333333336,87.34166666666665,12.299999999999999,36.416666666666664,47.9,31.53333333333333,10.533333333333333,7.558333333333334,16.8,21.099999999999998,122.3,65.0,-65.88333333333334,0.3499999999999999,0.0,1.0,0.16666666666666666
MEM,m5,0.26666666666666666,0.7333333333333333,117.32,248.18666666666667,50.373333333333335,59.519999999999996,56.733333333333334,41.8,91.51333333333334,15.4,37.67333333333333,52.7,28.686666666666667,11.213333333333333,8.766666666666667,19.44,21.84,124.44,64.10666666666667,-66.68666666666667,0.5666666666666667,0.0,1.0,0.26666666666666666
MEM,m6,0.375,0.625,115.0375,255.0625,51.9375,58.75,57.575,39.275,96.1125,17.55,37.7,55.25,27.1375,12.3,7.525,16.0375,21.1375,125.95,62.6625,-26.2,1.2374999999999998,0.0,1.0,0.375
MIA,m0,29.0,24.5,136.97990243902439,291.1856341463415,65.8,76.0,74.85,52.05,118.4,13.488341463414635,44.94478048780488,58.43312195121951,33.938560975609754,10.690463414634145,4.712975609756097,16.902292682926827,27.852365853658537,156.25260975609757,81.85,4.540463414634146,1.0525853658536586,0.07151219512195123,,0.5420560747663551
MIA,m1,0.5789473684210527,0.42105263157894735,34.305263157894736,74.93684210526315,16.647368421052633,19.23157894736842,18.57894736842105,12.984210526315788,29.542105263157893,1.2052631578947368,10.647368421052633,14.647368421052633,5.157894736842105,1.063157894736842,0.4105263157894737,1.5578947368421054,2.326315789473684,39.747368421052634,20.75263157894737,3.021052631578947,0.08947368421052633,0.005263157894736842,1.0,0.5789473684210527
MIA,m2,0.6153846153846154,0.38461538461538464,34.315384615384616,74.57692307692308,16.838461538461537,19.546153846153846,18.492307692307694,14.3,28.46153846153846,1.2,10.669230769230769,14.353846153846153,4.938461538461539,0.8,0.4230769230769231,1.6384615384615384,2.4153846153846152,40.63076923076923,21.138461538461538,1.6846153846153844,0.0923076923076923,0.0,1.0,0.6153846153846154
MIA,m3,0.375,0.625,33.5875,71.14375,15.6,18.0375,17.525,11.5125,28.90625,1.2,9.99375,14.675,4.56875,0.8625,0.44375000000000003,1.50625,2.15625,37.09375,19.575,-11.79375,0.08750000000000001,0.0,1.0,0.375
MIA,m4,0.7272727272727273,0.2727272727272727,34.054545454545455,75.56363636363636,16.8,19.2,19.463636363636365,10.9,28.62727272727273,1.2545454545454546,11.80909090909091,15.845454545454546,5.827272727272727,1.0545454545454545,0.4090909090909091,1.5727272727272728,2.0727272727272728,38.91818181818182,20.427272727272726,14.118181818181819,0.08181818181818182,0.018181818181818184,1.0,0.7272727272727273
MIA,m5,0.5333333333333333,0.4666666666666667,33.193333333333335,74.72666666666667,16.46,18.926666666666666,19.013333333333332,11.073333333333332,27.673333333333336,1.0666666666666667,10.633333333333333,14.846666666666666,5.206666666666666,1.04,0.5,1.1466666666666667,1.9,38.233333333333334,20.12,7.1,0.08,0.0,1.0,0.5333333333333333
MIA,m6,0.5,0.5,68.65714285714286,144.90714285714287,33.77142857142857,39.885714285714286,38.01428571428572,27.185714285714287,62.66428571428571,5.678571428571429,24.485714285714288,31.185714285714287,15.700000000000001,4.2214285714285715,2.192857142857143,7.635714285714286,9.964285714285714,76.46428571428571,42.43571428571429,-5.585714285714286,0.6214285714285713,0.0,1.8571428571428572,0.5
MIA,m7,0.0,1.0,119.2,191.2,52.5,55.4,72.1,13.1,114.1,3.2,34.2,36.8,25.4,6.4,0.0,9.6,21.6,106.5,58.2,-215.6,0.0,0.0,3.0,0.0
MIL,m0,29.5,14.0,147.43646341463415,316.910487804878,68.2,80.15,79.8,53.8,104.19999999999999,15.27,51.26207317073171,66.5320731707317,37.91756097560976,9.340243902439024,6.006585365853658,20.217926829268293,26.582073170731707,169.72780487804877,83.75,-9.659024390243902,2.056829268292683,0.3179268292682927,,0.6781609195402298
MIL,m1,0.6842105263157895,0.3157894736842105,155.23684210526315,340.90526315789475,75.10000000000001,87.2578947368421,88.3,56.6,118.45263157894736,15.157894736842104,53.05789473684211,67.17894736842106,37.78947368421053,12.9,10.857894736842105,20.757894736842104,30.342105263157894,184.8842105263158,92.67368421052632,19.92105263157895,2.2526315789473683,0.0,1.0,0.6842105263157895
MIL,m2,0.8461538461538461,0.15384615384615385,158.2,367.9692307692308,79.73076923076923,92.89230769230768,92.76153846153846,61.46153846153846,121.67692307692307,16.776923076923076,53.45384615384615,69.86923076923077,43.9076923076923,11.738461538461538,11.053846153846154,19.846153846153847,31.376923076923074,201.66153846153844,98.16923076923078,84.96153846153847,3.4615384615384617,0.3692307692307692,1.0,0.8461538461538461
MIL,m3,0.5,0.5,156.00625,347.025,74.7125,86.49375,88.4375,56.01875,118.75625,14.41875,54.1625,67.88125,41.60625,12.25625,10.59375,17.63125,31.81875,186.6625,91.7125,-1.6500000000000012,3.25625,0.75,1.0,0.5
MIL,m4,0.5833333333333334,0.4166666666666667,148.63333333333333,337.8666666666667,74.05,87.30833333333334,87.16666666666667,58.333333333333336,114.05,13.975,53.449999999999996,66.72500000000001,42.05833333333333,13.975,9.525,18.099999999999998,27.59166666666667,172.83333333333334,90.825,41.550000000000004,2.766666666666667,0.0,1.0,0.5833333333333334
MIL,m5,0.5714285714285714,0.42857142857142855,150.74285714285716,330.87142857142857,73.34285714285714,86.06428571428572,86.3,56.84285714285714,119.27142857142857,15.271428571428572,53.92857142857143,67.51428571428572,40.43571428571429,10.62857142857143,9.585714285714285,17.978571428571428,28.057142857142857,176.17857142857142,91.08571428571429,4.721428571428575,3.0500000000000003,0.5142857142857142,1.0,0.5714285714285714
MIL,m6,0.3076923076923077,0.6923076923076923,116.75384615384615,255.6076923076923,57.02307692307692,66.11538461538461,67.23846153846154,42.88461538461539,95.61538461538461,11.992307692307692,41.0923076923077,53.73846153846154,30.50769230769231,8.653846153846153,7.869230769230769,15.161538461538461,20.46153846153846,132.07692307692307,70.1923076923077,-25.146153846153847,1.830769230769231,0.1846153846153846,1.7692307692307692,0.3076923076923077
MIL,m7,0.0,1.0,68.1,125.1,31.0,33.6,36.7,19.0,48.2,11.0,18.4,29.4,13.9,2.2,0.0,6.5,13.2,71.9,37.1,-80.7,0.5,0.0,3.0,0.0
MIN,m0,22.0,22.5,142.51106271777002,303.80897212543556,68.3,78.5,78.6,52.3,111.44999999999999,12.10740418118467,46.62073170731708,58.7287456445993,36.34172473867596,11.631707317073172,8.37918118466899,20.632317073170732,30.790243902439023,159.4317944250871,83.9,-14.548257839721254,1.9751742160278745,0.028658536585365855,,0.4943820224719101
MIN,m1,0.7777777777777778,0.2222222222222222,102.87777777777778,228.3777777777778,50.544444444444444,57.638888888888886,57.449999999999996,38.53333333333333,80.85,9.983333333333333,37.45,47.26111111111111,26.483333333333334,8.277777777777779,7.072222222222222,14.983333333333333,20.383333333333333,117.33333333333333,61.59444444444445,36.59444444444445,1.588888888888889,0.0,1.0,0.7777777777777778
MIN,m2,0.7692307692307693,0.23076923076923078,102.03846153846153,227.43846153846152,51.43076923076923,59.43846153846153,57.63076923076923,41.853846153846156,85.54615384615384,10.223076923076924,35.13846153846154,45.16153846153846,27.823076923076922,8.107692307692307,6.138461538461538,15.915384615384616,20.346153846153847,119.77692307692307,63.7,22.49230769230769,1.1846153846153848,0.0,1.0,0.7692307692307693
MIN,m3,0.5882352941176471,0.4117647058823529,100.03529411764706,225.91176470588235,52.38823529411765,60.51176470588236,57.87647058823529,43.523529411764706,77.71176470588235,8.964705882352941,35.65882352941177,44.311764705882354,28.529411764705884,7.888235294117647,5.541176470588235,13.829411764705881,20.22941176470588,117.89999999999999,63.44117647058823,33.80588235294118,1.3588235294117648,0.0,1.0,0.5882352941176471
MIN,m4,0.7272727272727273,0.2727272727272727,102.12727272727274,237.56363636363633,49.93636363636363,58.38181818181818,56.57272727272727,40.199999999999996,84.85454545454546,10.463636363636363,37.40909090909091,47.77272727272727,27.55454545454546,8.563636363636363,7.745454545454546,13.427272727272726,19.572727272727274,120.73636363636363,62.06363636363637,64.11818181818182,1.3,0.0,1.0,0.7272727272727273
MIN,m5,0.6,0.4,99.16666666666667,228.98666666666668,49.406666666666666,57.1,56.526666666666664,38.14666666666667,77.83999999999999,10.76,33.93333333333333,44.53333333333333,28.293333333333333,8.693333333333333,6.493333333333334,11.353333333333333,18.040000000000003,115.09333333333333,59.913333333333334,21.933333333333334,1.0266666666666668,0.0,1.0,0.6
MIN,m6,0.75,0.25,103.96666666666665,241.4416666666667,52.55833333333334,60.74166666666667,60.24166666666667,41.15,87.575,11.908333333333333,35.583333333333336,47.35,28.816666666666666,10.233333333333333,5.941666666666666,14.683333333333332,22.099999999999998,125.21666666666665,65.33333333333333,46.03333333333333,1.1916666666666667,0.0,1.6666666666666667,0.75
MIN,m7,0.4166666666666667,0.5833333333333334,105.20833333333333,235.41666666666666,54.03333333333333,62.025,62.025,41.63333333333333,84.66666666666667,11.541666666666666,36.699999999999996,47.824999999999996,27.591666666666665,9.108333333333333,6.808333333333334,13.0,22.849999999999998,120.75,65.95,3.3833333333333315,1.6083333333333334,0.0,3.0,0.4166666666666667
NO,m0,21.0,20.5,139.2768292682927,316.7207317073171,69.3,77.0,79.25,48.85,117.25,17.982317073170734,48.358536585365854,66.34024390243903,38.15121951219512,11.765243902439025,7.83109756097561,17.69939024390244,31.50121951219512,167.4719512195122,84.35,-14.329878048780488,1.805487804878049,0.01951219512195122,,0.5060240963855421
NO,m1,0.5263157894736842,0.47368421052631576,63.88421052631579,139.68421052631578,30.568421052631578,34.54736842105263,34.805263157894736,23.021052631578947,46.95789473684211,4.747368421052632,21.589473684210525,28.605263157894736,16.726315789473684,3.573684210526316,1.7842105263157895,6.868421052631579,12.810526315789474,72.70526315789475,36.77894736842105,1.3368421052631576,0.23157894736842108,0.0,1.0,0.5263157894736842
NO,m2,0.6428571428571429,0.35714285714285715,63.24285714285714,145.15714285714287,31.67142857142857,36.035714285714285,35.535714285714285,24.435714285714287,50.885714285714286,4.357142857142857,21.157142857142855,27.964285714285715,16.942857142857143,3.542857142857143,2.064285714285714,5.307142857142857,12.107142857142858,76.55,38.642857142857146,20.878571428571426,0.4,0.0,1.0,0.6428571428571429
NO,m3,0.5333333333333333,0.4666666666666667,61.70666666666667,144.52666666666667,31.71333333333333,36.65333333333333,35.82,25.30666666666667,48.94666666666667,5.086666666666667,21.926666666666666,29.053333333333335,17.6,2.96,2.086666666666667,6.113333333333333,10.44,75.42666666666668,38.733333333333334,16.24,0.32000000000000006,0.02666666666666667,1.0,0.5333333333333333
NO,m4,0.6666666666666666,0.3333333333333333,62.06666666666666,144.57500000000002,31.05,35.56666666666667,35.225,23.525000000000002,49.39166666666666,5.183333333333334,20.891666666666666,27.941666666666666,17.941666666666666,4.116666666666666,2.2416666666666667,5.716666666666666,10.583333333333334,73.18333333333334,37.416666666666664,19.933333333333334,0.23333333333333336,0.0,1.0,0.6666666666666666
NO,m5,0.7142857142857143,0.2857142857142857,60.65714285714286,140.97857142857143,31.328571428571426,35.84285714285714,35.6,23.75714285714286,49.84285714285714,3.942857142857143,22.935714285714287,28.671428571428574,17.307142857142857,3.292857142857143,1.8857142857142857,5.171428571428572,9.607142857142858,71.71428571428571,37.971428571428575,26.778571428571432,0.2,0.0,1.0,0.7142857142857143
NO,m6,0.35714285714285715,0.6428571428571429,79.03571428571429,167.75,37.50714285714286,42.83571428571429,42.44285714285714,28.62857142857143,67.94285714285715,7.535714285714286,27.22142857142857,35.878571428571426,20.37142857142857,6.114285714285714,2.935714285714286,10.964285714285714,15.092857142857143,85.47142857142856,45.785714285714285,-24.292857142857144,0.5071428571428571,0.0,1.8571428571428572,0.35714285714285715
NY,m0,26.5,20.0,135.04262749445675,291.11236141906875,64.6,73.75,77.15,45.9,108.25,18.359368070953437,47.67161862527716,66.03159645232816,29.575443458980043,9.70870288248337,6.212749445676275,18.325554323725054,28.527328159645233,153.98614190687363,79.75,10.509589800443461,1.272339246119734,0.0,,0.5698924731182796
NY,m1,0.6111111111111112,0.3888888888888889,114.57777777777778,253.35000000000002,53.37222222222223,62.22222222222222,59.03888888888889,44.672222222222224,89.62222222222222,16.549999999999997,39.922222222222224,56.394444444444446,27.3,10.627777777777778,4.2444444444444445,14.811111111111112,21.094444444444445,132.97777777777776,66.44444444444444,30.09444444444445,1.0222222222222221,0.0,1.0,0.6111111111111112
NY,m2,0.42857142857142855,0.5714285714285714,120.0,263.3357142857143,59.68571428571429,68.0,67.35714285714286,45.471428571428575,97.56428571428572,13.535714285714286,38.08571428571429,51.449999999999996,30.014285714285712,9.37142857142857,5.471428571428571,15.62142857142857,23.928571428571427,146.46428571428572,72.74285714285715,-18.928571428571427,0.9071428571428571,0.0,1.0,0.42857142857142855
NY,m3,0.875,0.125,113.80625,268.45,57.7125,67.49375,67.65625,44.8875,99.10625,14.8875,43.26875,57.95,30.325,9.775,7.1375,15.6625,21.625,138.9875,71.8,92.55,0.9874999999999999,0.175,1.0,0.875
NY,m4,0.3333333333333333,0.6666666666666666,111.51666666666667,243.42499999999998,52.99166666666667,61.300000000000004,60.89166666666667,41.0,94.625,17.941666666666666,35.80833333333333,53.475,26.8,8.858333333333333,5.658333333333334,14.283333333333333,19.383333333333333,127.91666666666667,65.325,-37.13333333333333,1.7833333333333332,0.11666666666666665,1.0,0.3333333333333333
NY,m5,0.6428571428571429,0.35714285714285715,110.81428571428572,260.74285714285713,55.17857142857143,64.54285714285714,65.10714285714286,42.728571428571435,90.66428571428571,15.728571428571428,39.80714285714286,55.478571428571435,31.12857142857143,10.464285714285714,7.042857142857143,14.171428571428573,20.75714285714286,130.54285714285714,67.64285714285714,54.6,1.0142857142857142,0.39999999999999997,1.0,0.6428571428571429
NY,m6,0.6923076923076923,0.3076923076923077,91.1846153846154,207.26153846153846,46.94615384615384,54.0,51.73076923076923,39.05384615384615,74.76923076923077,10.653846153846153,28.807692307692307,39.86923076923077,24.43846153846154,7.415384615384616,4.2615384615384615,10.53076923076923,16.976923076923075,110.3153846153846,57.34615384615385,13.692307692307692,1.1307692307692307,0.0,1.7692307692307692,0.6923076923076923
NY,m7,0.5,0.5,56.475,128.1875,28.650000000000002,32.987500000000004,31.0125,24.725,48.074999999999996,6.35,17.3125,25.65,14.3625,2.3,1.675,3.8625,9.125,69.3,35.4625,-10.100000000000001,0.35000000000000003,0.0,3.0,0.5
OKC,m0,20.5,21.5,142.4512195121951,303.57317073170736,62.349999999999994,71.85,72.3,47.650000000000006,122.55,17.278048780487804,42.556707317073176,59.83475609756097,33.15731707317073,11.652439024390244,7.061585365853659,17.544512195121953,28.987804878048784,162.12439024390244,79.1,-37.11707317073171,1.025,0.048170731707317074,,0.4880952380952381
OKC,m1,0.6666666666666666,0.3333333333333333,165.76666666666668,370.6722222222222,82.58333333333333,94.83333333333333,92.33888888888889,66.26111111111112,142.57222222222222,15.444444444444445,55.644444444444446,68.77777777777777,42.71666666666667,14.655555555555557,12.488888888888889,21.049999999999997,33.27777777777778,198.66666666666666,101.91111111111111,70.72222222222223,1.5444444444444443,0.0,1.0,0.6666666666666666
OKC,m2,0.7692307692307693,0.23076923076923078,167.96153846153845,390.7923076923077,84.10769230769232,96.27692307692307,96.41538461538462,62.69230769230769,141.40769230769232,15.976923076923079,53.37692307692308,67.58461538461539,44.66923076923077,15.784615384615385,13.86923076923077,17.623076923076926,33.65384615384615,206.22307692307692,102.51538461538462,72.1,1.5076923076923074,0.0,1.0,0.7692307692307693
OKC,m3,0.6470588235294118,0.35294117647058826,162.97058823529412,381.2529411764706,83.8529411764706,95.81764705882354,95.95294117647059,63.63529411764706,132.9470588235294,16.694117647058825,54.129411764705885,70.18823529411765,47.2764705882353,14.729411764705883,13.088235294117647,19.48235294117647,31.7235294117647,197.8235294117647,101.0764705882353,52.17058823529412,1.4823529411764707,0.16470588235294117,1.0,0.6470588235294118
OKC,m4,0.7272727272727273,0.2727272727272727,169.0,393.77272727272725,84.86363636363636,98.72727272727273,94.35454545454546,71.58181818181818,139.42727272727274,15.118181818181819,56.88181818181818,70.8,45.53636363636363,15.20909090909091,13.609090909090908,19.05454545454546,29.80909090909091,207.55454545454543,104.36363636363636,70.34545454545456,1.2727272727272727,0.0,1.0,0.7272727272727273
OKC,m5,0.7333333333333333,0.26666666666666666,164.48666666666668,376.8066666666666,82.28666666666666,94.64666666666668,95.47333333333333,62.18,135.23999999999998,16.06,55.019999999999996,71.10666666666667,44.266666666666666,16.386666666666667,11.84,20.113333333333333,30.506666666666668,194.92000000000002,99.52,44.18,1.6733333333333331,0.18666666666666665,1.0,0.7333333333333333
OKC,m6,0.75,0.25,135.225,308.575,66.23333333333333,76.00833333333334,76.44166666666666,49.36666666666667,109.91666666666667,11.841666666666667,47.88333333333333,59.208333333333336,37.458333333333336,13.424999999999999,10.725000000000001,17.716666666666665,21.308333333333334,156.375,80.83333333333333,62.63333333333333,1.025,0.2333333333333333,1.6666666666666667,0.75
OKC,m7,0.3333333333333333,0.6666666666666666,70.45,158.16666666666666,33.6,38.416666666666664,39.083333333333336,25.100000000000005,62.88333333333333,5.883333333333333,23.366666666666664,30.53333333333333,17.583333333333332,4.333333333333333,3.8666666666666667,5.016666666666667,14.216666666666667,79.93333333333334,41.266666666666666,0.0,0.19999999999999998,0.0,3.0,0.3333333333333333
ORL,m0,34.0,48.0,124.55121951219513,261.0365853658537,59.0,66.8,67.7,43.5,98.5,12.758536585365855,41.55487804878049,54.31463414634147,29.19390243902439,9.236585365853658,5.851219512195122,18.04390243902439,25.303658536585367,139.93658536585366,72.0,-16.067073170731707,0.7963414634146341,0.0,,0.4146341463414634
ORL,m1,0.7222222222222222,0.2777777777777778,42.81666666666667,94.27222222222223,20.522222222222222,23.155555555555555,23.405555555555555,15.311111111111112,32.93888888888889,2.1277777777777778,14.044444444444444,19.01111111111111,8.533333333333333,1.6944444444444444,1.0166666666666666,2.788888888888889,6.050000000000001,49.077777777777776,24.944444444444443,12.744444444444444,0.06666666666666668,0.0,1.0,0.7222222222222222
ORL,m2,0.42857142857142855,0.5714285714285714,42.56428571428571,91.12142857142858,20.185714285714287,22.47142857142857,23.82857142857143,12.5,33.35,1.8714285714285714,14.164285714285715,18.542857142857144,8.357142857142858,1.2357142857142858,1.0714285714285714,2.3714285714285714,4.707142857142856,47.81428571428571,24.185714285714287,-6.000000000000001,0.1,0.0,1.0,0.42857142857142855
ORL,m3,0.375,0.625,41.25,89.95625,19.73125,22.8,22.4,15.2,31.15,2.16875,12.64375,18.03125,8.65625,1.5375,0.88125,2.4125,5.73125,46.98125,24.275,-5.19375,0.1125,0.0125,1.0,0.375
ORL,m4,0.75,0.25,40.475,90.66666666666667,21.75,24.84166666666667,24.416666666666668,17.483333333333334,31.75,1.825,13.174999999999999,17.916666666666668,9.083333333333334,1.5416666666666667,0.9416666666666668,2.658333333333333,3.5416666666666665,47.60833333333333,25.958333333333332,7.0,0.10000000000000002,0.0,1.0,0.75
ORL,m5,0.6428571428571429,0.35714285714285715,40.300000000000004,87.70714285714287,21.00714285714286,24.07857142857143,24.664285714285715,14.957142857142857,32.2,1.7142857142857142,13.671428571428573,17.692857142857143,8.392857142857142,1.4285714285714286,0.9571428571428572,2.6142857142857143,3.414285714285714,45.75714285714286,25.392857142857142,13.971428571428572,0.05714285714285715,0.014285714285714287,1.0,0.6428571428571429
ORL,m6,0.46153846153846156,0.5384615384615384,73.8076923076923,156.53846153846155,35.392307692307696,40.276923076923076,42.184615384615384,24.83076923076923,60.51538461538462,6.553846153846154,25.123076923076926,33.23076923076923,15.899999999999999,5.653846153846154,4.361538461538462,8.323076923076924,12.761538461538462,81.3153846153846,43.30769230769231,18.353846153846156,0.3384615384615385,0.0,1.7692307692307692,0.46153846153846156
ORL,m7,0.5,0.5,126.95,260.35,49.05,56.7,53.65,42.25,115.1,22.2,43.05,65.2,24.15,12.8,7.2,20.15,31.6,132.35,66.3,-16.799999999999997,0.9,0.0,3.0,0.5
PHI,m0,30.5,16.0,134.83093126385808,294.90471175166294,66.0,76.65,74.30000000000001,53.400000000000006,124.25,13.580155210643017,46.971674057649665,60.551829268292686,31.27211751662971,11.054323725055433,7.2519955654101995,16.752161862527714,28.005321507760534,155.47156319290465,83.2,5.010033259423503,1.8094235033259423,0.057926829268292686,,0.6559139784946236
PHI,m1,0.6666666666666666,0.3333333333333333,125.9388888888889,294.2611111111111,60.9388888888889,69.6,68.53333333333333,47.105555555555554,109.66666666666667,15.683333333333334,42.455555555555556,57.949999999999996,33.13333333333333,11.172222222222222,9.383333333333333,16.255555555555553,26.516666666666666,153.82222222222222,76.18333333333334,49.422222222222224,1.7166666666666666,0.08888888888888889,1.0,0.6666666666666666
PHI,m2,0.7142857142857143,0.2857142857142857,127.30714285714285,296.13571428571424,62.542857142857144,71.37142857142858,70.77142857142857,47.99285714285714,105.65714285714286,13.228571428571428,42.142857142857146,54.85,31.807142857142857,13.62142857142857,8.299999999999999,14.264285714285714,26.157142857142855,156.25714285714284,76.93571428571428,83.65714285714286,1.2642857142857142,0.0,1.0,0.7142857142857143
PHI,m3,0.5,0.5,125.21428571428571,276.82142857142856,59.75714285714286,67.02857142857144,67.93571428571428,42.028571428571425,104.11428571428571,14.164285714285715,38.128571428571426,51.56428571428571,30.17142857142857,11.978571428571428,9.014285714285714,14.428571428571429,27.87857142857143,146.02142857142857,73.19285714285715,-14.171428571428574,1.1500000000000001,0.1142857142857143,1.0,0.5
PHI,m4,0.3333333333333333,0.6666666666666666,124.45833333333333,268.98333333333335,57.44166666666666,65.49166666666666,64.60000000000001,44.324999999999996,105.28333333333335,14.566666666666668,40.31666666666667,54.5,30.608333333333334,10.358333333333333,7.625,13.491666666666667,26.558333333333334,140.58333333333334,69.41666666666667,-53.333333333333336,0.6833333333333332,0.0,1.0,0.3333333333333333
PHI,m5,0.4117647058823529,0.5882352941176471,118.17647058823529,268.6411764705882,57.023529411764706,67.24117647058823,64.5,46.72941176470588,101.41764705882352,15.323529411764707,38.54705882352941,53.476470588235294,31.31764705882353,10.717647058823529,10.011764705882353,13.923529411764704,24.38823529411765,134.85294117647058,71.03529411764706,-10.164705882352942,1.4411764705882353,0.0,1.0,0.4117647058823529
PHI,m6,0.7692307692307693,0.23076923076923078,99.08461538461538,226.15384615384616,46.26153846153846,54.15384615384615,52.10000000000001,38.169230769230765,83.46923076923076,9.553846153846154,34.69230769230769,45.05384615384616,26.638461538461538,8.299999999999999,6.2846153846153845,11.76923076923077,19.53076923076923,114.75384615384615,58.25384615384615,43.05384615384616,1.1846153846153846,0.038461538461538464,1.9230769230769231,0.7692307692307693
PHI,m7,0.0,1.0,61.9,146.6,30.3,36.7,31.0,29.5,66.4,11.1,20.8,31.9,13.9,2.9,2.4,5.3,15.3,79.8,41.2,-10.4,0.5,0.0,3.0,0.0
PHO,m0,25.5,21.0,140.00892461197338,309.26657427937914,69.55000000000001,78.25,77.44999999999999,52.9,114.5,14.877494456762747,45.32605321507761,60.203547671840354,37.012527716186256,9.56230598669623,7.876718403547672,17.288968957871397,31.15011086474501,163.91557649667408,83.44999999999999,-2.62250554323725,1.4686807095343681,0.0,,0.5483870967741935
PHO,m1,0.6111111111111112,0.3888888888888889,91.15555555555555,207.57222222222222,44.30555555555556,51.17777777777778,49.23888888888889,35.97222222222222,78.11111111111111,10.194444444444445,30.805555555555557,41.16111111111111,24.533333333333335,6.105555555555556,6.261111111111111,13.122222222222224,17.87222222222222,108.52222222222223,55.67777777777778,15.255555555555556,0.6388888888888888,0.0,1.0,0.6111111111111112
PHO,m2,0.42857142857142855,0.5714285714285714,90.86428571428571,201.77142857142857,45.32142857142857,51.08571428571429,51.949999999999996,32.47857142857143,75.82857142857142,9.221428571428572,30.764285714285716,40.271428571428565,24.235714285714288,5.992857142857143,5.185714285714285,12.950000000000001,17.02857142857143,106.38571428571429,55.41428571428571,-8.321428571428573,0.9357142857142857,0.0642857142857143,1.0,0.42857142857142855
PHO,m3,0.6875,0.3125,91.5,207.15625,49.40625,56.2625,56.93125,36.05,72.0875,7.64375,31.4,39.425,25.1625,6.76875,4.15625,12.5125,17.2875,111.4375,58.9,24.4,0.4375,0.0,1.0,0.6875
PHO,m4,0.6363636363636364,0.36363636363636365,94.58181818181819,216.84545454545457,46.054545454545455,52.41818181818182,52.54545454545455,34.50909090909091,73.93636363636364,9.236363636363636,32.96363636363637,42.518181818181816,25.236363636363638,8.200000000000001,5.972727272727273,13.4,16.345454545454547,111.57272727272726,56.13636363636363,26.272727272727273,0.9636363636363636,0.0,1.0,0.6363636363636364
PHO,m5,0.5333333333333333,0.4666666666666667,90.29333333333334,207.15333333333334,46.593333333333334,53.913333333333334,52.56666666666667,36.74,72.76,9.733333333333333,33.28666666666667,43.29333333333333,26.773333333333333,5.08,5.426666666666667,13.406666666666666,15.153333333333334,106.3,56.08,3.7333333333333334,0.58,0.0,1.0,0.5333333333333333
PHO,m6,0.5,0.5,107.575,230.33333333333334,53.43333333333334,61.84166666666667,60.36666666666667,43.38333333333333,96.96666666666668,9.958333333333334,33.40833333333334,43.06666666666666,27.208333333333332,10.241666666666667,5.733333333333333,15.575000000000001,22.900000000000002,123.08333333333333,67.27499999999999,-15.916666666666666,0.6416666666666666,0.0,1.6666666666666667,0.5
POR,m0,33.0,49.0,123.19634146341464,260.3670731707317,59.5,69.0,69.1,45.8,100.0,11.854878048780488,39.074390243902435,50.92926829268293,30.342682926829266,8.470731707317073,5.759756097560976,17.15487804878049,25.165853658536584,142.4329268292683,74.0,-25.196341463414633,0.8573170731707317,0.03902439024390244,,0.4024390243902439
POR,m1,0.3333333333333333,0.6666666666666666,66.62222222222222,134.7611111111111,29.811111111111114,34.12777777777777,33.76111111111111,23.294444444444444,53.76111111111111,6.477777777777778,19.494444444444444,27.616666666666664,15.094444444444443,4.277777777777778,2.216666666666667,9.777777777777779,13.86111111111111,71.11111111111111,36.51111111111111,-23.311111111111114,0.4277777777777778,0.0,1.0,0.3333333333333333
POR,m2,0.23076923076923078,0.7692307692307693,66.96923076923078,145.7923076923077,30.069230769230767,35.01538461538461,32.63076923076923,26.50769230769231,54.83076923076923,8.392307692307693,19.846153846153847,29.407692307692308,15.615384615384615,3.792307692307692,1.7999999999999998,6.292307692307692,13.953846153846154,78.70769230769231,37.815384615384616,-14.623076923076923,0.3384615384615385,0.0,1.0,0.23076923076923078
POR,m3,0.35294117647058826,0.6470588235294118,67.24705882352941,135.51176470588234,29.923529411764704,34.32941176470588,33.4,23.494117647058825,53.86470588235294,4.623529411764705,21.16470588235294,27.988235294117647,15.53529411764706,2.9529411764705884,2.2823529411764705,7.752941176470589,13.75294117647059,72.53529411764706,37.01176470588236,-42.66470588235294,0.31176470588235294,0.0,1.0,0.35294117647058826
POR,m4,0.0,1.0,63.28888888888889,131.6222222222222,29.022222222222222,32.3,33.01111111111111,20.544444444444444,52.922222222222224,8.222222222222221,19.01111111111111,28.599999999999998,14.277777777777779,3.7333333333333334,1.7222222222222223,8.755555555555555,13.477777777777778,68.25555555555555,35.31111111111111,-46.400000000000006,0.37777777777777777,0.0,1.0,0.0
POR,m5,0.23529411764705882,0.7647058823529411,66.0,137.23529411764707,31.370588235294115,35.90588235294118,35.42352941176471,24.264705882352942,53.641176470588235,6.429411764705883,20.776470588235295,28.958823529411767,16.511764705882353,3.3352941176470585,1.9764705882352942,9.976470588235294,13.611764705882353,72.74117647058824,37.87647058823529,-29.95294117647059,0.3235294117647059,0.0,1.0,0.23529411764705882
POR,m6,0.25,0.75,64.2625,136.8125,27.2125,30.85,31.5,20.1875,54.0,10.4375,22.9,34.375,16.125,3.15,1.4375,7.6,11.6,66.8875,33.025,-31.837500000000002,0.8125,0.0,1.0,0.25
SA,m0,22.0,60.0,128.0170731707317,268.01463414634145,58.4,65.9,66.4,43.3,93.3,14.765853658536585,40.130487804878044,54.896341463414636,34.18780487804878,8.760975609756096,4.931707317073171,18.502439024390245,24.967073170731705,141.97439024390243,69.6,-63.014634146341464,0.6280487804878049,0.03902439024390244,,0.2682926829268293
SA,m1,0.16666666666666666,0.8333333333333334,131.31666666666666,275.84444444444443,58.36666666666666,67.18333333333334,68.15,43.86666666666667,99.69999999999999,13.36111111111111,41.05,54.06111111111111,37.24444444444444,10.055555555555555,9.294444444444444,20.63888888888889,25.86111111111111,142.25555555555556,71.13888888888889,-77.98888888888888,1.2444444444444445,0.0,1.0,0.16666666666666666
SA,m2,0.14285714285714285,0.8571428571428571,129.27857142857144,277.50714285714287,57.271428571428565,66.28571428571429,67.65714285714286,43.142857142857146,96.96428571428571,12.414285714285715,43.521428571428565,55.778571428571425,37.15,9.685714285714285,8.121428571428572,17.085714285714285,21.807142857142857,140.8357142857143,70.1,-74.05714285714285,1.0285714285714287,0.0,1.0,0.14285714285714285
SA,m3,0.3125,0.6875,126.425,287.9,60.64375,69.2375,70.56875,44.425,99.225,13.85,41.09375,54.375,37.6,11.11875,9.25625,16.71875,22.18125,146.2875,73.5125,-9.825000000000001,1.40625,0.1,1.0,0.3125
SA,m4,0.16666666666666666,0.8333333333333334,128.35,287.35,58.5,67.56666666666666,67.36666666666666,45.21666666666667,97.40833333333335,14.416666666666666,42.824999999999996,56.60833333333333,39.65,10.674999999999999,10.108333333333333,18.441666666666666,18.866666666666667,141.29999999999998,70.97500000000001,-47.175000000000004,1.6000000000000003,0.13333333333333333,1.0,0.16666666666666666
SA,m5,0.4,0.6,126.98,282.6666666666667,59.75333333333333,68.51333333333334,69.00666666666666,45.733333333333334,101.72,13.766666666666667,43.76,57.406666666666666,38.15333333333333,9.78,9.133333333333333,19.253333333333334,20.86,142.38,73.26,-12.726666666666667,1.3866666666666667,0.0,1.0,0.4
SA,m6,0.5714285714285714,0.42857142857142855,131.52857142857144,291.5857142857143,58.84285714285714,67.8,71.5,43.614285714285714,96.75714285714285,13.585714285714285,51.05714285714286,64.12857142857142,39.24285714285714,8.414285714285715,10.200000000000001,20.342857142857145,19.071428571428573,141.2,71.39999999999999,-3.3857142857142852,1.842857142857143,0.2285714285714286,1.0,0.5714285714285714
SAC,m0,25.5,19.0,146.1006968641115,311.6787456445993,65.75,75.85,78.69999999999999,47.95,111.30000000000001,17.339024390243903,47.99869337979094,65.33057491289199,34.96088850174216,10.645731707317072,5.577526132404181,19.590853658536584,30.677003484320558,167.96855400696865,81.30000000000001,-0.3838850174216013,1.5637630662020907,0.10731707317073172,,0.5730337078651685
SAC,m1,0.5882352941176471,0.4117647058823529,29.152941176470588,63.60588235294117,13.447058823529412,15.794117647058824,16.476470588235294,6.8999999999999995,21.46470588235294,0.9176470588235294,5.029411764705882,12.282352941176471,2.2764705882352945,0.6235294117647059,0.37058823529411766,1.1058823529411765,1.8,33.6764705882353,16.723529411764705,-1.3882352941176475,0.09411764705882353,0.0058823529411764705,1.0,0.5882352941176471
SAC,m2,0.6428571428571429,0.35714285714285715,28.72142857142857,65.39285714285714,14.171428571428573,16.664285714285715,16.535714285714285,9.164285714285715,21.12857142857143,0.7999999999999999,5.7,12.435714285714285,4.685714285714285,0.55,0.33571428571428574,0.9857142857142858,1.6714285714285713,34.59285714285714,17.37142857142857,2.721428571428571,0.10714285714285714,0.03571428571428571,1.0,0.6428571428571429
SAC,m3,0.5333333333333333,0.4666666666666667,29.086666666666666,64.86,13.66,16.346666666666668,16.46,8.879999999999999,20.58,0.94,5.473333333333333,11.513333333333334,3.9466666666666668,0.58,0.33999999999999997,1.1,1.62,34.6,17.033333333333335,-0.1866666666666666,0.12666666666666668,0.04666666666666667,1.0,0.5333333333333333
SAC,m4,0.5,0.5,29.008333333333336,64.55,14.533333333333333,16.791666666666668,16.975,8.700000000000001,20.75,0.8083333333333332,5.766666666666667,11.475,2.433333333333333,0.7166666666666667,0.31666666666666665,1.0916666666666666,1.575,34.25,17.333333333333332,-2.816666666666667,0.125,0.06666666666666667,1.0,0.5
SAC,m5,0.625,0.375,28.16875,65.475,13.6125,15.64375,15.8375,7.30625,23.25,0.96875,6.7875,13.25,2.36875,0.725,0.4,1.01875,1.75,33.11875,16.60625,6.449999999999999,0.13125,0.03125,1.0,0.625
SAC,m6,0.4,0.6,43.32,99.15,19.130000000000003,23.64,21.98,14.64,35.15,4.15,12.95,20.18,7.279999999999999,2.6799999999999997,1.44,3.4899999999999998,5.08,49.84,24.919999999999998,16.96,0.36,0.0,1.4,0.4
TOR,m0,20.5,21.0,138.825,303.6463414634146,64.25,73.45,72.0,49.8,89.75,20.93780487804878,46.58170731707317,67.51951219512195,33.668292682926825,12.462195121951218,9.796951219512195,18.395731707317072,27.167682926829265,155.9719512195122,76.2,-11.566463414634146,3.254878048780488,0.03841463414634146,,0.4939759036144578
TOR,m1,0.47368421052631576,0.5263157894736842,46.294736842105266,102.50526315789473,21.63684210526316,24.594736842105263,24.900000000000002,15.463157894736844,34.12105263157895,3.0736842105263156,15.54736842105263,21.400000000000002,12.510526315789473,1.7578947368421052,0.994736842105263,3.2526315789473683,5.626315789473685,51.94736842105263,25.96315789473684,-2.121052631578948,0.26842105263157895,0.010526315789473684,1.0,0.47368421052631576
TOR,m2,0.23076923076923078,0.7692307692307693,45.43076923076923,106.4,22.99230769230769,26.069230769230767,26.930769230769233,15.538461538461538,34.823076923076925,2.4615384615384617,14.184615384615386,19.861538461538462,14.8,1.5846153846153848,1.123076923076923,2.6153846153846154,4.484615384615385,54.46153846153846,27.292307692307695,-5.384615384615385,0.23076923076923078,0.015384615384615385,1.0,0.23076923076923078
TOR,m3,0.3333333333333333,0.6666666666666666,46.166666666666664,103.68,22.80666666666667,26.166666666666668,25.706666666666667,17.38,34.89333333333333,2.106666666666667,14.473333333333333,19.306666666666665,13.879999999999999,1.54,1.0799999999999998,2.6666666666666665,5.526666666666667,54.18666666666666,27.653333333333332,-8.946666666666665,0.09333333333333334,0.0,1.0,0.3333333333333333
TOR,m4,0.4166666666666667,0.5833333333333334,47.050000000000004,104.51666666666667,21.933333333333334,24.958333333333332,24.616666666666664,16.658333333333335,36.5,2.4833333333333334,15.200000000000001,20.541666666666668,12.966666666666667,1.675,1.1666666666666667,2.7416666666666667,3.7916666666666665,53.625,26.316666666666666,-17.599999999999998,0.23333333333333336,0.03333333333333333,1.0,0.4166666666666667
TOR,m5,0.06666666666666667,0.9333333333333333,45.95333333333333,94.76,21.279999999999998,24.21333333333333,25.459999999999997,14.486666666666668,35.24666666666667,2.04,12.693333333333333,17.673333333333336,12.16,1.9333333333333333,0.9133333333333333,3.6799999999999997,4.1,49.0,25.506666666666668,-36.04666666666667,0.12666666666666665,0.0,1.0,0.06666666666666667
TOR,m6,0.25,0.75,47.2625,94.9125,20.9125,23.575,24.1375,14.637500000000001,37.975,2.2625,15.6,20.4375,9.049999999999999,1.525,0.9375,3.425,5.8999999999999995,50.9,25.65,-31.75,0.125,0.0,1.0,0.25
UTA,m0,37.0,45.0,126.39878048780488,274.8475609756098,59.4,68.7,70.3,44.3,98.7,14.826829268292682,42.796341463414635,57.62317073170732,32.609756097560975,7.658536585365853,6.570731707317073,18.717073170731705,25.71707317073171,147.0439024390244,73.4,-5.897560975609756,1.225609756097561,0.0,,0.45121951219512196
UTA,m1,0.3157894736842105,0.6842105263157895,54.478947368421046,117.93684210526317,24.521052631578947,28.789473684210527,28.068421052631578,19.742105263157896,44.01578947368421,4.678947368421053,17.81578947368421,25.710526315789473,14.594736842105263,1.9578947368421054,1.6263157894736844,7.2368421052631575,9.773684210526316,61.3421052631579,30.710526315789473,-19.473684210526315,0.28421052631578947,0.0,1.0,0.3157894736842105
UTA,m2,0.5714285714285714,0.42857142857142855,54.42142857142857,123.63571428571429,25.92142857142857,29.564285714285713,30.592857142857145,18.892857142857142,46.021428571428565,3.4499999999999997,18.292857142857144,24.592857142857145,15.492857142857144,2.185714285714286,1.95,4.557142857142857,8.928571428571429,63.48571428571429,31.864285714285717,-8.807142857142857,0.21428571428571427,0.0,1.0,0.5714285714285714
UTA,m3,0.625,0.375,56.19375,131.58125,27.43125,31.2625,32.225,19.8375,45.15625,3.54375,19.775,26.25625,16.54375,1.96875,1.8187499999999999,4.59375,8.3,69.18125,33.64375,10.98125,0.31875,0.01875,1.0,0.625
UTA,m4,0.2727272727272727,0.7272727272727273,55.127272727272725,123.96363636363635,25.372727272727275,29.636363636363637,29.354545454545452,20.0,46.18181818181818,4.136363636363637,18.30909090909091,25.10909090909091,15.97272727272727,2.1818181818181817,1.6090909090909091,5.036363636363636,8.081818181818182,64.42727272727274,32.00909090909091,-14.963636363636361,0.35454545454545455,0.0,1.0,0.2727272727272727
UTA,m5,0.13333333333333333,0.8666666666666667,53.233333333333334,113.50666666666666,25.446666666666665,29.2,29.933333333333334,18.14,47.63333333333333,3.2199999999999998,17.90666666666667,23.80666666666667,13.506666666666666,1.5599999999999998,1.54,4.819999999999999,6.946666666666667,60.92666666666666,31.453333333333333,-28.52,0.2,0.0,1.0,0.13333333333333333
UTA,m6,0.2857142857142857,0.7142857142857143,53.25714285714286,110.72857142857143,25.271428571428572,29.042857142857144,29.385714285714283,18.428571428571427,45.128571428571426,3.4714285714285715,16.557142857142857,22.914285714285715,12.62857142857143,2.0571428571428574,1.3285714285714285,5.971428571428571,6.928571428571429,60.4,31.17142857142857,-29.328571428571426,0.1285714285714286,0.0,1.0,0.2857142857142857
WAS,m0,35.0,47.0,123.47804878048781,269.18658536585366,60.9,69.1,70.2,44.7,98.6,11.870731707317074,42.94878048780488,54.81951219512195,31.904878048780485,8.59268292682927,6.4939024390243905,16.757317073170732,23.573170731707318,142.12682926829268,73.5,-7.551219512195122,0.9341463414634146,0.01951219512195122,,0.4268292682926829
WAS,m1,0.16666666666666666,0.8333333333333334,122.18333333333334,258.15,57.227777777777774,64.94999999999999,66.69999999999999,42.07222222222222,94.20555555555556,10.955555555555556,36.30555555555556,46.32222222222222,33.144444444444446,10.411111111111111,6.5,16.12777777777778,23.166666666666668,138.20555555555555,68.84444444444445,-50.488888888888894,0.46666666666666656,0.0,1.0,0.16666666666666666
WAS,m2,0.21428571428571427,0.7857142857142857,123.06428571428572,259.6142857142857,57.76428571428572,66.57857142857144,68.10714285714286,43.09285714285714,88.74285714285715,10.178571428571429,38.26428571428572,47.68571428571429,32.59285714285714,9.314285714285715,8.035714285714286,15.971428571428572,23.75714285714286,139.17142857142858,70.0,-63.56428571428571,0.9,0.09999999999999999,1.0,0.21428571428571427
WAS,m3,0.2,0.8,119.35333333333332,261.37333333333333,55.10666666666667,62.08666666666667,62.440000000000005,40.38666666666666,89.15333333333334,13.486666666666668,37.54,50.60666666666667,33.49333333333333,10.153333333333334,8.426666666666668,16.0,23.513333333333332,132.43333333333334,65.74666666666666,-47.126666666666665,1.3066666666666664,0.0,1.0,0.2
WAS,m4,0.0,1.0,125.02499999999999,259.2583333333333,53.75833333333333,61.96666666666667,62.15833333333333,40.641666666666666,87.85833333333333,12.791666666666666,37.725,50.09166666666667,35.358333333333334,10.541666666666666,5.758333333333333,17.375,24.45,134.25,65.03333333333333,-75.72500000000001,2.1,0.0,1.0,0.0
WAS,m5,0.3125,0.6875,118.35625,245.64375,54.55,62.4875,64.4875,39.8,91.15625,11.7,38.6,49.9,31.64375,8.70625,6.0125,16.4,23.31875,128.75625,65.95,-56.05625,1.4,0.0,1.0,0.3125
WAS,m6,0.14285714285714285,0.8571428571428571,123.18571428571428,266.0142857142857,57.642857142857146,67.0,68.92857142857143,41.92857142857143,95.05714285714285,9.714285714285714,40.228571428571435,48.714285714285715,33.27142857142857,10.214285714285714,6.7,14.942857142857141,25.099999999999998,141.02857142857144,70.3,-30.542857142857144,1.8,0.0,1.0,0.14285714285714285
