,Season,SeasonType,Day,HomeTeam,AwayTeam,HomeTeamScore,AwayTeamScore,HomeWin,HomeMoneyLine,AwayMoneyLine
0,2024,1,2023-10-24T00:00:00,DEN,LAL,119.0,107.0,1,-240,200
1,2024,1,2023-10-24T00:00:00,GS,PHO,104.0,108.0,0,-185,155
2,2024,1,2023-10-25T00:00:00,CHA,ATL,116.0,110.0,1,233,-282
3,2024,1,2023-10-25T00:00:00,IND,WAS,143.0,120.0,1,-298,248
4,2024,1,2023-10-25T00:00:00,NY,BOS,104.0,108.0,0,233,-282
5,2024,1,2023-10-25T00:00:00,ORL,HOU,116.0,86.0,1,-298,248
6,2024,1,2023-10-25T00:00:00,BKN,CLE,113.0,114.0,0,169,-201
7,2024,1,2023-10-25T00:00:00,MIA,DET,103.0,102.0,1,-756,579
8,2024,1,2023-10-25T00:00:00,TOR,MIN,97.0,94.0,1,-185,-169
9,2024,1,2023-10-25T00:00:00,CHI,OKC,104.0,124.0,0,-217,183
10,2024,1,2023-10-25T00:00:00,MEM,NO,104.0,111.0,0,-190,-164
11,2024,1,2023-10-25T00:00:00,UTA,SAC,114.0,130.0,0,169,-201
12,2024,1,2023-10-25T00:00:00,SA,DAL,119.0,126.0,0,257,-309
13,2024,1,2023-10-25T00:00:00,LAC,POR,123.0,111.0,1,-708,547
14,2024,1,2023-10-26T00:00:00,MIL,PHI,118.0,117.0,1,-293,239
15,2024,1,2023-10-26T00:00:00,LAL,PHO,100.0,95.0,1,-293,239
16,2024,1,2023-10-27T00:00:00,CHA,DET,99.0,111.0,0,-246,205
17,2024,1,2023-10-27T00:00:00,MEM,DEN,104.0,108.0,0,253,-307
18,2024,1,2023-10-27T00:00:00,ATL,NY,120.0,126.0,0,-143,-157
19,2024,1,2023-10-27T00:00:00,BOS,MIA,119.0,111.0,1,-512,403
20,2024,1,2023-10-27T00:00:00,CLE,OKC,105.0,108.0,0,-184,156
21,2024,1,2023-10-27T00:00:00,CHI,TOR,104.0,103.0,1,-184,156
22,2024,1,2023-10-27T00:00:00,SA,HOU,126.0,122.0,1,-212,178
23,2024,1,2023-10-27T00:00:00,DAL,BKN,125.0,120.0,1,-325,266
24,2024,1,2023-10-27T00:00:00,UTA,LAC,120.0,118.0,1,198,-239
25,2024,1,2023-10-27T00:00:00,POR,ORL,97.0,102.0,0,194,-232
26,2024,1,2023-10-27T00:00:00,SAC,GS,114.0,122.0,0,-221,186
27,2024,1,2023-10-28T00:00:00,DET,CHI,118.0,102.0,1,168,-199
28,2024,1,2023-10-28T00:00:00,NO,NY,96.0,87.0,1,-217,182
29,2024,1,2023-10-28T00:00:00,WAS,MEM,113.0,106.0,1,-151,-157
30,2024,1,2023-10-28T00:00:00,CLE,IND,113.0,125.0,0,215,-259
31,2024,1,2023-10-28T00:00:00,TOR,PHI,107.0,114.0,0,229,-277
32,2024,1,2023-10-28T00:00:00,MIN,MIA,106.0,90.0,1,-475,377
33,2024,1,2023-10-28T00:00:00,PHO,UTA,126.0,104.0,1,-305,252
34,2024,1,2023-10-29T00:00:00,OKC,DEN,95.0,128.0,0,180,-213
35,2024,1,2023-10-29T00:00:00,HOU,GS,95.0,106.0,0,282,-346
36,2024,1,2023-10-29T00:00:00,MIL,ATL,110.0,127.0,0,-314,257
37,2024,1,2023-10-29T00:00:00,PHI,POR,126.0,98.0,1,-565,436
38,2024,1,2023-10-29T00:00:00,LAC,SA,123.0,83.0,1,-507,398
39,2024,1,2023-10-29T00:00:00,SAC,LAL,132.0,127.0,1,-167,141
40,2024,1,2023-10-30T00:00:00,CHA,BKN,121.0,133.0,0,-177,-194
41,2024,1,2023-10-30T00:00:00,IND,CHI,105.0,112.0,0,-261,219
42,2024,1,2023-10-30T00:00:00,WAS,BOS,107.0,126.0,0,657,-876
43,2024,1,2023-10-30T00:00:00,ATL,MIN,127.0,113.0,1,192,-227
44,2024,1,2023-10-30T00:00:00,TOR,POR,91.0,99.0,0,-690,539
45,2024,1,2023-10-30T00:00:00,MEM,DAL,110.0,125.0,0,-210,177
46,2024,1,2023-10-30T00:00:00,MIL,MIA,122.0,114.0,1,-502,404
47,2024,1,2023-10-30T00:00:00,NO,GS,102.0,130.0,0,-249,219
48,2024,1,2023-10-30T00:00:00,OKC,DET,124.0,112.0,1,-401,328
49,2024,1,2023-10-30T00:00:00,DEN,UTA,110.0,102.0,1,-606,480
50,2024,1,2023-10-30T00:00:00,LAL,ORL,106.0,103.0,1,-303,253
51,2024,1,2023-10-31T00:00:00,CLE,NY,91.0,109.0,0,97,-114
52,2024,1,2023-10-31T00:00:00,PHO,SA,114.0,115.0,0,-251,202
53,2024,1,2023-10-31T00:00:00,LAC,ORL,118.0,102.0,1,-220,180
54,2024,1,2023-11-01T00:00:00,DET,POR,101.0,110.0,0,-60,50
55,2024,1,2023-11-01T00:00:00,TOR,MIL,130.0,111.0,1,60,-72
56,2024,1,2023-11-01T00:00:00,ATL,WAS,130.0,121.0,1,-165,128
57,2024,1,2023-11-01T00:00:00,BOS,IND,155.0,104.0,1,-310,213
58,2024,1,2023-11-01T00:00:00,MIA,BKN,105.0,109.0,0,-105,85
59,2024,1,2023-11-01T00:00:00,NY,CLE,89.0,95.0,0,-85,70
60,2024,1,2023-11-01T00:00:00,OKC,NO,106.0,110.0,0,-63,53
61,2024,1,2023-11-01T00:00:00,HOU,CHA,128.0,119.0,1,-57,48
62,2024,1,2023-11-01T00:00:00,MIN,DEN,110.0,89.0,1,44,-52
63,2024,1,2023-11-01T00:00:00,DAL,CHI,114.0,105.0,1,-63,53
64,2024,1,2023-11-01T00:00:00,UTA,MEM,133.0,109.0,1,-52,44
65,2024,1,2023-11-01T00:00:00,GS,SAC,102.0,101.0,1,-100,81
66,2024,1,2023-11-01T00:00:00,LAL,LAC,130.0,125.0,1,-60,50
67,2024,1,2023-11-02T00:00:00,PHI,TOR,114.0,99.0,1,-238,192
68,2024,1,2023-11-02T00:00:00,NO,DET,125.0,116.0,1,-148,123
69,2024,1,2023-11-02T00:00:00,UTA,ORL,113.0,115.0,0,-84,-92
70,2024,1,2023-11-02T00:00:00,PHO,SA,121.0,132.0,0,-388,296
71,2024,1,2023-11-03T00:00:00,IND,CLE,121.0,116.0,1,64,-76
72,2024,1,2023-11-03T00:00:00,MIL,NY,110.0,105.0,1,-115,95
73,2024,1,2023-11-03T00:00:00,CHI,BKN,107.0,109.0,0,-98,81
74,2024,1,2023-11-03T00:00:00,MIA,WAS,121.0,114.0,1,-230,179
75,2024,1,2023-11-03T00:00:00,OKC,GS,139.0,141.0,0,112,-137
76,2024,1,2023-11-03T00:00:00,DEN,DAL,125.0,114.0,1,-129,106
77,2024,1,2023-11-03T00:00:00,POR,MEM,115.0,113.0,1,76,-91
78,2024,1,2023-11-04T00:00:00,PHI,PHO,112.0,100.0,1,-391,318
79,2024,1,2023-11-04T00:00:00,IND,CHA,124.0,125.0,0,-292,242
80,2024,1,2023-11-04T00:00:00,NO,ATL,105.0,123.0,0,-185,155
81,2024,1,2023-11-04T00:00:00,ORL,LAL,120.0,101.0,1,201,-239
82,2024,1,2023-11-04T00:00:00,BKN,BOS,114.0,124.0,0,546,-716
83,2024,1,2023-11-04T00:00:00,HOU,SAC,107.0,89.0,1,177,-210
84,2024,1,2023-11-04T00:00:00,MIN,UTA,123.0,95.0,1,-480,384
85,2024,1,2023-11-04T00:00:00,DEN,CHI,123.0,101.0,1,-606,473
86,2024,1,2023-11-05T00:00:00,DET,PHO,106.0,120.0,0,188,-224
87,2024,1,2023-11-05T00:00:00,SA,TOR,116.0,123.0,0,194,-230
88,2024,1,2023-11-05T00:00:00,CLE,GS,115.0,104.0,1,-166,138
89,2024,1,2023-11-05T00:00:00,DAL,CHA,124.0,118.0,1,-830,609
90,2024,1,2023-11-05T00:00:00,POR,MEM,100.0,112.0,0,188,-224
91,2024,1,2023-11-06T00:00:00,DET,GS,109.0,120.0,0,321,-413
92,2024,1,2023-11-06T00:00:00,IND,SA,152.0,111.0,1,-350,277
93,2024,1,2023-11-06T00:00:00,ORL,DAL,102.0,117.0,0,-102,-112
94,2024,1,2023-11-06T00:00:00,PHI,WAS,146.0,128.0,1,-559,413
95,2024,1,2023-11-06T00:00:00,BKN,MIL,125.0,129.0,0,156,-187
96,2024,1,2023-11-06T00:00:00,MIA,LAL,108.0,107.0,1,-122,102
97,2024,1,2023-11-06T00:00:00,NY,LAC,111.0,97.0,1,-119,99
98,2024,1,2023-11-06T00:00:00,CHI,UTA,130.0,113.0,1,-175,146
99,2024,1,2023-11-06T00:00:00,HOU,SAC,122.0,97.0,1,107,-126
100,2024,1,2023-11-06T00:00:00,MIN,BOS,114.0,109.0,1,132,-157
101,2024,1,2023-11-06T00:00:00,OKC,ATL,126.0,117.0,1,-112,-102
102,2024,1,2023-11-06T00:00:00,DEN,NO,134.0,116.0,1,-251,204
103,2024,1,2023-11-08T00:00:00,CHA,WAS,116.0,132.0,0,-219,185
104,2024,1,2023-11-08T00:00:00,IND,UTA,134.0,118.0,1,-373,308
105,2024,1,2023-11-08T00:00:00,PHI,BOS,106.0,103.0,1,211,-252
106,2024,1,2023-11-08T00:00:00,BKN,LAC,100.0,93.0,1,292,-354
107,2024,1,2023-11-08T00:00:00,NY,SA,126.0,105.0,1,-609,479
108,2024,1,2023-11-08T00:00:00,CHI,PHO,115.0,116.0,0,-179,-179
109,2024,1,2023-11-08T00:00:00,HOU,LAL,128.0,94.0,1,179,-211
110,2024,1,2023-11-08T00:00:00,MEM,MIA,102.0,108.0,0,170,-203
111,2024,1,2023-11-08T00:00:00,MIL,DET,120.0,118.0,1,-1096,795
112,2024,1,2023-11-08T00:00:00,MIN,NO,122.0,101.0,1,-714,552
113,2024,1,2023-11-08T00:00:00,OKC,CLE,128.0,120.0,1,179,-211
114,2024,1,2023-11-08T00:00:00,DAL,TOR,116.0,127.0,0,-284,235
115,2024,1,2023-11-08T00:00:00,DEN,GS,108.0,105.0,1,-312,260
116,2024,1,2023-11-08T00:00:00,SAC,POR,121.0,118.0,1,-527,422
117,2024,1,2023-11-09T00:00:00,IND,MIL,126.0,124.0,1,-163,-169
118,2024,1,2023-11-09T00:00:00,ORL,ATL,119.0,120.0,0,205,-244
119,2024,1,2023-11-10T00:00:00,DET,PHI,106.0,114.0,0,410,-522
120,2024,1,2023-11-10T00:00:00,WAS,CHA,117.0,124.0,0,-216,181
121,2024,1,2023-11-10T00:00:00,BOS,BKN,121.0,107.0,1,-974,696
122,2024,1,2023-11-10T00:00:00,HOU,NO,104.0,101.0,1,-206,172
123,2024,1,2023-11-10T00:00:00,MEM,UTA,121.0,127.0,0,-275,228
124,2024,1,2023-11-10T00:00:00,SA,MIN,110.0,117.0,0,334,-415
125,2024,1,2023-11-10T00:00:00,DAL,LAC,144.0,126.0,1,-164,-142
126,2024,1,2023-11-10T00:00:00,PHO,LAL,119.0,122.0,0,-181,153
127,2024,1,2023-11-10T00:00:00,SAC,OKC,105.0,98.0,1,146,-174
128,2024,1,2023-11-11T00:00:00,ORL,MIL,112.0,97.0,1,129,-152
129,2024,1,2023-11-11T00:00:00,BOS,TOR,117.0,94.0,1,-463,363
130,2024,1,2023-11-11T00:00:00,ATL,MIA,109.0,117.0,0,-363,293
131,2024,1,2023-11-11T00:00:00,GS,CLE,110.0,118.0,0,-217,180
132,2024,1,2023-11-12T00:00:00,NY,CHA,129.0,107.0,1,-823,617
133,2024,1,2023-11-12T00:00:00,BKN,WAS,102.0,94.0,1,-440,356
134,2024,1,2023-11-12T00:00:00,LAC,MEM,101.0,105.0,0,-538,427
135,2024,1,2023-11-12T00:00:00,PHI,IND,137.0,126.0,1,-427,348
136,2024,1,2023-11-12T00:00:00,CHI,DET,119.0,108.0,1,-408,332
137,2024,1,2023-11-12T00:00:00,HOU,DEN,107.0,104.0,1,260,-313
138,2024,1,2023-11-12T00:00:00,NO,DAL,124.0,136.0,0,225,-269
139,2024,1,2023-11-12T00:00:00,SA,MIA,113.0,118.0,0,166,-198
140,2024,1,2023-11-12T00:00:00,PHO,OKC,99.0,111.0,0,-263,222
141,2024,1,2023-11-12T00:00:00,GS,MIN,110.0,116.0,0,-256,215
142,2024,1,2023-11-12T00:00:00,LAL,POR,116.0,110.0,1,-594,467
143,2024,1,2023-11-13T00:00:00,BOS,NY,114.0,98.0,1,-561,434
144,2024,1,2023-11-13T00:00:00,TOR,WAS,111.0,107.0,1,-440,351
145,2024,1,2023-11-13T00:00:00,MIL,CHI,118.0,109.0,1,-561,434
146,2024,1,2023-11-13T00:00:00,SAC,CLE,132.0,120.0,1,-147,-134
147,2024,1,2023-11-14T00:00:00,CHA,MIA,105.0,111.0,0,152,-186
148,2024,1,2023-11-14T00:00:00,DET,ATL,120.0,126.0,0,117,-141
149,2024,1,2023-11-14T00:00:00,PHI,IND,126.0,132.0,0,-181,148
150,2024,1,2023-11-14T00:00:00,BKN,ORL,124.0,104.0,1,-108,91
151,2024,1,2023-11-14T00:00:00,OKC,SA,123.0,87.0,1,-346,266
152,2024,1,2023-11-14T00:00:00,NO,DAL,131.0,110.0,1,103,-123
153,2024,1,2023-11-14T00:00:00,UTA,POR,115.0,99.0,1,-201,163
154,2024,1,2023-11-14T00:00:00,DEN,LAC,111.0,108.0,1,-150,125
155,2024,1,2023-11-14T00:00:00,GS,MIN,101.0,104.0,0,94,-112
156,2024,1,2023-11-14T00:00:00,LAL,MEM,134.0,107.0,1,-196,160
157,2024,1,2023-11-15T00:00:00,WAS,DAL,117.0,130.0,0,87,-105
158,2024,1,2023-11-15T00:00:00,ATL,NY,114.0,116.0,0,-71,-61
159,2024,1,2023-11-15T00:00:00,PHI,BOS,107.0,117.0,0,-65,-67
160,2024,1,2023-11-15T00:00:00,TOR,MIL,112.0,128.0,0,-63,-69
161,2024,1,2023-11-15T00:00:00,CHI,ORL,94.0,96.0,0,-78,66
162,2024,1,2023-11-15T00:00:00,PHO,MIN,133.0,115.0,1,-105,87
163,2024,1,2023-11-15T00:00:00,LAL,SAC,110.0,125.0,0,-69,-63
164,2024,1,2023-11-15T00:00:00,POR,CLE,95.0,109.0,0,204,-264
165,2024,1,2023-11-16T00:00:00,MIA,BKN,122.0,115.0,1,-273,230
166,2024,1,2023-11-16T00:00:00,GS,OKC,109.0,128.0,0,236,-280
167,2024,1,2023-11-17T00:00:00,CHA,MIL,99.0,130.0,0,245,-311
168,2024,1,2023-11-17T00:00:00,WAS,NY,99.0,120.0,0,188,-232
169,2024,1,2023-11-17T00:00:00,ATL,PHI,116.0,126.0,0,89,-107
170,2024,1,2023-11-17T00:00:00,CLE,DET,108.0,100.0,1,-346,271
171,2024,1,2023-11-17T00:00:00,SA,SAC,120.0,129.0,0,245,-311
172,2024,1,2023-11-17T00:00:00,TOR,BOS,105.0,108.0,0,271,-346
173,2024,1,2023-11-17T00:00:00,CHI,ORL,97.0,103.0,0,-149,124
174,2024,1,2023-11-17T00:00:00,NO,DEN,115.0,110.0,1,140,-168
175,2024,1,2023-11-17T00:00:00,POR,LAL,95.0,107.0,0,289,-372
176,2024,1,2023-11-17T00:00:00,UTA,PHO,128.0,131.0,0,149,-179
177,2024,1,2023-11-17T00:00:00,LAC,HOU,106.0,100.0,1,-261,210
178,2024,1,2023-11-18T00:00:00,CHA,NY,108.0,122.0,0,190,-234
179,2024,1,2023-11-18T00:00:00,NO,MIN,120.0,121.0,0,218,-270
180,2024,1,2023-11-18T00:00:00,CHI,MIA,102.0,97.0,1,95,-113
181,2024,1,2023-11-18T00:00:00,MIL,DAL,132.0,125.0,1,-113,95
182,2024,1,2023-11-18T00:00:00,SA,MEM,108.0,120.0,0,118,-141
183,2024,1,2023-11-18T00:00:00,GS,OKC,123.0,130.0,0,-122,103
184,2024,1,2023-11-19T00:00:00,BKN,PHI,99.0,121.0,0,108,-128
185,2024,1,2023-11-19T00:00:00,TOR,DET,142.0,113.0,1,-337,261
186,2024,1,2023-11-19T00:00:00,IND,ORL,116.0,128.0,0,-147,122
187,2024,1,2023-11-19T00:00:00,CLE,DEN,121.0,109.0,1,122,-147
188,2024,1,2023-11-19T00:00:00,DAL,SAC,113.0,129.0,0,-97,81
189,2024,1,2023-11-19T00:00:00,MEM,BOS,100.0,102.0,0,388,-535
190,2024,1,2023-11-19T00:00:00,UTA,PHO,137.0,140.0,0,127,-152
191,2024,1,2023-11-19T00:00:00,POR,OKC,91.0,134.0,0,182,-226
192,2024,1,2023-11-19T00:00:00,LAL,HOU,105.0,104.0,1,-188,154
193,2024,1,2023-11-20T00:00:00,CHA,BOS,121.0,118.0,1,170,-216
194,2024,1,2023-11-20T00:00:00,DET,DEN,103.0,107.0,0,213,-277
195,2024,1,2023-11-20T00:00:00,WAS,MIL,129.0,142.0,0,219,-286
196,2024,1,2023-11-20T00:00:00,CHI,MIA,100.0,118.0,0,61,-73
197,2024,1,2023-11-20T00:00:00,MIN,NY,117.0,100.0,1,-82,69
198,2024,1,2023-11-20T00:00:00,NO,SAC,129.0,93.0,1,67,-79
199,2024,1,2023-11-20T00:00:00,SA,LAC,99.0,124.0,0,179,-228
200,2024,1,2023-11-20T00:00:00,GS,HOU,121.0,116.0,1,-173,140
201,2024,1,2023-11-21T00:00:00,ORL,TOR,126.0,107.0,1,-56,46
202,2024,1,2023-11-21T00:00:00,ATL,IND,152.0,157.0,0,-74,62
203,2024,1,2023-11-21T00:00:00,PHI,CLE,119.0,122.0,0,-157,125
204,2024,1,2023-11-21T00:00:00,PHO,POR,120.0,107.0,1,-364,250
205,2024,1,2023-11-21T00:00:00,LAL,UTA,131.0,99.0,1,-141,114
206,2024,1,2023-11-22T00:00:00,CHA,WAS,117.0,114.0,1,-147,123
207,2024,1,2023-11-22T00:00:00,ORL,DEN,124.0,119.0,1,118,-140
208,2024,1,2023-11-22T00:00:00,ATL,BKN,147.0,145.0,1,-140,118
209,2024,1,2023-11-22T00:00:00,BOS,MIL,119.0,116.0,1,-206,169
210,2024,1,2023-11-22T00:00:00,CLE,MIA,96.0,129.0,0,-104,87
211,2024,1,2023-11-22T00:00:00,IND,TOR,131.0,132.0,0,-123,104
212,2024,1,2023-11-22T00:00:00,HOU,MEM,111.0,91.0,1,-178,147
213,2024,1,2023-11-22T00:00:00,MIN,PHI,112.0,99.0,1,-234,191
214,2024,1,2023-11-22T00:00:00,NO,SAC,117.0,112.0,1,-88,-102
215,2024,1,2023-11-22T00:00:00,OKC,CHI,116.0,102.0,1,-269,217
216,2024,1,2023-11-22T00:00:00,SA,LAC,102.0,109.0,0,238,-299
217,2024,1,2023-11-22T00:00:00,PHO,GS,123.0,115.0,1,-123,104
218,2024,1,2023-11-22T00:00:00,POR,UTA,121.0,105.0,1,118,-140
219,2024,1,2023-11-22T00:00:00,LAL,DAL,101.0,104.0,0,-95,-95
220,2024,1,2023-11-24T00:00:00,ORL,BOS,113.0,96.0,1,278,-337
221,2024,1,2023-11-24T00:00:00,MEM,PHO,89.0,110.0,0,216,-256
222,2024,1,2023-11-24T00:00:00,NY,MIA,100.0,98.0,1,-317,262
223,2024,1,2023-11-24T00:00:00,TOR,CHI,121.0,108.0,1,-306,253
224,2024,1,2023-11-24T00:00:00,HOU,DEN,105.0,86.0,1,191,-229
225,2024,1,2023-11-24T00:00:00,IND,DET,136.0,113.0,1,-633,494
226,2024,1,2023-11-24T00:00:00,MIL,WAS,131.0,128.0,1,-1467,965
227,2024,1,2023-11-24T00:00:00,MIN,SAC,111.0,124.0,0,-286,238
228,2024,1,2023-11-24T00:00:00,GS,SA,118.0,112.0,1,-703,540
229,2024,1,2023-11-24T00:00:00,LAC,NO,106.0,116.0,0,-317,262
230,2024,1,2023-11-25T00:00:00,OKC,PHI,123.0,127.0,0,-138,-151
231,2024,1,2023-11-25T00:00:00,BKN,MIA,112.0,97.0,1,-382,309
232,2024,1,2023-11-25T00:00:00,WAS,ATL,108.0,136.0,0,362,-454
233,2024,1,2023-11-25T00:00:00,CLE,LAL,115.0,121.0,0,-230,191
234,2024,1,2023-11-25T00:00:00,UTA,NO,105.0,100.0,1,171,-204
235,2024,1,2023-11-25T00:00:00,LAC,DAL,107.0,88.0,1,-161,134
236,2024,1,2023-11-26T00:00:00,MIL,POR,108.0,102.0,1,-723,497
237,2024,1,2023-11-26T00:00:00,BOS,ATL,113.0,103.0,1,-262,212
238,2024,1,2023-11-26T00:00:00,MEM,MIN,97.0,119.0,0,185,-226
239,2024,1,2023-11-26T00:00:00,NY,PHO,113.0,116.0,0,-233,190
240,2024,1,2023-11-26T00:00:00,ORL,CHA,130.0,117.0,1,-226,185
241,2024,1,2023-11-26T00:00:00,BKN,CHI,118.0,109.0,1,-134,112
242,2024,1,2023-11-26T00:00:00,CLE,TOR,105.0,102.0,1,-140,118
243,2024,1,2023-11-26T00:00:00,DEN,SA,132.0,120.0,1,-497,371
244,2024,1,2023-11-27T00:00:00,DET,WAS,107.0,126.0,0,-216,182
245,2024,1,2023-11-27T00:00:00,IND,POR,110.0,114.0,0,-1244,871
246,2024,1,2023-11-27T00:00:00,PHI,LAL,138.0,94.0,1,-373,307
247,2024,1,2023-11-27T00:00:00,UTA,NO,114.0,112.0,1,332,-406
248,2024,1,2023-11-27T00:00:00,LAC,DEN,104.0,113.0,0,-995,730
249,2024,1,2023-11-28T00:00:00,BKN,TOR,115.0,103.0,1,-203,169
250,2024,1,2023-11-28T00:00:00,BOS,CHI,124.0,97.0,1,-1436,972
251,2024,1,2023-11-28T00:00:00,CLE,ATL,128.0,105.0,1,-313,260
252,2024,1,2023-11-28T00:00:00,MIA,MIL,124.0,131.0,0,260,-313
253,2024,1,2023-11-28T00:00:00,NY,CHA,115.0,91.0,1,-1014,744
254,2024,1,2023-11-28T00:00:00,MIN,OKC,106.0,103.0,1,-262,220
255,2024,1,2023-11-28T00:00:00,DAL,HOU,121.0,115.0,1,-296,245
256,2024,1,2023-11-28T00:00:00,SAC,GS,124.0,123.0,1,-211,177
257,2024,1,2023-11-29T00:00:00,DET,LAL,107.0,133.0,0,410,-512
258,2024,1,2023-11-29T00:00:00,ORL,WAS,139.0,120.0,1,-717,552
259,2024,1,2023-11-29T00:00:00,TOR,PHO,112.0,105.0,1,214,-255
260,2024,1,2023-11-29T00:00:00,MEM,UTA,105.0,91.0,1,-262,221
261,2024,1,2023-11-29T00:00:00,NO,PHI,124.0,114.0,1,-224,189
262,2024,1,2023-11-29T00:00:00,DEN,HOU,134.0,124.0,1,-764,583
263,2024,1,2023-11-29T00:00:00,SAC,LAC,117.0,131.0,0,165,-197
264,2024,1,2023-11-30T00:00:00,CLE,POR,95.0,103.0,0,-828,602
265,2024,1,2023-11-30T00:00:00,BKN,CHA,128.0,129.0,0,-503,397
266,2024,1,2023-11-30T00:00:00,MIA,IND,142.0,132.0,1,-220,185
267,2024,1,2023-11-30T00:00:00,NY,DET,118.0,112.0,1,-1258,828
268,2024,1,2023-11-30T00:00:00,CHI,MIL,120.0,113.0,1,503,-662
269,2024,1,2023-11-30T00:00:00,MIN,UTA,101.0,90.0,1,-894,649
270,2024,1,2023-11-30T00:00:00,OKC,LAL,133.0,110.0,1,-254,212
271,2024,1,2023-11-30T00:00:00,SA,ATL,135.0,137.0,0,271,-331
272,2024,1,2023-11-30T00:00:00,GS,LAC,120.0,114.0,1,-166,139
273,2024,1,2023-12-01T00:00:00,ORL,WAS,130.0,125.0,1,-383,293
274,2024,1,2023-12-01T00:00:00,BOS,PHI,125.0,119.0,1,-550,399
275,2024,1,2023-12-01T00:00:00,DAL,MEM,94.0,108.0,0,-187,155
276,2024,1,2023-12-01T00:00:00,TOR,NY,106.0,119.0,0,-102,86
277,2024,1,2023-12-01T00:00:00,NO,SA,121.0,106.0,1,-611,428
278,2024,1,2023-12-01T00:00:00,PHO,DEN,111.0,119.0,0,-86,-94
279,2024,1,2023-12-02T00:00:00,LAC,GS,113.0,112.0,1,-252,209
280,2024,1,2023-12-02T00:00:00,CHA,MIN,117.0,123.0,0,209,-252
281,2024,1,2023-12-02T00:00:00,BKN,ORL,129.0,101.0,1,-166,140
282,2024,1,2023-12-02T00:00:00,DET,CLE,101.0,110.0,0,380,-485
283,2024,1,2023-12-02T00:00:00,CHI,NO,124.0,118.0,1,-129,-141
284,2024,1,2023-12-02T00:00:00,MIA,IND,129.0,144.0,0,-227,189
285,2024,1,2023-12-02T00:00:00,MIL,ATL,132.0,121.0,1,-307,252
286,2024,1,2023-12-02T00:00:00,DAL,OKC,120.0,126.0,0,209,-252
287,2024,1,2023-12-02T00:00:00,PHO,MEM,116.0,109.0,1,-595,454
288,2024,1,2023-12-02T00:00:00,UTA,POR,118.0,113.0,1,-147,123
289,2024,1,2023-12-02T00:00:00,SAC,DEN,123.0,117.0,1,-199,167
290,2024,1,2023-12-02T00:00:00,LAL,HOU,107.0,97.0,1,-243,201
291,2024,1,2023-12-04T00:00:00,IND,BOS,122.0,112.0,1,69,-83
292,2024,1,2023-12-04T00:00:00,SAC,NO,117.0,127.0,0,-63,53
293,2024,1,2023-12-05T00:00:00,MIL,NY,146.0,122.0,1,-167,139
294,2024,1,2023-12-05T00:00:00,LAL,PHO,106.0,103.0,1,-124,105
295,2024,1,2023-12-06T00:00:00,CLE,ORL,121.0,111.0,1,-101,84
296,2024,1,2023-12-06T00:00:00,DET,MEM,102.0,116.0,0,57,-68
297,2024,1,2023-12-06T00:00:00,WAS,PHI,126.0,131.0,0,207,-272
298,2024,1,2023-12-06T00:00:00,ATL,BKN,113.0,114.0,0,-84,71
299,2024,1,2023-12-06T00:00:00,MIN,SA,102.0,94.0,1,-340,248
300,2024,1,2023-12-06T00:00:00,TOR,MIA,103.0,112.0,0,-95,79
301,2024,1,2023-12-06T00:00:00,CHI,CHA,111.0,100.0,1,-104,87
302,2024,1,2023-12-06T00:00:00,HOU,OKC,110.0,101.0,1,60,-71
303,2024,1,2023-12-06T00:00:00,DAL,UTA,147.0,97.0,1,-326,239
304,2024,1,2023-12-06T00:00:00,GS,POR,110.0,106.0,1,-408,286
305,2024,1,2023-12-06T00:00:00,LAC,DEN,111.0,102.0,1,-61,-59
306,2024,1,2023-12-07T00:00:00,MIL,IND,119.0,128.0,0,-106,88
307,2024,1,2023-12-07T00:00:00,LAL,NO,133.0,89.0,1,-67,59
308,2024,1,2023-12-08T00:00:00,CHA,TOR,119.0,116.0,1,94,-113
309,2024,1,2023-12-08T00:00:00,ORL,DET,123.0,91.0,1,-275,209
310,2024,1,2023-12-08T00:00:00,PHI,ATL,125.0,114.0,1,-209,165
311,2024,1,2023-12-08T00:00:00,BKN,WAS,124.0,97.0,1,-250,192
312,2024,1,2023-12-08T00:00:00,BOS,NY,133.0,123.0,1,-179,143
313,2024,1,2023-12-08T00:00:00,MEM,MIN,103.0,127.0,0,99,-120
314,2024,1,2023-12-08T00:00:00,MIA,CLE,99.0,111.0,0,58,-69
315,2024,1,2023-12-08T00:00:00,OKC,GS,138.0,136.0,1,-85,72
316,2024,1,2023-12-08T00:00:00,SA,CHI,112.0,121.0,0,63,-74
317,2024,1,2023-12-08T00:00:00,DEN,HOU,106.0,114.0,0,-206,162
318,2024,1,2023-12-08T00:00:00,PHO,SAC,106.0,114.0,0,68,-81
319,2024,1,2023-12-08T00:00:00,POR,DAL,112.0,125.0,0,192,-250
320,2024,1,2023-12-08T00:00:00,UTA,LAC,103.0,117.0,0,138,-170
321,2024,1,2023-12-11T00:00:00,CHA,MIA,114.0,116.0,0,236,-283
322,2024,1,2023-12-11T00:00:00,DET,IND,123.0,131.0,0,360,-444
323,2024,1,2023-12-11T00:00:00,ORL,CLE,104.0,94.0,1,-218,184
324,2024,1,2023-12-11T00:00:00,PHI,WAS,146.0,101.0,1,-1302,881
325,2024,1,2023-12-11T00:00:00,ATL,DEN,122.0,129.0,0,199,-237
326,2024,1,2023-12-11T00:00:00,NY,TOR,136.0,130.0,1,-254,214
327,2024,1,2023-12-11T00:00:00,HOU,SA,93.0,82.0,1,-605,475
328,2024,1,2023-12-11T00:00:00,MEM,DAL,113.0,120.0,0,-161,-176
329,2024,1,2023-12-11T00:00:00,MIL,CHI,133.0,129.0,1,-958,697
330,2024,1,2023-12-11T00:00:00,NO,MIN,121.0,107.0,1,-260,218
331,2024,1,2023-12-11T00:00:00,OKC,UTA,134.0,120.0,1,-1226,843
332,2024,1,2023-12-11T00:00:00,SAC,BKN,131.0,118.0,1,-303,251
333,2024,1,2023-12-11T00:00:00,LAC,POR,132.0,127.0,1,-1609,1034
334,2024,1,2023-12-12T00:00:00,BOS,CLE,120.0,113.0,1,-277,202
335,2024,1,2023-12-12T00:00:00,DAL,LAL,127.0,125.0,1,58,-69
336,2024,1,2023-12-12T00:00:00,CHI,DEN,106.0,114.0,0,89,-109
337,2024,1,2023-12-12T00:00:00,PHO,GS,119.0,116.0,1,44,-53
338,2024,1,2023-12-12T00:00:00,LAC,SAC,119.0,99.0,1,-75,63
339,2024,1,2023-12-13T00:00:00,DET,PHI,111.0,129.0,0,458,-641
340,2024,1,2023-12-13T00:00:00,WAS,NO,122.0,142.0,0,197,-243
341,2024,1,2023-12-13T00:00:00,MIA,CHA,115.0,104.0,1,-311,247
342,2024,1,2023-12-13T00:00:00,TOR,ATL,135.0,128.0,1,-124,104
343,2024,1,2023-12-13T00:00:00,HOU,MEM,117.0,104.0,1,-389,302
344,2024,1,2023-12-13T00:00:00,MIL,IND,140.0,126.0,1,-236,192
345,2024,1,2023-12-13T00:00:00,SA,LAL,119.0,122.0,0,128,-152
346,2024,1,2023-12-13T00:00:00,PHO,BKN,112.0,116.0,0,-176,147
347,2024,1,2023-12-13T00:00:00,UTA,NY,117.0,113.0,1,169,-206
348,2024,1,2023-12-14T00:00:00,BOS,CLE,116.0,107.0,1,-426,336
349,2024,1,2023-12-14T00:00:00,MIA,CHI,116.0,124.0,0,-186,157
350,2024,1,2023-12-14T00:00:00,DAL,MIN,101.0,119.0,0,123,-146
351,2024,1,2023-12-14T00:00:00,DEN,BKN,124.0,101.0,1,-459,358
352,2024,1,2023-12-14T00:00:00,POR,UTA,114.0,122.0,0,-222,184
353,2024,1,2023-12-14T00:00:00,SAC,OKC,128.0,123.0,1,-146,123
354,2024,1,2023-12-14T00:00:00,LAC,GS,121.0,113.0,1,-140,118
355,2024,1,2023-12-15T00:00:00,CHA,NO,107.0,112.0,0,574,-740
356,2024,1,2023-12-15T00:00:00,PHI,DET,124.0,92.0,1,-1914,1218
357,2024,1,2023-12-15T00:00:00,WAS,IND,137.0,123.0,1,452,-566
358,2024,1,2023-12-15T00:00:00,BOS,ORL,128.0,111.0,1,-379,313
359,2024,1,2023-12-15T00:00:00,SA,LAL,129.0,115.0,1,261,-313
360,2024,1,2023-12-15T00:00:00,TOR,ATL,104.0,125.0,0,-218,183
361,2024,1,2023-12-15T00:00:00,MEM,HOU,96.0,103.0,0,216,-258
362,2024,1,2023-12-15T00:00:00,PHO,NY,122.0,139.0,0,-379,313
363,2024,1,2023-12-16T00:00:00,MIL,DET,146.0,114.0,1,-1793,1062
364,2024,1,2023-12-16T00:00:00,CHA,PHI,82.0,135.0,0,664,-930
365,2024,1,2023-12-16T00:00:00,CLE,ATL,127.0,119.0,1,-255,212
366,2024,1,2023-12-16T00:00:00,MIA,CHI,118.0,116.0,1,-255,212
367,2024,1,2023-12-16T00:00:00,MIN,IND,127.0,109.0,1,-691,518
368,2024,1,2023-12-16T00:00:00,GS,BKN,124.0,120.0,1,-215,181
369,2024,1,2023-12-16T00:00:00,DEN,OKC,117.0,118.0,0,-272,226
370,2024,1,2023-12-16T00:00:00,POR,DAL,120.0,131.0,0,212,-255
371,2024,1,2023-12-16T00:00:00,SAC,UTA,125.0,104.0,1,-452,359
372,2024,1,2023-12-16T00:00:00,LAC,NY,144.0,122.0,1,-343,279
373,2024,1,2023-12-17T00:00:00,BOS,ORL,114.0,97.0,1,-445,352
374,2024,1,2023-12-17T00:00:00,SA,NO,110.0,146.0,0,296,-368
375,2024,1,2023-12-17T00:00:00,MIL,HOU,128.0,119.0,1,-352,284
376,2024,1,2023-12-17T00:00:00,PHO,WAS,112.0,108.0,1,-988,679
377,2024,1,2023-12-17T00:00:00,POR,GS,114.0,118.0,0,235,-284
378,2024,1,2023-12-18T00:00:00,CLE,HOU,135.0,130.0,1,-215,180
379,2024,1,2023-12-18T00:00:00,IND,LAC,127.0,151.0,0,180,-215
380,2024,1,2023-12-18T00:00:00,PHI,CHI,104.0,108.0,0,-614,469
381,2024,1,2023-12-18T00:00:00,ATL,DET,130.0,124.0,1,-760,557
382,2024,1,2023-12-18T00:00:00,MIA,MIN,108.0,112.0,0,133,-158
383,2024,1,2023-12-18T00:00:00,TOR,CHA,114.0,99.0,1,-950,665
384,2024,1,2023-12-18T00:00:00,OKC,MEM,116.0,97.0,1,-659,494
385,2024,1,2023-12-18T00:00:00,DEN,DAL,130.0,104.0,1,-437,348
386,2024,1,2023-12-18T00:00:00,UTA,BKN,125.0,108.0,1,165,-196
387,2024,1,2023-12-18T00:00:00,SAC,WAS,143.0,131.0,1,-1267,824
388,2024,1,2023-12-18T00:00:00,LAL,NY,109.0,114.0,0,-243,203
389,2024,1,2023-12-19T00:00:00,NO,MEM,113.0,115.0,0,-415,328
390,2024,1,2023-12-19T00:00:00,MIL,SA,132.0,119.0,1,-1670,979
391,2024,1,2023-12-19T00:00:00,GS,BOS,132.0,126.0,1,196,-236
392,2024,1,2023-12-19T00:00:00,POR,PHO,109.0,104.0,1,276,-343
393,2024,1,2023-12-20T00:00:00,CLE,UTA,124.0,116.0,1,-47,39
394,2024,1,2023-12-20T00:00:00,IND,CHA,144.0,113.0,1,-164,123
395,2024,1,2023-12-20T00:00:00,ORL,MIA,106.0,115.0,0,-65,54
396,2024,1,2023-12-20T00:00:00,PHI,MIN,127.0,113.0,1,-54,45
397,2024,1,2023-12-20T00:00:00,BKN,NY,102.0,121.0,0,-33,-36
398,2024,1,2023-12-20T00:00:00,TOR,DEN,104.0,113.0,0,46,-55
399,2024,1,2023-12-20T00:00:00,CHI,LAL,124.0,108.0,1,46,-55
400,2024,1,2023-12-20T00:00:00,HOU,ATL,127.0,134.0,0,-45,38
401,2024,1,2023-12-20T00:00:00,DAL,LAC,111.0,120.0,0,33,-39
402,2024,1,2023-12-20T00:00:00,SAC,BOS,119.0,144.0,0,-54,45
403,2024,1,2023-12-21T00:00:00,DET,UTA,111.0,119.0,0,-97,82
404,2024,1,2023-12-21T00:00:00,CLE,NO,104.0,123.0,0,105,-124
405,2024,1,2023-12-21T00:00:00,CHI,SA,114.0,95.0,1,-178,146
406,2024,1,2023-12-21T00:00:00,MEM,IND,116.0,103.0,1,-97,82
407,2024,1,2023-12-21T00:00:00,MIL,ORL,118.0,114.0,1,-269,213
408,2024,1,2023-12-21T00:00:00,OKC,LAC,134.0,115.0,1,-178,146
409,2024,1,2023-12-21T00:00:00,MIN,LAL,118.0,111.0,1,-258,206
410,2024,1,2023-12-21T00:00:00,POR,WAS,117.0,118.0,0,-135,112
411,2024,1,2023-12-22T00:00:00,PHI,TOR,121.0,111.0,1,-360,290
412,2024,1,2023-12-22T00:00:00,BKN,DEN,117.0,122.0,0,186,-223
413,2024,1,2023-12-22T00:00:00,HOU,DAL,122.0,96.0,1,-412,325
414,2024,1,2023-12-22T00:00:00,MIA,ATL,122.0,113.0,1,-133,-122
415,2024,1,2023-12-22T00:00:00,GS,WAS,129.0,118.0,1,-667,493
416,2024,1,2023-12-22T00:00:00,SAC,PHO,120.0,105.0,1,-188,158
417,2024,1,2023-12-23T00:00:00,NY,MIL,111.0,130.0,0,187,-221
418,2024,1,2023-12-23T00:00:00,LAC,BOS,108.0,145.0,0,262,-314
419,2024,1,2023-12-23T00:00:00,CHA,DEN,95.0,102.0,0,697,-935
420,2024,1,2023-12-23T00:00:00,IND,ORL,110.0,117.0,0,-230,194
421,2024,1,2023-12-23T00:00:00,NO,HOU,104.0,106.0,0,-493,400
422,2024,1,2023-12-23T00:00:00,ATL,MEM,119.0,125.0,0,-212,178
423,2024,1,2023-12-23T00:00:00,BKN,DET,126.0,115.0,1,-748,578
424,2024,1,2023-12-23T00:00:00,TOR,UTA,119.0,126.0,0,-371,306
425,2024,1,2023-12-23T00:00:00,CHI,CLE,95.0,109.0,0,-416,340
426,2024,1,2023-12-23T00:00:00,OKC,LAL,120.0,129.0,0,-264,221
427,2024,1,2023-12-23T00:00:00,DAL,SA,144.0,119.0,1,-604,476
428,2024,1,2023-12-23T00:00:00,GS,POR,126.0,106.0,1,-604,476
429,2024,1,2023-12-23T00:00:00,SAC,MIN,98.0,110.0,0,-230,194
430,2024,1,2023-12-25T00:00:00,NY,MIL,129.0,122.0,1,143,-170
431,2024,1,2023-12-25T00:00:00,DEN,GS,120.0,114.0,1,-297,240
432,2024,1,2023-12-25T00:00:00,LAL,BOS,115.0,126.0,0,164,-196
433,2024,1,2023-12-25T00:00:00,MIA,PHI,119.0,113.0,1,-145,123
434,2024,1,2023-12-25T00:00:00,PHO,DAL,114.0,128.0,0,-179,153
435,2024,1,2023-12-26T00:00:00,DET,BKN,112.0,118.0,0,125,-153
436,2024,1,2023-12-26T00:00:00,WAS,ORL,119.0,127.0,0,138,-170
437,2024,1,2023-12-26T00:00:00,CHI,ATL,118.0,113.0,1,70,-83
438,2024,1,2023-12-26T00:00:00,HOU,IND,117.0,123.0,0,-87,73
439,2024,1,2023-12-26T00:00:00,NO,MEM,115.0,116.0,0,-113,94
440,2024,1,2023-12-26T00:00:00,OKC,MIN,129.0,106.0,1,-76,64
441,2024,1,2023-12-26T00:00:00,SA,UTA,118.0,130.0,0,80,-95
442,2024,1,2023-12-26T00:00:00,POR,SAC,130.0,113.0,1,190,-242
443,2024,1,2023-12-26T00:00:00,LAC,CHA,113.0,104.0,1,-318,239
444,2024,1,2023-12-27T00:00:00,ORL,PHI,92.0,112.0,0,-64,54
445,2024,1,2023-12-27T00:00:00,WAS,TOR,102.0,132.0,0,97,-120
446,2024,1,2023-12-27T00:00:00,BKN,MIL,122.0,144.0,0,162,-212
447,2024,1,2023-12-27T00:00:00,HOU,PHO,113.0,129.0,0,56,-67
448,2024,1,2023-12-27T00:00:00,OKC,NY,129.0,120.0,1,-73,61
449,2024,1,2023-12-27T00:00:00,DAL,CLE,110.0,113.0,0,-107,88
450,2024,1,2023-12-28T00:00:00,BOS,DET,128.0,122.0,1,-652,386
451,2024,1,2023-12-28T00:00:00,CHI,IND,104.0,120.0,0,-52,-54
452,2024,1,2023-12-28T00:00:00,MIN,DAL,118.0,110.0,1,-362,254
453,2024,1,2023-12-28T00:00:00,NO,UTA,112.0,105.0,1,-198,155
454,2024,1,2023-12-28T00:00:00,DEN,MEM,142.0,105.0,1,-191,150
455,2024,1,2023-12-28T00:00:00,GS,MIA,102.0,114.0,0,-125,101
456,2024,1,2023-12-28T00:00:00,POR,SA,105.0,118.0,0,-78,66
457,2024,1,2023-12-28T00:00:00,LAL,CHA,133.0,112.0,1,-362,254
458,2024,1,2023-12-29T00:00:00,ORL,NY,117.0,108.0,1,37,-44
459,2024,1,2023-12-29T00:00:00,WAS,BKN,110.0,104.0,1,72,-88
460,2024,1,2023-12-29T00:00:00,ATL,SAC,110.0,117.0,0,-38,-43
461,2024,1,2023-12-29T00:00:00,BOS,TOR,120.0,118.0,1,-71,59
462,2024,1,2023-12-29T00:00:00,CLE,MIL,111.0,119.0,0,63,-75
463,2024,1,2023-12-29T00:00:00,HOU,PHI,127.0,131.0,0,-38,-43
464,2024,1,2023-12-29T00:00:00,DEN,OKC,93.0,119.0,0,-45,38
465,2024,1,2023-12-29T00:00:00,PHO,CHA,133.0,119.0,1,-442,276
466,2024,1,2023-12-29T00:00:00,POR,SA,134.0,128.0,1,-68,57
467,2024,1,2023-12-29T00:00:00,LAC,MEM,117.0,106.0,1,-63,52
468,2024,1,2023-12-30T00:00:00,UTA,MIA,117.0,109.0,1,143,-170
469,2024,1,2023-12-30T00:00:00,DET,TOR,129.0,127.0,1,159,-192
470,2024,1,2023-12-30T00:00:00,IND,NY,140.0,126.0,1,-192,159
471,2024,1,2023-12-30T00:00:00,CHI,PHI,105.0,92.0,1,-126,-115
472,2024,1,2023-12-30T00:00:00,MIN,LAL,108.0,106.0,1,-192,159
473,2024,1,2023-12-30T00:00:00,GS,DAL,122.0,132.0,0,-192,159
474,2024,1,2023-12-31T00:00:00,WAS,ATL,126.0,130.0,0,300,-366
475,2024,1,2023-12-31T00:00:00,NO,LAL,129.0,109.0,1,-319,264
476,2024,1,2023-12-31T00:00:00,OKC,BKN,124.0,108.0,1,-437,352
477,2024,1,2023-12-31T00:00:00,SA,BOS,101.0,134.0,0,1099,-1758
478,2024,1,2023-12-31T00:00:00,MEM,SAC,92.0,123.0,0,-168,-154
479,2024,1,2023-12-31T00:00:00,PHO,ORL,112.0,107.0,1,-319,264
480,2024,1,2024-01-01T00:00:00,NY,MIN,112.0,106.0,1,-176,-203
481,2024,1,2024-01-01T00:00:00,TOR,CLE,124.0,121.0,1,-255,213
482,2024,1,2024-01-01T00:00:00,HOU,DET,136.0,113.0,1,-680,534
483,2024,1,2024-01-01T00:00:00,MIL,IND,113.0,122.0,0,-559,447
484,2024,1,2024-01-01T00:00:00,DEN,CHA,111.0,93.0,1,-2840,1635
485,2024,1,2024-01-01T00:00:00,PHO,POR,109.0,88.0,1,-731,568
486,2024,1,2024-01-01T00:00:00,UTA,DAL,127.0,90.0,1,258,-310
487,2024,1,2024-01-01T00:00:00,LAC,MIA,121.0,104.0,1,-594,473
488,2024,1,2024-01-02T00:00:00,PHI,CHI,110.0,97.0,1,-158,121
489,2024,1,2024-01-02T00:00:00,MEM,SA,106.0,98.0,1,-210,153
490,2024,1,2024-01-02T00:00:00,NO,BKN,112.0,85.0,1,-76,62
491,2024,1,2024-01-02T00:00:00,OKC,BOS,127.0,123.0,1,48,-57
492,2024,1,2024-01-02T00:00:00,GS,ORL,121.0,115.0,1,-57,48
493,2024,1,2024-01-02T00:00:00,SAC,CHA,104.0,111.0,0,-454,269
494,2024,1,2024-01-03T00:00:00,CLE,WAS,140.0,101.0,1,-287,225
495,2024,1,2024-01-03T00:00:00,IND,MIL,142.0,130.0,1,95,-113
496,2024,1,2024-01-03T00:00:00,ATL,OKC,141.0,138.0,1,-81,-79
497,2024,1,2024-01-03T00:00:00,HOU,BKN,112.0,101.0,1,-127,105
498,2024,1,2024-01-03T00:00:00,MEM,TOR,111.0,116.0,0,-84,-76
499,2024,1,2024-01-03T00:00:00,MIN,NO,106.0,117.0,0,-173,138
500,2024,1,2024-01-03T00:00:00,DAL,POR,126.0,97.0,1,-418,309
501,2024,1,2024-01-03T00:00:00,NY,CHI,116.0,100.0,1,-236,189
502,2024,1,2024-01-03T00:00:00,PHO,LAC,122.0,131.0,0,105,-127
503,2024,1,2024-01-03T00:00:00,UTA,DET,154.0,148.0,1,-273,214
504,2024,1,2024-01-03T00:00:00,LAL,MIA,96.0,110.0,0,-144,119
505,2024,1,2024-01-03T00:00:00,SAC,ORL,138.0,135.0,1,-158,131
506,2024,1,2024-01-04T00:00:00,SA,MIL,121.0,125.0,0,431,-582
507,2024,1,2024-01-04T00:00:00,GS,DEN,127.0,130.0,0,144,-172
508,2024,1,2024-01-05T00:00:00,BOS,UTA,126.0,97.0,1,-1705,1085
509,2024,1,2024-01-05T00:00:00,IND,ATL,150.0,116.0,1,-220,186
510,2024,1,2024-01-05T00:00:00,BKN,OKC,124.0,115.0,1,248,-298
511,2024,1,2024-01-05T00:00:00,CLE,WAS,114.0,90.0,1,-806,604
512,2024,1,2024-01-05T00:00:00,PHI,NY,92.0,128.0,0,-349,287
513,2024,1,2024-01-05T00:00:00,CHI,CHA,104.0,91.0,1,-581,457
514,2024,1,2024-01-05T00:00:00,HOU,MIN,95.0,122.0,0,220,-264
515,2024,1,2024-01-05T00:00:00,NO,LAC,95.0,111.0,0,-163,-178
516,2024,1,2024-01-05T00:00:00,DAL,POR,139.0,103.0,1,-442,356
517,2024,1,2024-01-05T00:00:00,DEN,ORL,120.0,122.0,0,-752,574
518,2024,1,2024-01-05T00:00:00,PHO,MIA,113.0,97.0,1,-209,177
519,2024,1,2024-01-05T00:00:00,GS,DET,113.0,109.0,1,-775,589
520,2024,1,2024-01-05T00:00:00,LAL,MEM,113.0,127.0,0,-257,217
521,2024,1,2024-01-05T00:00:00,SAC,TOR,135.0,130.0,1,-287,239
522,2024,1,2024-01-06T00:00:00,IND,BOS,101.0,118.0,0,288,-354
523,2024,1,2024-01-06T00:00:00,WAS,NY,105.0,121.0,0,432,-557
524,2024,1,2024-01-06T00:00:00,PHI,UTA,109.0,120.0,0,-321,262
525,2024,1,2024-01-06T00:00:00,HOU,MIL,112.0,108.0,1,288,-354
526,2024,1,2024-01-07T00:00:00,CLE,SA,117.0,115.0,1,-762,570
527,2024,1,2024-01-07T00:00:00,BKN,POR,127.0,134.0,0,-584,456
528,2024,1,2024-01-07T00:00:00,ORL,ATL,117.0,110.0,1,162,-192
529,2024,1,2024-01-07T00:00:00,SAC,NO,100.0,133.0,0,-263,219
530,2024,1,2024-01-07T00:00:00,DAL,MIN,115.0,108.0,1,162,-192
531,2024,1,2024-01-07T00:00:00,DEN,DET,131.0,114.0,1,-2278,1282
532,2024,1,2024-01-07T00:00:00,PHO,MEM,115.0,121.0,0,-491,392
533,2024,1,2024-01-07T00:00:00,GS,TOR,118.0,133.0,0,-192,162
534,2024,1,2024-01-07T00:00:00,LAL,LAC,106.0,103.0,1,228,-273
535,2024,1,2024-01-08T00:00:00,CHA,CHI,112.0,119.0,0,171,-211
536,2024,1,2024-01-08T00:00:00,IND,BOS,133.0,131.0,1,103,-123
537,2024,1,2024-01-08T00:00:00,WAS,OKC,128.0,136.0,0,323,-436
538,2024,1,2024-01-08T00:00:00,MIA,HOU,120.0,113.0,1,-137,114
539,2024,1,2024-01-08T00:00:00,MIL,UTA,116.0,132.0,0,-273,216
540,2024,1,2024-01-08T00:00:00,LAC,PHO,138.0,111.0,1,-156,129
541,2024,1,2024-01-09T00:00:00,DET,SAC,110.0,131.0,0,246,-331
542,2024,1,2024-01-09T00:00:00,ORL,MIN,92.0,113.0,0,111,-135
543,2024,1,2024-01-09T00:00:00,NY,POR,112.0,84.0,1,-481,331
544,2024,1,2024-01-09T00:00:00,DAL,MEM,103.0,120.0,0,-282,216
545,2024,1,2024-01-09T00:00:00,LAL,TOR,132.0,131.0,1,-119,99
546,2024,1,2024-01-10T00:00:00,BOS,MIN,127.0,120.0,1,-211,160
547,2024,1,2024-01-10T00:00:00,CHA,SAC,98.0,123.0,0,116,-146
548,2024,1,2024-01-10T00:00:00,DET,SA,108.0,130.0,0,51,-60
549,2024,1,2024-01-10T00:00:00,IND,WAS,112.0,104.0,1,-137,110
550,2024,1,2024-01-10T00:00:00,ATL,PHI,139.0,132.0,1,-50,-43
551,2024,1,2024-01-10T00:00:00,MIA,OKC,120.0,128.0,0,65,-78
552,2024,1,2024-01-10T00:00:00,CHI,HOU,124.0,119.0,1,-72,60
553,2024,1,2024-01-10T00:00:00,GS,NO,105.0,141.0,0,51,-60
554,2024,1,2024-01-10T00:00:00,UTA,DEN,124.0,111.0,1,91,-112
555,2024,1,2024-01-10T00:00:00,LAC,TOR,126.0,120.0,1,-253,186
556,2024,1,2024-01-11T00:00:00,CLE,BKN,111.0,102.0,1,-156,131
557,2024,1,2024-01-11T00:00:00,MIL,BOS,135.0,102.0,1,-122,103
558,2024,1,2024-01-11T00:00:00,OKC,POR,139.0,77.0,1,-938,610
559,2024,1,2024-01-11T00:00:00,DAL,NY,128.0,124.0,1,154,-186
560,2024,1,2024-01-11T00:00:00,LAL,PHO,109.0,127.0,0,-96,-111
561,2024,1,2024-01-12T00:00:00,ATL,IND,108.0,126.0,0,-237,195
562,2024,1,2024-01-12T00:00:00,DET,HOU,110.0,112.0,0,337,-431
563,2024,1,2024-01-12T00:00:00,PHI,SAC,112.0,93.0,1,-118,-114
564,2024,1,2024-01-12T00:00:00,CHI,GS,131.0,140.0,0,-149,126
565,2024,1,2024-01-12T00:00:00,MEM,LAC,119.0,128.0,0,284,-358
566,2024,1,2024-01-12T00:00:00,MIA,ORL,99.0,96.0,1,-124,-107
567,2024,1,2024-01-12T00:00:00,MIN,POR,116.0,93.0,1,-1420,842
568,2024,1,2024-01-12T00:00:00,SA,CHA,135.0,99.0,1,-142,116
569,2024,1,2024-01-12T00:00:00,UTA,TOR,145.0,113.0,1,-126,105
570,2024,1,2024-01-12T00:00:00,DEN,NO,125.0,113.0,1,-242,200
571,2024,1,2024-01-13T00:00:00,BOS,HOU,145.0,113.0,1,-1813,1133
572,2024,1,2024-01-13T00:00:00,ATL,WAS,99.0,127.0,0,-536,423
573,2024,1,2024-01-13T00:00:00,MEM,NY,94.0,106.0,0,604,-808
574,2024,1,2024-01-13T00:00:00,MIL,GS,129.0,118.0,1,-1511,982
575,2024,1,2024-01-13T00:00:00,OKC,ORL,112.0,100.0,1,-944,688
576,2024,1,2024-01-13T00:00:00,DAL,NO,108.0,118.0,0,-340,280
577,2024,1,2024-01-13T00:00:00,SA,CHI,116.0,122.0,0,310,-378
578,2024,1,2024-01-13T00:00:00,UTA,LAL,132.0,125.0,1,-224,187
579,2024,1,2024-01-14T00:00:00,DEN,IND,117.0,109.0,1,-899,674
580,2024,1,2024-01-14T00:00:00,MIA,CHA,104.0,87.0,1,-657,519
581,2024,1,2024-01-14T00:00:00,MIL,SAC,143.0,142.0,1,-311,259
582,2024,1,2024-01-14T00:00:00,MIN,LAC,109.0,105.0,1,-190,-190
583,2024,1,2024-01-14T00:00:00,POR,PHO,116.0,127.0,0,1167,-1815
584,2024,1,2024-01-15T00:00:00,PHI,HOU,124.0,115.0,1,-296,234
585,2024,1,2024-01-15T00:00:00,DAL,NO,125.0,120.0,1,133,-165
586,2024,1,2024-01-15T00:00:00,NY,ORL,94.0,98.0,0,-182,150
587,2024,1,2024-01-15T00:00:00,WAS,DET,117.0,129.0,0,-192,158
588,2024,1,2024-01-15T00:00:00,ATL,SA,109.0,99.0,1,-296,234
589,2024,1,2024-01-15T00:00:00,MEM,GS,116.0,107.0,1,200,-249
590,2024,1,2024-01-15T00:00:00,CLE,CHI,109.0,91.0,1,-146,121
591,2024,1,2024-01-15T00:00:00,BKN,MIA,95.0,96.0,0,-90,-93
592,2024,1,2024-01-15T00:00:00,TOR,BOS,96.0,105.0,0,175,-215
593,2024,1,2024-01-15T00:00:00,UTA,IND,132.0,105.0,1,-225,183
594,2024,1,2024-01-15T00:00:00,LAL,OKC,112.0,105.0,1,100,-118
595,2024,1,2024-01-16T00:00:00,PHI,DEN,126.0,121.0,1,-66,55
596,2024,1,2024-01-16T00:00:00,PHO,SAC,119.0,117.0,1,-92,76
597,2024,1,2024-01-16T00:00:00,LAC,OKC,128.0,117.0,1,-121,103
598,2024,1,2024-01-17T00:00:00,DET,MIN,117.0,124.0,0,337,-481
599,2024,1,2024-01-17T00:00:00,ATL,ORL,106.0,104.0,1,-115,96
600,2024,1,2024-01-17T00:00:00,BOS,SA,117.0,98.0,1,-769,481
601,2024,1,2024-01-17T00:00:00,CLE,MIL,135.0,95.0,1,-80,67
602,2024,1,2024-01-17T00:00:00,NY,HOU,109.0,94.0,1,-186,151
603,2024,1,2024-01-17T00:00:00,TOR,MIA,121.0,97.0,1,83,-99
604,2024,1,2024-01-17T00:00:00,NO,CHA,132.0,112.0,1,-449,320
605,2024,1,2024-01-17T00:00:00,LAL,DAL,127.0,110.0,1,-99,83
606,2024,1,2024-01-17T00:00:00,POR,BKN,105.0,103.0,1,109,-131
607,2024,1,2024-01-18T00:00:00,NY,WAS,113.0,109.0,1,-1041,756
608,2024,1,2024-01-18T00:00:00,TOR,CHI,110.0,116.0,0,162,-193
609,2024,1,2024-01-18T00:00:00,UTA,OKC,129.0,134.0,0,185,-219
610,2024,1,2024-01-18T00:00:00,MIN,MEM,118.0,103.0,1,-1156,810
611,2024,1,2024-01-18T00:00:00,SAC,IND,121.0,126.0,0,-547,432
612,2024,1,2024-01-19T00:00:00,CHA,SA,124.0,120.0,1,-253,211
613,2024,1,2024-01-19T00:00:00,ORL,PHI,109.0,124.0,0,224,-270
614,2024,1,2024-01-19T00:00:00,BOS,DEN,100.0,102.0,0,-376,303
615,2024,1,2024-01-19T00:00:00,MIA,ATL,108.0,109.0,0,-366,297
616,2024,1,2024-01-19T00:00:00,NO,PHO,109.0,123.0,0,-187,158
617,2024,1,2024-01-19T00:00:00,POR,IND,118.0,115.0,1,343,-428
618,2024,1,2024-01-19T00:00:00,LAL,BKN,112.0,130.0,0,-376,303
619,2024,1,2024-01-20T00:00:00,DET,MIL,135.0,141.0,0,754,-1146
620,2024,1,2024-01-20T00:00:00,CHA,PHI,89.0,97.0,0,591,-814
621,2024,1,2024-01-20T00:00:00,WAS,SA,127.0,131.0,0,-157,133
622,2024,1,2024-01-20T00:00:00,ATL,CLE,95.0,116.0,0,127,-151
623,2024,1,2024-01-20T00:00:00,NY,TOR,126.0,100.0,1,-350,283
624,2024,1,2024-01-20T00:00:00,CHI,MEM,125.0,96.0,1,-350,283
625,2024,1,2024-01-20T00:00:00,HOU,UTA,127.0,126.0,1,-151,127
626,2024,1,2024-01-20T00:00:00,MIN,OKC,97.0,102.0,0,-171,145
627,2024,1,2024-01-21T00:00:00,LAC,BKN,125.0,114.0,1,-802,612
628,2024,1,2024-01-21T00:00:00,ORL,MIA,105.0,87.0,1,-195,-169
629,2024,1,2024-01-21T00:00:00,WAS,DEN,104.0,113.0,0,951,-1406
630,2024,1,2024-01-21T00:00:00,HOU,BOS,107.0,116.0,0,810,-1116
631,2024,1,2024-01-21T00:00:00,PHO,IND,117.0,110.0,1,-427,347
632,2024,1,2024-01-21T00:00:00,LAL,POR,134.0,110.0,1,-951,703
633,2024,1,2024-01-22T00:00:00,DET,MIL,113.0,122.0,0,141,-202
634,2024,1,2024-01-22T00:00:00,ORL,CLE,99.0,126.0,0,31,-36
635,2024,1,2024-01-22T00:00:00,PHI,SA,133.0,123.0,1,-256,168
636,2024,1,2024-01-22T00:00:00,TOR,MEM,100.0,108.0,0,-69,56
637,2024,1,2024-01-22T00:00:00,MIN,CHA,125.0,128.0,0,-296,188
638,2024,1,2024-01-22T00:00:00,DAL,BOS,110.0,119.0,0,31,-36
639,2024,1,2024-01-22T00:00:00,PHO,CHI,115.0,113.0,1,-55,46
640,2024,1,2024-01-22T00:00:00,SAC,ATL,122.0,107.0,1,-93,74
641,2024,1,2024-01-23T00:00:00,IND,DEN,109.0,114.0,0,130,-157
642,2024,1,2024-01-23T00:00:00,BKN,NY,103.0,108.0,0,108,-129
643,2024,1,2024-01-23T00:00:00,NO,UTA,153.0,124.0,1,-210,171
644,2024,1,2024-01-23T00:00:00,OKC,POR,111.0,109.0,1,-754,496
645,2024,1,2024-01-23T00:00:00,LAC,LAL,127.0,116.0,1,-314,246
646,2024,1,2024-01-24T00:00:00,DET,CHA,113.0,106.0,1,-134,114
647,2024,1,2024-01-24T00:00:00,WAS,MIN,107.0,118.0,0,369,-492
648,2024,1,2024-01-24T00:00:00,MIA,MEM,96.0,105.0,0,-568,416
649,2024,1,2024-01-24T00:00:00,HOU,POR,131.0,137.0,0,-430,331
650,2024,1,2024-01-24T00:00:00,MIL,CLE,126.0,116.0,1,-251,203
651,2024,1,2024-01-24T00:00:00,DAL,PHO,109.0,132.0,0,108,-128
652,2024,1,2024-01-24T00:00:00,SA,OKC,114.0,140.0,0,303,-388
653,2024,1,2024-01-24T00:00:00,GS,ATL,134.0,112.0,1,-225,184
654,2024,1,2024-01-25T00:00:00,IND,PHI,134.0,122.0,1,230,-275
655,2024,1,2024-01-25T00:00:00,WAS,UTA,108.0,123.0,0,364,-450
656,2024,1,2024-01-25T00:00:00,BKN,MIN,94.0,96.0,0,234,-283
657,2024,1,2024-01-25T00:00:00,MIA,BOS,110.0,143.0,0,437,-550
658,2024,1,2024-01-25T00:00:00,NY,DEN,122.0,84.0,1,194,-230
659,2024,1,2024-01-25T00:00:00,GS,SAC,133.0,134.0,0,162,-194
660,2024,1,2024-01-25T00:00:00,LAL,CHI,141.0,132.0,1,-385,315
661,2024,1,2024-01-26T00:00:00,ATL,DAL,143.0,148.0,0,-168,142
662,2024,1,2024-01-26T00:00:00,CHA,HOU,104.0,138.0,0,204,-246
663,2024,1,2024-01-26T00:00:00,IND,PHO,133.0,131.0,1,199,-238
664,2024,1,2024-01-26T00:00:00,TOR,LAC,107.0,127.0,0,335,-422
665,2024,1,2024-01-26T00:00:00,MEM,ORL,107.0,106.0,1,236,-286
666,2024,1,2024-01-26T00:00:00,MIL,CLE,100.0,112.0,0,-271,224
667,2024,1,2024-01-26T00:00:00,NO,OKC,83.0,107.0,0,127,-152
668,2024,1,2024-01-26T00:00:00,SA,POR,116.0,100.0,1,-246,204
669,2024,1,2024-01-27T00:00:00,DET,WAS,104.0,118.0,0,-220,185
670,2024,1,2024-01-27T00:00:00,NY,MIA,125.0,109.0,1,-261,217
671,2024,1,2024-01-27T00:00:00,DEN,PHI,111.0,105.0,1,-461,366
672,2024,1,2024-01-27T00:00:00,BKN,HOU,106.0,104.0,1,-231,193
673,2024,1,2024-01-27T00:00:00,BOS,LAC,96.0,115.0,0,-366,299
674,2024,1,2024-01-27T00:00:00,CHA,UTA,122.0,134.0,0,489,-638
675,2024,1,2024-01-27T00:00:00,MIL,NO,141.0,117.0,1,-225,190
676,2024,1,2024-01-27T00:00:00,GS,LAL,144.0,145.0,0,-170,142
677,2024,1,2024-01-27T00:00:00,SA,MIN,113.0,112.0,1,529,-706
678,2024,1,2024-01-27T00:00:00,DAL,SAC,115.0,120.0,0,209,-251
679,2024,1,2024-01-28T00:00:00,DET,OKC,120.0,104.0,1,475,-702
680,2024,1,2024-01-28T00:00:00,IND,MEM,116.0,110.0,1,-240,194
681,2024,1,2024-01-28T00:00:00,ATL,TOR,126.0,125.0,1,-197,161
682,2024,1,2024-01-28T00:00:00,ORL,PHO,113.0,98.0,1,87,-103
683,2024,1,2024-01-28T00:00:00,POR,CHI,96.0,104.0,0,149,-180
684,2024,1,2024-01-29T00:00:00,CHA,NY,92.0,113.0,0,176,-227
685,2024,1,2024-01-29T00:00:00,CLE,LAC,118.0,108.0,1,54,-65
686,2024,1,2024-01-29T00:00:00,BKN,UTA,147.0,114.0,1,-59,-59
687,2024,1,2024-01-29T00:00:00,BOS,NO,118.0,112.0,1,-166,134
688,2024,1,2024-01-29T00:00:00,MIA,PHO,105.0,118.0,0,-69,59
689,2024,1,2024-01-29T00:00:00,HOU,LAL,135.0,119.0,1,53,-64
690,2024,1,2024-01-29T00:00:00,MEM,SAC,94.0,103.0,0,214,-286
691,2024,1,2024-01-29T00:00:00,OKC,MIN,101.0,107.0,0,-76,64
692,2024,1,2024-01-29T00:00:00,SA,WAS,113.0,118.0,0,-87,73
693,2024,1,2024-01-29T00:00:00,DAL,ORL,131.0,129.0,1,-87,73
694,2024,1,2024-01-29T00:00:00,DEN,MIL,113.0,107.0,1,-91,76
695,2024,1,2024-01-29T00:00:00,POR,PHI,130.0,104.0,1,96,-116
696,2024,1,2024-01-30T00:00:00,ATL,LAL,138.0,122.0,1,-110,90
697,2024,1,2024-01-30T00:00:00,BOS,IND,129.0,124.0,1,-174,137
698,2024,1,2024-01-30T00:00:00,NY,UTA,118.0,103.0,1,-69,59
699,2024,1,2024-01-30T00:00:00,CHI,TOR,107.0,118.0,0,-139,112
700,2024,1,2024-01-30T00:00:00,GS,PHI,119.0,107.0,1,-64,54
701,2024,1,2024-01-31T00:00:00,CHA,CHI,110.0,117.0,0,161,-196
702,2024,1,2024-01-31T00:00:00,CLE,DET,128.0,121.0,1,-826,544
703,2024,1,2024-01-31T00:00:00,WAS,LAC,109.0,125.0,0,287,-370
704,2024,1,2024-01-31T00:00:00,MIA,SAC,115.0,106.0,1,-117,99
705,2024,1,2024-01-31T00:00:00,HOU,NO,99.0,110.0,0,-100,-91
706,2024,1,2024-01-31T00:00:00,MIN,DAL,121.0,87.0,1,-740,500
707,2024,1,2024-01-31T00:00:00,OKC,DEN,105.0,100.0,1,-190,157
708,2024,1,2024-01-31T00:00:00,SA,ORL,98.0,108.0,0,174,-213
709,2024,1,2024-01-31T00:00:00,BKN,PHO,120.0,136.0,0,122,-144
710,2024,1,2024-01-31T00:00:00,POR,MIL,119.0,116.0,1,339,-452
711,2024,1,2024-02-01T00:00:00,BOS,LAL,105.0,114.0,0,-1876,1100
712,2024,1,2024-02-01T00:00:00,NY,IND,109.0,105.0,1,-162,136
713,2024,1,2024-02-01T00:00:00,MEM,CLE,101.0,108.0,0,382,-485
714,2024,1,2024-02-01T00:00:00,UTA,PHI,124.0,127.0,0,-239,199
715,2024,1,2024-02-02T00:00:00,DET,LAC,125.0,136.0,0,690,-951
716,2024,1,2024-02-02T00:00:00,WAS,MIA,102.0,110.0,0,366,-458
717,2024,1,2024-02-02T00:00:00,ATL,PHO,129.0,120.0,1,183,-218
718,2024,1,2024-02-02T00:00:00,IND,SAC,122.0,133.0,0,204,-247
719,2024,1,2024-02-02T00:00:00,HOU,TOR,135.0,106.0,1,-254,211
720,2024,1,2024-02-02T00:00:00,MEM,GS,101.0,121.0,0,338,-420
721,2024,1,2024-02-02T00:00:00,MIN,ORL,106.0,108.0,0,-380,310
722,2024,1,2024-02-02T00:00:00,OKC,CHA,126.0,106.0,1,-1902,1127
723,2024,1,2024-02-02T00:00:00,SA,NO,113.0,114.0,0,380,-479
724,2024,1,2024-02-02T00:00:00,DEN,POR,120.0,108.0,1,-1550,986
725,2024,1,2024-02-03T00:00:00,PHI,BKN,121.0,136.0,0,-138,115
726,2024,1,2024-02-03T00:00:00,ATL,GS,141.0,134.0,1,-156,127
727,2024,1,2024-02-03T00:00:00,CHI,SAC,115.0,123.0,0,-133,-121
728,2024,1,2024-02-03T00:00:00,DAL,MIL,117.0,129.0,0,162,-192
729,2024,1,2024-02-03T00:00:00,NY,LAL,105.0,113.0,0,-144,121
730,2024,1,2024-02-03T00:00:00,SA,CLE,101.0,117.0,0,439,-577
731,2024,1,2024-02-04T00:00:00,DET,ORL,99.0,111.0,0,120,-146
732,2024,1,2024-02-04T00:00:00,WAS,PHO,112.0,140.0,0,240,-322
733,2024,1,2024-02-04T00:00:00,BOS,MEM,131.0,91.0,1,-1641,762
734,2024,1,2024-02-04T00:00:00,CHA,IND,99.0,115.0,0,275,-381
735,2024,1,2024-02-04T00:00:00,MIA,LAC,95.0,103.0,0,105,-128
736,2024,1,2024-02-04T00:00:00,MIN,HOU,111.0,90.0,1,-190,152
737,2024,1,2024-02-04T00:00:00,OKC,TOR,135.0,127.0,1,-211,167
738,2024,1,2024-02-04T00:00:00,UTA,MIL,123.0,108.0,1,-83,70
739,2024,1,2024-02-04T00:00:00,DEN,POR,112.0,103.0,1,-791,469
740,2024,1,2024-02-05T00:00:00,CHA,LAL,118.0,124.0,0,298,-453
741,2024,1,2024-02-05T00:00:00,CLE,SAC,136.0,110.0,1,-92,76
742,2024,1,2024-02-05T00:00:00,PHI,DAL,102.0,118.0,0,57,-68
743,2024,1,2024-02-05T00:00:00,ATL,LAC,144.0,149.0,0,68,-81
744,2024,1,2024-02-05T00:00:00,BKN,GS,98.0,109.0,0,-49,-56
745,2024,1,2024-02-05T00:00:00,NO,TOR,138.0,100.0,1,-248,186
746,2024,1,2024-02-06T00:00:00,IND,HOU,132.0,129.0,1,-313,247
747,2024,1,2024-02-06T00:00:00,BKN,DAL,107.0,119.0,0,128,-154
748,2024,1,2024-02-06T00:00:00,MIA,ORL,121.0,95.0,1,-131,109
749,2024,1,2024-02-06T00:00:00,NY,MEM,123.0,113.0,1,-970,617
750,2024,1,2024-02-06T00:00:00,CHI,MIN,129.0,123.0,1,159,-192
751,2024,1,2024-02-06T00:00:00,UTA,OKC,124.0,117.0,1,115,-137
752,2024,1,2024-02-06T00:00:00,PHO,MIL,114.0,106.0,1,-198,163
753,2024,1,2024-02-07T00:00:00,CHA,TOR,117.0,123.0,0,219,-269
754,2024,1,2024-02-07T00:00:00,WAS,CLE,106.0,114.0,0,469,-648
755,2024,1,2024-02-07T00:00:00,BOS,ATL,125.0,117.0,1,-698,498
756,2024,1,2024-02-07T00:00:00,MIA,SA,116.0,104.0,1,-344,269
757,2024,1,2024-02-07T00:00:00,PHI,GS,104.0,127.0,0,130,-155
758,2024,1,2024-02-07T00:00:00,LAC,NO,106.0,117.0,0,-204,169
759,2024,1,2024-02-07T00:00:00,SAC,DET,120.0,133.0,0,-897,598
760,2024,1,2024-02-08T00:00:00,IND,GS,109.0,131.0,0,-259,213
761,2024,1,2024-02-08T00:00:00,ORL,SA,127.0,111.0,1,-593,451
762,2024,1,2024-02-08T00:00:00,BKN,CLE,95.0,118.0,0,291,-362
763,2024,1,2024-02-08T00:00:00,NY,DAL,108.0,122.0,0,237,-291
764,2024,1,2024-02-08T00:00:00,MEM,CHI,110.0,118.0,0,202,-243
765,2024,1,2024-02-08T00:00:00,MIL,MIN,105.0,129.0,0,130,-154
766,2024,1,2024-02-08T00:00:00,PHO,UTA,129.0,115.0,1,-243,202
767,2024,1,2024-02-08T00:00:00,LAL,DEN,106.0,114.0,0,147,-176
768,2024,1,2024-02-08T00:00:00,POR,DET,122.0,128.0,0,-213,178
769,2024,1,2024-02-09T00:00:00,PHI,ATL,121.0,127.0,0,228,-271
770,2024,1,2024-02-09T00:00:00,BOS,WAS,133.0,129.0,1,-4687,2176
771,2024,1,2024-02-09T00:00:00,TOR,HOU,107.0,104.0,1,-248,208
772,2024,1,2024-02-09T00:00:00,MIL,CHA,120.0,84.0,1,-3013,1674
773,2024,1,2024-02-09T00:00:00,SAC,DEN,135.0,106.0,1,-248,208
774,2024,1,2024-02-09T00:00:00,LAL,NO,139.0,122.0,1,191,-226
775,2024,1,2024-02-10T00:00:00,DAL,OKC,146.0,111.0,1,-82,-90
776,2024,1,2024-02-10T00:00:00,LAC,DET,112.0,106.0,1,-1290,704
777,2024,1,2024-02-10T00:00:00,BKN,SA,123.0,103.0,1,-176,145
778,2024,1,2024-02-10T00:00:00,CHA,MEM,115.0,106.0,1,133,-160
779,2024,1,2024-02-10T00:00:00,ORL,CHI,114.0,108.0,1,-160,133
780,2024,1,2024-02-10T00:00:00,WAS,PHI,113.0,119.0,0,141,-170
781,2024,1,2024-02-10T00:00:00,ATL,HOU,122.0,113.0,1,-217,176
782,2024,1,2024-02-10T00:00:00,NY,IND,111.0,125.0,0,94,-111
783,2024,1,2024-02-10T00:00:00,TOR,CLE,95.0,119.0,0,242,-309
784,2024,1,2024-02-10T00:00:00,GS,PHO,113.0,112.0,1,82,-98
785,2024,1,2024-02-10T00:00:00,POR,NO,84.0,93.0,0,223,-282
786,2024,1,2024-02-11T00:00:00,MIA,BOS,106.0,110.0,0,144,-179
787,2024,1,2024-02-11T00:00:00,OKC,SAC,127.0,113.0,1,-94,79
788,2024,1,2024-02-12T00:00:00,CHA,IND,111.0,102.0,1,263,-346
789,2024,1,2024-02-12T00:00:00,CLE,PHI,121.0,123.0,0,-432,315
790,2024,1,2024-02-12T00:00:00,ATL,CHI,126.0,136.0,0,-137,113
791,2024,1,2024-02-12T00:00:00,TOR,SA,99.0,122.0,0,-156,128
792,2024,1,2024-02-12T00:00:00,HOU,NY,105.0,103.0,1,-78,-75
793,2024,1,2024-02-12T00:00:00,MEM,NO,87.0,96.0,0,235,-304
794,2024,1,2024-02-12T00:00:00,MIL,DEN,112.0,95.0,1,-82,-71
795,2024,1,2024-02-12T00:00:00,DAL,WAS,112.0,104.0,1,-484,346
796,2024,1,2024-02-12T00:00:00,UTA,GS,107.0,129.0,0,-73,-80
797,2024,1,2024-02-12T00:00:00,LAC,MIN,100.0,121.0,0,-142,118
798,2024,1,2024-02-13T00:00:00,BKN,BOS,110.0,118.0,0,96,-121
799,2024,1,2024-02-13T00:00:00,ORL,OKC,113.0,127.0,0,45,-53
800,2024,1,2024-02-13T00:00:00,MIL,MIA,97.0,123.0,0,-108,87
801,2024,1,2024-02-13T00:00:00,PHO,SAC,130.0,125.0,1,-67,56
802,2024,1,2024-02-13T00:00:00,POR,MIN,109.0,121.0,0,111,-141
803,2024,1,2024-02-13T00:00:00,LAL,DET,125.0,111.0,1,-241,174
804,2024,1,2024-02-14T00:00:00,CHA,ATL,122.0,99.0,1,301,-370
805,2024,1,2024-02-14T00:00:00,ORL,NY,118.0,100.0,1,-222,186
806,2024,1,2024-02-14T00:00:00,PHI,MIA,104.0,109.0,0,-185,156
807,2024,1,2024-02-14T00:00:00,BOS,BKN,136.0,86.0,1,-958,684
808,2024,1,2024-02-14T00:00:00,CLE,CHI,108.0,105.0,1,-623,479
809,2024,1,2024-02-14T00:00:00,TOR,IND,125.0,127.0,0,164,-194
810,2024,1,2024-02-14T00:00:00,MEM,HOU,121.0,113.0,1,156,-185
811,2024,1,2024-02-14T00:00:00,NO,WAS,133.0,126.0,1,-1506,958
812,2024,1,2024-02-14T00:00:00,DAL,SA,116.0,93.0,1,-821,602
813,2024,1,2024-02-14T00:00:00,DEN,SAC,98.0,102.0,0,-271,225
814,2024,1,2024-02-14T00:00:00,PHO,DET,116.0,100.0,1,-1301,856
815,2024,1,2024-02-14T00:00:00,UTA,LAL,122.0,138.0,0,-253,211
816,2024,1,2024-02-14T00:00:00,GS,LAC,125.0,130.0,0,-212,178
817,2024,1,2024-02-15T00:00:00,MEM,MIL,113.0,110.0,1,716,-1075
818,2024,1,2024-02-15T00:00:00,UTA,GS,137.0,140.0,0,143,-170
819,2024,1,2024-02-15T00:00:00,POR,MIN,91.0,128.0,0,454,-597
820,2024,1,2024-02-22T00:00:00,CLE,ORL,109.0,116.0,0,-322,266
821,2024,1,2024-02-22T00:00:00,IND,DET,129.0,115.0,1,-1107,775
822,2024,1,2024-02-22T00:00:00,PHI,NY,96.0,110.0,0,-170,-155
823,2024,1,2024-02-22T00:00:00,TOR,BKN,121.0,93.0,1,-170,-155
824,2024,1,2024-02-22T00:00:00,DAL,PHO,123.0,113.0,1,-210,177
825,2024,1,2024-02-22T00:00:00,CHI,BOS,112.0,129.0,0,421,-531
826,2024,1,2024-02-22T00:00:00,NO,HOU,127.0,105.0,1,-381,310
827,2024,1,2024-02-22T00:00:00,OKC,LAC,129.0,107.0,1,-177,148
828,2024,1,2024-02-22T00:00:00,DEN,WAS,130.0,110.0,1,-1771,1107
829,2024,1,2024-02-22T00:00:00,UTA,CHA,107.0,115.0,0,-627,487
830,2024,1,2024-02-22T00:00:00,GS,LAL,128.0,110.0,1,-332,273
831,2024,1,2024-02-22T00:00:00,SAC,SA,127.0,122.0,1,-790,590
832,2024,1,2024-02-23T00:00:00,ATL,TOR,121.0,123.0,0,-310,250
833,2024,1,2024-02-23T00:00:00,PHI,CLE,104.0,97.0,1,114,-136
834,2024,1,2024-02-23T00:00:00,HOU,PHO,114.0,110.0,1,130,-154
835,2024,1,2024-02-23T00:00:00,MEM,LAC,95.0,101.0,0,326,-413
836,2024,1,2024-02-23T00:00:00,NO,MIA,95.0,106.0,0,-147,124
837,2024,1,2024-02-23T00:00:00,OKC,WAS,147.0,106.0,1,-1739,978
838,2024,1,2024-02-23T00:00:00,GS,CHA,97.0,84.0,1,-815,571
839,2024,1,2024-02-23T00:00:00,MIN,MIL,107.0,112.0,0,-209,167
840,2024,1,2024-02-23T00:00:00,POR,DEN,112.0,127.0,0,299,-375
841,2024,1,2024-02-23T00:00:00,LAL,SA,123.0,118.0,1,-598,446
842,2024,1,2024-02-24T00:00:00,DET,ORL,109.0,112.0,0,180,-225
843,2024,1,2024-02-24T00:00:00,NY,BOS,102.0,116.0,0,121,-147
844,2024,1,2024-02-24T00:00:00,MIN,BKN,101.0,86.0,1,-222,176
845,2024,1,2024-02-25T00:00:00,PHI,MIL,98.0,119.0,0,70,-84
846,2024,1,2024-02-25T00:00:00,PHO,LAL,123.0,113.0,1,-64,53
847,2024,1,2024-02-25T00:00:00,IND,DAL,133.0,111.0,1,45,-53
848,2024,1,2024-02-25T00:00:00,WAS,CLE,105.0,114.0,0,256,-390
849,2024,1,2024-02-25T00:00:00,ATL,ORL,109.0,92.0,1,-53,45
850,2024,1,2024-02-25T00:00:00,GS,DEN,103.0,119.0,0,-53,45
851,2024,1,2024-02-25T00:00:00,HOU,OKC,110.0,123.0,0,82,-100
852,2024,1,2024-02-25T00:00:00,NO,CHI,106.0,114.0,0,-84,70
853,2024,1,2024-02-25T00:00:00,UTA,SA,128.0,109.0,1,-106,86
854,2024,1,2024-02-25T00:00:00,POR,CHA,80.0,93.0,0,-66,56
855,2024,1,2024-02-25T00:00:00,LAC,SAC,107.0,123.0,0,-74,62
856,2024,1,2024-02-26T00:00:00,IND,TOR,122.0,130.0,0,-214,176
857,2024,1,2024-02-26T00:00:00,NY,DET,113.0,111.0,1,-594,432
858,2024,1,2024-02-26T00:00:00,MEM,BKN,86.0,111.0,0,108,-128
859,2024,1,2024-02-26T00:00:00,SAC,MIA,110.0,121.0,0,-264,214
860,2024,1,2024-02-27T00:00:00,CLE,DAL,121.0,119.0,1,-181,151
861,2024,1,2024-02-27T00:00:00,ORL,BKN,108.0,81.0,1,-261,213
862,2024,1,2024-02-27T00:00:00,WAS,GS,112.0,123.0,0,452,-612
863,2024,1,2024-02-27T00:00:00,ATL,UTA,124.0,97.0,1,-133,112
864,2024,1,2024-02-27T00:00:00,BOS,PHI,117.0,99.0,1,-665,484
865,2024,1,2024-02-27T00:00:00,NY,NO,92.0,115.0,0,229,-282
866,2024,1,2024-02-27T00:00:00,CHI,DET,95.0,105.0,0,-585,436
867,2024,1,2024-02-27T00:00:00,MIL,CHA,123.0,85.0,1,-1117,718
868,2024,1,2024-02-27T00:00:00,MIN,SA,114.0,105.0,1,-958,638
869,2024,1,2024-02-27T00:00:00,OKC,HOU,112.0,95.0,1,-484,372
870,2024,1,2024-02-27T00:00:00,POR,MIA,96.0,106.0,0,245,-303
871,2024,1,2024-02-28T00:00:00,IND,NO,123.0,114.0,1,-190,159
872,2024,1,2024-02-28T00:00:00,TOR,DAL,125.0,136.0,0,157,-186
873,2024,1,2024-02-28T00:00:00,CHI,CLE,132.0,123.0,1,201,-244
874,2024,1,2024-02-28T00:00:00,MIN,MEM,110.0,101.0,1,-1063,699
875,2024,1,2024-02-28T00:00:00,DEN,SAC,117.0,96.0,1,-459,358
876,2024,1,2024-02-28T00:00:00,LAC,LAL,112.0,116.0,0,-140,117
877,2024,1,2024-02-29T00:00:00,CHA,MIL,99.0,111.0,0,792,-1088
878,2024,1,2024-02-29T00:00:00,ORL,UTA,115.0,107.0,1,-470,383
879,2024,1,2024-02-29T00:00:00,BKN,ATL,124.0,97.0,1,-200,-183
880,2024,1,2024-02-29T00:00:00,NY,GS,99.0,110.0,0,237,-282
881,2024,1,2024-02-29T00:00:00,SA,OKC,132.0,118.0,1,696,-931
882,2024,1,2024-02-29T00:00:00,PHO,HOU,110.0,105.0,1,-662,522
883,2024,1,2024-02-29T00:00:00,DEN,MIA,103.0,97.0,1,-461,374
884,2024,1,2024-02-29T00:00:00,LAL,WAS,134.0,131.0,1,-870,662
885,2024,1,2024-03-01T00:00:00,DET,CLE,100.0,110.0,0,215,-270
886,2024,1,2024-03-01T00:00:00,PHI,CHA,121.0,114.0,1,-676,490
887,2024,1,2024-03-01T00:00:00,BOS,DAL,138.0,110.0,1,-380,300
888,2024,1,2024-03-01T00:00:00,TOR,GS,105.0,120.0,0,120,-142
889,2024,1,2024-03-01T00:00:00,MEM,POR,92.0,122.0,0,-112,-108
890,2024,1,2024-03-01T00:00:00,MIN,SAC,120.0,124.0,0,-355,280
891,2024,1,2024-03-01T00:00:00,NO,IND,129.0,102.0,1,-205,170
892,2024,1,2024-03-01T00:00:00,CHI,MIL,97.0,113.0,0,136,-162
893,2024,1,2024-03-01T00:00:00,LAC,WAS,140.0,115.0,1,-1351,801
894,2024,1,2024-03-02T00:00:00,BKN,ATL,114.0,102.0,1,-117,-128
895,2024,1,2024-03-02T00:00:00,MIA,UTA,126.0,120.0,1,-424,335
896,2024,1,2024-03-02T00:00:00,MEM,POR,100.0,107.0,0,-151,127
897,2024,1,2024-03-02T00:00:00,LAL,DEN,114.0,124.0,0,-121,-125
898,2024,1,2024-03-02T00:00:00,PHO,HOU,109.0,118.0,0,-474,368
899,2024,1,2024-03-03T00:00:00,DAL,PHI,116.0,120.0,0,-470,376
900,2024,1,2024-03-03T00:00:00,BOS,GS,140.0,88.0,1,-492,391
901,2024,1,2024-03-03T00:00:00,MIN,LAC,88.0,89.0,0,-195,165
902,2024,1,2024-03-03T00:00:00,ORL,DET,113.0,91.0,1,-868,637
903,2024,1,2024-03-03T00:00:00,TOR,CHA,111.0,106.0,1,-412,333
904,2024,1,2024-03-03T00:00:00,CLE,NY,98.0,107.0,0,-260,217
905,2024,1,2024-03-03T00:00:00,SA,IND,117.0,105.0,1,311,-383
906,2024,1,2024-03-03T00:00:00,PHO,OKC,110.0,118.0,0,223,-268
907,2024,1,2024-03-04T00:00:00,BKN,MEM,102.0,106.0,0,-138,105
908,2024,1,2024-03-04T00:00:00,MIL,LAC,113.0,106.0,1,38,-45
909,2024,1,2024-03-04T00:00:00,MIN,POR,119.0,114.0,1,-425,249
910,2024,1,2024-03-04T00:00:00,UTA,WAS,127.0,115.0,1,-64,53
911,2024,1,2024-03-04T00:00:00,SAC,CHI,109.0,113.0,0,-70,57
912,2024,1,2024-03-04T00:00:00,LAL,OKC,116.0,104.0,1,-32,-33
913,2024,1,2024-03-05T00:00:00,CHA,ORL,89.0,101.0,0,216,-273
914,2024,1,2024-03-05T00:00:00,BKN,PHI,112.0,107.0,1,-85,-85
915,2024,1,2024-03-05T00:00:00,CLE,BOS,105.0,104.0,1,227,-289
916,2024,1,2024-03-05T00:00:00,MIA,DET,118.0,110.0,1,-481,350
917,2024,1,2024-03-05T00:00:00,NY,ATL,100.0,116.0,0,-94,79
918,2024,1,2024-03-05T00:00:00,TOR,NO,98.0,139.0,0,262,-339
919,2024,1,2024-03-05T00:00:00,HOU,SA,114.0,101.0,1,-208,169
920,2024,1,2024-03-05T00:00:00,DAL,IND,120.0,137.0,0,-173,142
921,2024,1,2024-03-05T00:00:00,DEN,PHO,107.0,117.0,0,-304,239
922,2024,1,2024-03-06T00:00:00,WAS,ORL,109.0,119.0,0,127,-156
923,2024,1,2024-03-06T00:00:00,ATL,CLE,112.0,101.0,1,-87,73
924,2024,1,2024-03-06T00:00:00,HOU,LAC,116.0,122.0,0,121,-148
925,2024,1,2024-03-06T00:00:00,PHI,MEM,109.0,115.0,0,-98,83
926,2024,1,2024-03-06T00:00:00,UTA,CHI,117.0,119.0,0,84,-100
927,2024,1,2024-03-06T00:00:00,GS,MIL,125.0,90.0,1,-84,71
928,2024,1,2024-03-06T00:00:00,POR,OKC,120.0,128.0,0,310,-442
929,2024,1,2024-03-06T00:00:00,LAL,SAC,120.0,130.0,0,-96,80
930,2024,1,2024-03-07T00:00:00,DET,BKN,118.0,112.0,1,77,-92
931,2024,1,2024-03-07T00:00:00,IND,MIN,111.0,113.0,0,-83,-72
932,2024,1,2024-03-07T00:00:00,DAL,MIA,114.0,108.0,1,-139,115
933,2024,1,2024-03-07T00:00:00,PHO,TOR,120.0,113.0,1,-422,310
934,2024,1,2024-03-07T00:00:00,DEN,BOS,115.0,109.0,1,74,-88
935,2024,1,2024-03-07T00:00:00,GS,CHI,122.0,125.0,0,-268,211
936,2024,1,2024-03-07T00:00:00,SAC,SA,131.0,129.0,1,-493,352
937,2024,1,2024-03-08T00:00:00,PHI,NO,95.0,103.0,0,370,-458
938,2024,1,2024-03-08T00:00:00,WAS,CHA,112.0,100.0,1,-210,177
939,2024,1,2024-03-08T00:00:00,CLE,MIN,113.0,104.0,1,-166,-160
940,2024,1,2024-03-08T00:00:00,NY,ORL,98.0,74.0,1,-210,177
941,2024,1,2024-03-08T00:00:00,MEM,ATL,92.0,99.0,0,192,-229
942,2024,1,2024-03-08T00:00:00,OKC,MIA,107.0,100.0,1,-562,444
943,2024,1,2024-03-08T00:00:00,LAL,MIL,123.0,122.0,1,222,-266
944,2024,1,2024-03-08T00:00:00,POR,HOU,107.0,123.0,0,318,-392
945,2024,1,2024-03-09T00:00:00,LAC,CHI,112.0,102.0,1,-470,373
946,2024,1,2024-03-09T00:00:00,CHA,BKN,110.0,99.0,1,276,-338
947,2024,1,2024-03-09T00:00:00,DET,DAL,124.0,142.0,0,428,-545
948,2024,1,2024-03-09T00:00:00,GS,SA,113.0,126.0,0,-1036,725
949,2024,1,2024-03-09T00:00:00,PHO,BOS,107.0,117.0,0,249,-301
950,2024,1,2024-03-09T00:00:00,DEN,UTA,142.0,121.0,1,-1036,725
951,2024,1,2024-03-09T00:00:00,POR,TOR,128.0,118.0,1,152,-180
952,2024,1,2024-03-10T00:00:00,LAC,MIL,117.0,124.0,0,228,-280
953,2024,1,2024-03-10T00:00:00,ATL,NO,103.0,116.0,0,234,-286
954,2024,1,2024-03-10T00:00:00,MIA,WAS,108.0,110.0,0,-714,520
955,2024,1,2024-03-10T00:00:00,ORL,IND,97.0,111.0,0,-123,-128
956,2024,1,2024-03-10T00:00:00,SAC,HOU,104.0,112.0,0,-308,251
957,2024,1,2024-03-10T00:00:00,CLE,BKN,101.0,120.0,0,-308,251
958,2024,1,2024-03-10T00:00:00,NY,PHI,73.0,79.0,0,-325,263
959,2024,1,2024-03-10T00:00:00,OKC,MEM,124.0,93.0,1,-1370,856
960,2024,1,2024-03-10T00:00:00,LAL,MIN,120.0,109.0,1,-257,211
961,2024,1,2024-03-11T00:00:00,DET,CHA,114.0,97.0,1,-340,282
962,2024,1,2024-03-11T00:00:00,CLE,PHO,111.0,117.0,0,361,-443
963,2024,1,2024-03-11T00:00:00,CHI,DAL,92.0,127.0,0,234,-278
964,2024,1,2024-03-11T00:00:00,SA,GS,102.0,112.0,0,282,-340
965,2024,1,2024-03-11T00:00:00,DEN,TOR,125.0,119.0,1,-3092,1718
966,2024,1,2024-03-11T00:00:00,POR,BOS,99.0,121.0,0,782,-1074
967,2024,1,2024-03-12T00:00:00,NY,PHI,106.0,79.0,1,-79,65
968,2024,1,2024-03-12T00:00:00,MEM,WAS,109.0,97.0,1,35,-42
969,2024,1,2024-03-12T00:00:00,OKC,IND,111.0,121.0,0,-72,60
970,2024,1,2024-03-12T00:00:00,SA,HOU,101.0,103.0,0,43,-51
971,2024,1,2024-03-12T00:00:00,UTA,BOS,107.0,123.0,0,70,-86
972,2024,1,2024-03-12T00:00:00,LAC,MIN,100.0,118.0,0,-76,63
973,2024,1,2024-03-12T00:00:00,SAC,MIL,129.0,94.0,1,-42,35
974,2024,1,2024-03-13T00:00:00,DET,TOR,113.0,104.0,1,-113,95
975,2024,1,2024-03-13T00:00:00,ORL,BKN,114.0,106.0,1,-174,143
976,2024,1,2024-03-13T00:00:00,IND,CHI,129.0,132.0,0,-164,135
977,2024,1,2024-03-13T00:00:00,MIA,DEN,88.0,100.0,0,99,-118
978,2024,1,2024-03-13T00:00:00,MEM,CHA,98.0,110.0,0,83,-99
979,2024,1,2024-03-13T00:00:00,NO,CLE,95.0,116.0,0,-164,135
980,2024,1,2024-03-13T00:00:00,DAL,GS,109.0,99.0,1,-274,216
981,2024,1,2024-03-13T00:00:00,POR,ATL,106.0,102.0,1,117,-140
982,2024,1,2024-03-13T00:00:00,SAC,LAL,120.0,107.0,1,80,-95
983,2024,1,2024-03-14T00:00:00,BOS,PHO,127.0,112.0,1,-240,197
984,2024,1,2024-03-14T00:00:00,CHI,LAC,111.0,126.0,0,197,-240
985,2024,1,2024-03-14T00:00:00,HOU,WAS,135.0,119.0,1,-378,298
986,2024,1,2024-03-14T00:00:00,MIL,PHI,114.0,105.0,1,-301,242
987,2024,1,2024-03-14T00:00:00,OKC,DAL,126.0,119.0,1,-444,343
988,2024,1,2024-03-14T00:00:00,POR,NY,93.0,105.0,0,494,-681
989,2024,1,2024-03-15T00:00:00,CHA,PHO,96.0,107.0,0,622,-831
990,2024,1,2024-03-15T00:00:00,DET,MIA,95.0,108.0,0,404,-505
991,2024,1,2024-03-15T00:00:00,TOR,ORL,103.0,113.0,0,388,-482
992,2024,1,2024-03-15T00:00:00,NO,LAC,112.0,104.0,1,-401,326
993,2024,1,2024-03-15T00:00:00,SA,DEN,106.0,117.0,0,622,-831
994,2024,1,2024-03-15T00:00:00,UTA,ATL,124.0,122.0,1,-159,-183
995,2024,1,2024-03-16T00:00:00,HOU,CLE,117.0,103.0,1,214,-259
996,2024,1,2024-03-16T00:00:00,IND,BKN,121.0,100.0,1,-424,340
997,2024,1,2024-03-16T00:00:00,NO,POR,126.0,107.0,1,-1175,784
998,2024,1,2024-03-16T00:00:00,PHI,CHA,109.0,98.0,1,-614,470
999,2024,1,2024-03-16T00:00:00,CHI,WAS,127.0,98.0,1,-555,431
1000,2024,1,2024-03-16T00:00:00,MEM,OKC,112.0,118.0,0,496,-653
1001,2024,1,2024-03-16T00:00:00,LAL,GS,121.0,128.0,0,-159,133
1002,2024,1,2024-03-16T00:00:00,UTA,MIN,100.0,119.0,0,320,-398
1003,2024,1,2024-03-16T00:00:00,SAC,NY,91.0,98.0,0,-193,162
1004,2024,1,2024-03-17T00:00:00,MIL,PHO,140.0,129.0,1,171,-202
1005,2024,1,2024-03-17T00:00:00,DET,MIA,101.0,104.0,0,256,-310
1006,2024,1,2024-03-17T00:00:00,DAL,DEN,107.0,105.0,1,-149,-163
1007,2024,1,2024-03-17T00:00:00,ORL,TOR,111.0,96.0,1,-924,668
1008,2024,1,2024-03-17T00:00:00,WAS,BOS,104.0,130.0,0,1137,-1918
1009,2024,1,2024-03-17T00:00:00,SA,BKN,122.0,115.0,1,-178,149
1010,2024,1,2024-03-17T00:00:00,LAC,ATL,93.0,110.0,0,-647,497
1011,2024,1,2024-03-18T00:00:00,IND,CLE,103.0,108.0,0,-190,156
1012,2024,1,2024-03-18T00:00:00,BOS,DET,119.0,94.0,1,-1029,610
1013,2024,1,2024-03-18T00:00:00,PHI,MIA,98.0,91.0,1,-113,94
1014,2024,1,2024-03-18T00:00:00,CHI,POR,110.0,107.0,1,-274,217
1015,2024,1,2024-03-18T00:00:00,UTA,MIN,104.0,114.0,0,114,-137
1016,2024,1,2024-03-18T00:00:00,GS,NY,112.0,119.0,0,-187,152
1017,2024,1,2024-03-18T00:00:00,SAC,MEM,121.0,111.0,1,-457,335
1018,2024,1,2024-03-18T00:00:00,LAL,ATL,136.0,105.0,1,-335,259
1019,2024,1,2024-03-19T00:00:00,ORL,CHA,112.0,92.0,1,-507,343
1020,2024,1,2024-03-19T00:00:00,WAS,HOU,114.0,137.0,0,227,-298
1021,2024,1,2024-03-19T00:00:00,BKN,NO,91.0,104.0,0,137,-170
1022,2024,1,2024-03-19T00:00:00,SA,DAL,107.0,113.0,0,179,-227
1023,2024,1,2024-03-19T00:00:00,MIN,DEN,112.0,115.0,0,149,-185
1024,2024,1,2024-03-20T00:00:00,CLE,MIA,104.0,107.0,0,-43,36
1025,2024,1,2024-03-20T00:00:00,DET,IND,103.0,122.0,0,132,-182
1026,2024,1,2024-03-20T00:00:00,BOS,MIL,122.0,119.0,1,-156,116
1027,2024,1,2024-03-20T00:00:00,TOR,SAC,89.0,123.0,0,132,-182
1028,2024,1,2024-03-20T00:00:00,OKC,UTA,119.0,107.0,1,-393,233
1029,2024,1,2024-03-20T00:00:00,GS,MEM,137.0,116.0,1,-175,128
1030,2024,1,2024-03-20T00:00:00,PHO,PHI,115.0,102.0,1,-119,93
1031,2024,1,2024-03-20T00:00:00,POR,LAC,103.0,116.0,0,137,-189
1032,2024,1,2024-03-21T00:00:00,ORL,NO,121.0,106.0,1,128,-152
1033,2024,1,2024-03-21T00:00:00,WAS,SAC,109.0,102.0,1,486,-668
1034,2024,1,2024-03-21T00:00:00,HOU,CHI,127.0,117.0,1,-166,139
1035,2024,1,2024-03-21T00:00:00,MIL,BKN,115.0,108.0,1,-555,417
1036,2024,1,2024-03-21T00:00:00,DAL,UTA,113.0,97.0,1,-1121,721
1037,2024,1,2024-03-21T00:00:00,DEN,NY,113.0,100.0,1,-400,315
1038,2024,1,2024-03-21T00:00:00,PHO,ATL,128.0,115.0,1,-454,352
1039,2024,1,2024-03-22T00:00:00,DET,BOS,102.0,129.0,0,739,-1124
1040,2024,1,2024-03-22T00:00:00,TOR,OKC,103.0,123.0,0,1065,-1893
1041,2024,1,2024-03-22T00:00:00,MIA,NO,88.0,111.0,0,-168,142
1042,2024,1,2024-03-22T00:00:00,MIN,CLE,104.0,91.0,1,-343,278
1043,2024,1,2024-03-22T00:00:00,SA,MEM,97.0,99.0,0,-296,243
1044,2024,1,2024-03-22T00:00:00,GS,IND,111.0,123.0,0,-227,189
1045,2024,1,2024-03-22T00:00:00,POR,LAC,117.0,125.0,0,946,-1597
1046,2024,1,2024-03-22T00:00:00,LAL,PHI,101.0,94.0,1,-361,290
1047,2024,1,2024-03-23T00:00:00,NY,BKN,105.0,93.0,1,-400,324
1048,2024,1,2024-03-23T00:00:00,ORL,SAC,107.0,109.0,0,-196,166
1049,2024,1,2024-03-23T00:00:00,ATL,CHA,132.0,91.0,1,-400,324
1050,2024,1,2024-03-23T00:00:00,CHI,BOS,113.0,124.0,0,235,-283
1051,2024,1,2024-03-23T00:00:00,HOU,UTA,147.0,119.0,1,-738,552
1052,2024,1,2024-03-23T00:00:00,SA,PHO,106.0,131.0,0,483,-628
1053,2024,1,2024-03-23T00:00:00,WAS,TOR,112.0,109.0,1,-317,262
1054,2024,1,2024-03-23T00:00:00,POR,DEN,111.0,114.0,0,552,-738
1055,2024,1,2024-03-24T00:00:00,DET,NO,101.0,114.0,0,288,-486
1056,2024,1,2024-03-24T00:00:00,LAC,PHI,107.0,121.0,0,-142,112
1057,2024,1,2024-03-24T00:00:00,MIA,CLE,121.0,84.0,1,-58,49
1058,2024,1,2024-03-24T00:00:00,MIL,OKC,118.0,93.0,1,-51,43
1059,2024,1,2024-03-24T00:00:00,MIN,GS,114.0,110.0,1,-49,41
1060,2024,1,2024-03-24T00:00:00,LAL,IND,150.0,145.0,1,-49,41
1061,2024,1,2024-03-25T00:00:00,CLE,CHA,115.0,92.0,1,-404,299
1062,2024,1,2024-03-25T00:00:00,ATL,BOS,120.0,118.0,1,281,-376
1063,2024,1,2024-03-25T00:00:00,NY,DET,124.0,99.0,1,-1265,703
1064,2024,1,2024-03-25T00:00:00,TOR,BKN,88.0,96.0,0,134,-162
1065,2024,1,2024-03-25T00:00:00,CHI,WAS,105.0,107.0,0,-562,387
1066,2024,1,2024-03-25T00:00:00,HOU,POR,110.0,92.0,1,-738,475
1067,2024,1,2024-03-25T00:00:00,SA,PHO,104.0,102.0,1,352,-492
1068,2024,1,2024-03-25T00:00:00,DEN,MEM,128.0,103.0,1,-598,404
1069,2024,1,2024-03-25T00:00:00,UTA,DAL,105.0,115.0,0,190,-239
1070,2024,1,2024-03-25T00:00:00,SAC,PHI,108.0,96.0,1,-200,162
1071,2024,1,2024-03-25T00:00:00,LAC,IND,116.0,133.0,0,-167,137
1072,2024,1,2024-03-26T00:00:00,MIA,GS,92.0,113.0,0,112,-135
1073,2024,1,2024-03-26T00:00:00,MIL,LAL,124.0,128.0,0,-279,217
1074,2024,1,2024-03-26T00:00:00,NO,OKC,112.0,119.0,0,-69,-76
1075,2024,1,2024-03-26T00:00:00,SAC,DAL,96.0,132.0,0,-76,-69
1076,2024,1,2024-03-27T00:00:00,CHA,CLE,118.0,111.0,1,278,-363
1077,2024,1,2024-03-27T00:00:00,ORL,GS,93.0,101.0,0,-131,110
1078,2024,1,2024-03-27T00:00:00,WAS,BKN,119.0,122.0,0,108,-128
1079,2024,1,2024-03-27T00:00:00,ATL,POR,120.0,106.0,1,-502,363
1080,2024,1,2024-03-27T00:00:00,PHI,LAC,107.0,108.0,0,158,-193
1081,2024,1,2024-03-27T00:00:00,TOR,NY,101.0,145.0,0,521,-811
1082,2024,1,2024-03-27T00:00:00,CHI,IND,125.0,99.0,1,100,-120
1083,2024,1,2024-03-27T00:00:00,MEM,LAL,124.0,136.0,0,116,-139
1084,2024,1,2024-03-27T00:00:00,MIN,DET,106.0,91.0,1,-1390,772
1085,2024,1,2024-03-27T00:00:00,OKC,HOU,126.0,132.0,0,-148,124
1086,2024,1,2024-03-27T00:00:00,UTA,SA,111.0,118.0,0,-131,110
1087,2024,1,2024-03-27T00:00:00,DEN,PHO,97.0,104.0,0,-178,147
1088,2024,1,2024-03-28T00:00:00,ATL,BOS,123.0,122.0,1,988,-1552
1089,2024,1,2024-03-28T00:00:00,NO,MIL,107.0,100.0,1,155,-183
1090,2024,1,2024-03-29T00:00:00,CHA,GS,97.0,115.0,0,760,-1086
1091,2024,1,2024-03-29T00:00:00,IND,LAL,109.0,90.0,1,-224,188
1092,2024,1,2024-03-29T00:00:00,ORL,LAC,97.0,100.0,0,148,-177
1093,2024,1,2024-03-29T00:00:00,WAS,DET,87.0,96.0,0,-224,188
1094,2024,1,2024-03-29T00:00:00,BKN,CHI,125.0,108.0,1,180,-214
1095,2024,1,2024-03-29T00:00:00,CLE,PHI,117.0,114.0,1,-374,304
1096,2024,1,2024-03-29T00:00:00,MIA,POR,142.0,82.0,1,-1738,1086
1097,2024,1,2024-03-29T00:00:00,OKC,PHO,128.0,103.0,1,152,-181
1098,2024,1,2024-03-29T00:00:00,SA,NY,130.0,126.0,1,398,-500
1099,2024,1,2024-03-29T00:00:00,DEN,MIN,98.0,111.0,0,-214,180
1100,2024,1,2024-03-29T00:00:00,UTA,HOU,100.0,101.0,0,376,-471
1101,2024,1,2024-03-29T00:00:00,SAC,DAL,103.0,107.0,0,145,-174
1102,2024,1,2024-03-30T00:00:00,NO,BOS,92.0,104.0,0,204,-247
1103,2024,1,2024-03-30T00:00:00,ORL,MEM,118.0,88.0,1,-914,618
1104,2024,1,2024-03-30T00:00:00,ATL,MIL,113.0,122.0,0,176,-213
1105,2024,1,2024-03-31T00:00:00,DEN,CLE,130.0,101.0,1,-53,44
1106,2024,1,2024-03-31T00:00:00,BKN,LAL,104.0,116.0,0,63,-77
1107,2024,1,2024-03-31T00:00:00,CHA,LAC,118.0,130.0,0,214,-342
1108,2024,1,2024-03-31T00:00:00,TOR,PHI,120.0,135.0,0,88,-113
1109,2024,1,2024-03-31T00:00:00,WAS,MIA,107.0,119.0,0,134,-185
1110,2024,1,2024-03-31T00:00:00,HOU,DAL,107.0,125.0,0,40,-47
1111,2024,1,2024-03-31T00:00:00,MIN,CHI,101.0,109.0,0,-108,86
1112,2024,1,2024-03-31T00:00:00,NY,OKC,112.0,113.0,0,29,-35
1113,2024,1,2024-03-31T00:00:00,SA,GS,113.0,117.0,0,111,-148
1114,2024,1,2024-03-31T00:00:00,SAC,UTA,127.0,106.0,1,-285,185
1115,2024,1,2024-04-01T00:00:00,CHA,BOS,104.0,118.0,0,631,-1205
1116,2024,1,2024-04-01T00:00:00,DET,MEM,108.0,110.0,0,-77,65
1117,2024,1,2024-04-01T00:00:00,IND,BKN,133.0,111.0,1,-430,301
1118,2024,1,2024-04-01T00:00:00,ORL,POR,104.0,103.0,1,-1205,631
1119,2024,1,2024-04-01T00:00:00,CHI,ATL,101.0,113.0,0,-75,63
1120,2024,1,2024-04-01T00:00:00,NO,PHO,111.0,124.0,0,-70,59
1121,2024,1,2024-04-02T00:00:00,TOR,LAL,111.0,128.0,0,448,-689
1122,2024,1,2024-04-02T00:00:00,WAS,MIL,117.0,113.0,1,431,-655
1123,2024,1,2024-04-02T00:00:00,MIA,NY,109.0,99.0,1,-98,83
1124,2024,1,2024-04-02T00:00:00,PHI,OKC,109.0,105.0,1,-102,85
1125,2024,1,2024-04-02T00:00:00,MIN,HOU,113.0,106.0,1,-196,158
1126,2024,1,2024-04-02T00:00:00,DEN,SA,110.0,105.0,1,-999,586
1127,2024,1,2024-04-02T00:00:00,UTA,CLE,113.0,129.0,0,248,-324
1128,2024,1,2024-04-02T00:00:00,GS,DAL,104.0,100.0,1,-76,-76
1129,2024,1,2024-04-02T00:00:00,SAC,LAC,109.0,95.0,1,-98,83
1130,2024,1,2024-04-03T00:00:00,CHA,POR,86.0,89.0,0,-49,41
1131,2024,1,2024-04-03T00:00:00,WAS,LAL,120.0,125.0,0,215,-318
1132,2024,1,2024-04-03T00:00:00,ATL,DET,121.0,113.0,1,-243,176
1133,2024,1,2024-04-03T00:00:00,BKN,IND,115.0,111.0,1,79,-96
1134,2024,1,2024-04-03T00:00:00,BOS,OKC,135.0,100.0,1,-262,187
1135,2024,1,2024-04-03T00:00:00,MIL,MEM,101.0,111.0,0,-280,176
1136,2024,1,2024-04-03T00:00:00,MIN,TOR,133.0,85.0,1,-785,411
1137,2024,1,2024-04-03T00:00:00,NO,ORL,108.0,117.0,0,-72,60
1138,2024,1,2024-04-03T00:00:00,PHO,CLE,122.0,101.0,1,-89,73
1139,2024,1,2024-04-04T00:00:00,DAL,ATL,109.0,95.0,1,-921,669
1140,2024,1,2024-04-04T00:00:00,MIA,PHI,105.0,109.0,0,-212,177
1141,2024,1,2024-04-04T00:00:00,NY,SAC,120.0,109.0,1,-227,191
1142,2024,1,2024-04-04T00:00:00,HOU,GS,110.0,133.0,0,177,-212
1143,2024,1,2024-04-04T00:00:00,LAC,DEN,102.0,100.0,1,177,-212
1144,2024,1,2024-04-05T00:00:00,CHA,ORL,124.0,115.0,1,599,-839
1145,2024,1,2024-04-05T00:00:00,IND,OKC,126.0,112.0,1,-276,228
1146,2024,1,2024-04-05T00:00:00,WAS,POR,102.0,108.0,0,-170,144
1147,2024,1,2024-04-05T00:00:00,BOS,SAC,101.0,100.0,1,-491,383
1148,2024,1,2024-04-05T00:00:00,CHI,NY,108.0,100.0,1,120,-144
1149,2024,1,2024-04-05T00:00:00,HOU,MIA,104.0,119.0,0,163,-194
1150,2024,1,2024-04-05T00:00:00,MEM,DET,108.0,90.0,1,-132,-132
1151,2024,1,2024-04-05T00:00:00,MIL,TOR,111.0,117.0,0,-1318,839
1152,2024,1,2024-04-05T00:00:00,NO,SA,109.0,111.0,0,-749,545
1153,2024,1,2024-04-05T00:00:00,DAL,GS,108.0,106.0,1,-129,-134
1154,2024,1,2024-04-05T00:00:00,PHO,MIN,97.0,87.0,1,-230,192
1155,2024,1,2024-04-05T00:00:00,LAC,UTA,131.0,102.0,1,-958,659
1156,2024,1,2024-04-06T00:00:00,LAL,CLE,116.0,97.0,1,-341,283
1157,2024,1,2024-04-06T00:00:00,BKN,DET,113.0,103.0,1,-806,615
1158,2024,1,2024-04-06T00:00:00,MEM,PHI,96.0,116.0,0,1246,-1994
1159,2024,1,2024-04-06T00:00:00,DEN,ATL,142.0,110.0,1,-1039,756
1160,2024,1,2024-04-07T00:00:00,DAL,HOU,147.0,136.0,1,-114,89
1161,2024,1,2024-04-07T00:00:00,LAC,CLE,120.0,118.0,1,-48,40
1162,2024,1,2024-04-07T00:00:00,IND,MIA,117.0,115.0,1,-41,34
1163,2024,1,2024-04-07T00:00:00,BOS,POR,124.0,107.0,1,-443,249
1164,2024,1,2024-04-07T00:00:00,CHA,OKC,118.0,121.0,0,66,-83
1165,2024,1,2024-04-07T00:00:00,ORL,CHI,113.0,98.0,1,-77,62
1166,2024,1,2024-04-07T00:00:00,PHO,NO,105.0,113.0,0,-62,51
1167,2024,1,2024-04-07T00:00:00,TOR,WAS,130.0,122.0,1,-51,43
1168,2024,1,2024-04-07T00:00:00,MIL,NY,109.0,122.0,0,-50,42
1169,2024,1,2024-04-07T00:00:00,SA,PHI,126.0,133.0,0,40,-48
1170,2024,1,2024-04-07T00:00:00,BKN,SAC,77.0,107.0,0,111,-148
1171,2024,1,2024-04-07T00:00:00,GS,UTA,118.0,110.0,1,-222,152
1172,2024,1,2024-04-07T00:00:00,LAL,MIN,117.0,127.0,0,32,-37
1173,2024,1,2024-04-09T00:00:00,CHA,DAL,104.0,130.0,0,525,-763
1174,2024,1,2024-04-09T00:00:00,PHI,DET,120.0,102.0,1,-1288,763
1175,2024,1,2024-04-09T00:00:00,TOR,IND,123.0,140.0,0,596,-906
1176,2024,1,2024-04-09T00:00:00,ATL,MIA,111.0,117.0,0,124,-148
1177,2024,1,2024-04-09T00:00:00,MIL,BOS,104.0,91.0,1,-162,135
1178,2024,1,2024-04-09T00:00:00,CHI,NY,117.0,128.0,0,156,-189
1179,2024,1,2024-04-09T00:00:00,HOU,ORL,118.0,106.0,1,105,-124
1180,2024,1,2024-04-09T00:00:00,MEM,SA,87.0,102.0,0,172,-208
1181,2024,1,2024-04-09T00:00:00,MIN,WAS,130.0,121.0,1,-2003,1049
1182,2024,1,2024-04-09T00:00:00,OKC,SAC,112.0,105.0,1,-196,162
1183,2024,1,2024-04-09T00:00:00,UTA,DEN,95.0,111.0,0,954,-1717
1184,2024,1,2024-04-09T00:00:00,LAL,GS,120.0,134.0,0,105,-124
1185,2024,1,2024-04-09T00:00:00,PHO,LAC,92.0,105.0,0,-363,286
1186,2024,1,2024-04-09T00:00:00,POR,NO,100.0,110.0,0,644,-1002
1187,2024,1,2024-04-10T00:00:00,CLE,MEM,110.0,98.0,1,-3154,1652
1188,2024,1,2024-04-10T00:00:00,ATL,CHA,114.0,115.0,0,-571,451
1189,2024,1,2024-04-10T00:00:00,BKN,TOR,106.0,102.0,1,-976,706
1190,2024,1,2024-04-10T00:00:00,MIA,DAL,92.0,111.0,0,180,-213
1191,2024,1,2024-04-10T00:00:00,MIL,ORL,117.0,99.0,1,158,-188
1192,2024,1,2024-04-10T00:00:00,OKC,SA,127.0,89.0,1,-2478,1427
1193,2024,1,2024-04-10T00:00:00,DEN,MIN,116.0,107.0,1,-448,360
1194,2024,1,2024-04-10T00:00:00,LAC,PHO,108.0,124.0,0,616,-826
1195,2024,1,2024-04-11T00:00:00,DET,CHI,105.0,127.0,0,557,-747
1196,2024,1,2024-04-11T00:00:00,BOS,NY,109.0,118.0,0,-210,177
1197,2024,1,2024-04-11T00:00:00,UTA,HOU,124.0,121.0,1,530,-706
1198,2024,1,2024-04-11T00:00:00,POR,GS,92.0,100.0,0,781,-1154
1199,2024,1,2024-04-11T00:00:00,SAC,NO,123.0,135.0,0,-166,139
1200,2024,1,2024-04-12T00:00:00,PHI,ORL,125.0,113.0,1,-380,309
1201,2024,1,2024-04-12T00:00:00,WAS,CHI,127.0,129.0,0,-184,155
1202,2024,1,2024-04-12T00:00:00,BOS,CHA,131.0,98.0,1,-449,361
1203,2024,1,2024-04-12T00:00:00,CLE,IND,129.0,120.0,1,-218,183
1204,2024,1,2024-04-12T00:00:00,NY,BKN,111.0,107.0,1,-957,692
1205,2024,1,2024-04-12T00:00:00,MEM,LAL,120.0,123.0,0,1104,-1766
1206,2024,1,2024-04-12T00:00:00,MIA,TOR,125.0,103.0,1,-1472,957
1207,2024,1,2024-04-12T00:00:00,MIN,ATL,109.0,106.0,1,-1104,773
1208,2024,1,2024-04-12T00:00:00,OKC,MIL,125.0,107.0,1,-1325,883
1209,2024,1,2024-04-12T00:00:00,SA,DEN,121.0,120.0,1,736,-1030
1210,2024,1,2024-04-12T00:00:00,DAL,DET,89.0,107.0,0,-883,648
1211,2024,1,2024-04-12T00:00:00,GS,NO,109.0,114.0,0,-272,227
1212,2024,1,2024-04-12T00:00:00,POR,HOU,107.0,116.0,0,280,-339
1213,2024,1,2024-04-12T00:00:00,LAC,UTA,109.0,110.0,0,-2134,1251
1214,2024,1,2024-04-12T00:00:00,SAC,PHO,107.0,108.0,0,236,-283
1215,2024,1,2024-04-14T00:00:00,BOS,WAS,132.0,122.0,1,-295,227
1216,2024,1,2024-04-14T00:00:00,CLE,CHA,110.0,120.0,0,-649,422
1217,2024,1,2024-04-14T00:00:00,IND,ATL,157.0,115.0,1,-617,406
1218,2024,1,2024-04-14T00:00:00,MIA,TOR,118.0,103.0,1,-1071,617
1219,2024,1,2024-04-14T00:00:00,NY,CHI,120.0,119.0,1,-617,406
1220,2024,1,2024-04-14T00:00:00,ORL,MIL,113.0,88.0,1,-149,123
1221,2024,1,2024-04-14T00:00:00,PHI,BKN,107.0,86.0,1,-487,341
1222,2024,1,2024-04-14T00:00:00,GS,UTA,123.0,116.0,1,-357,266
1223,2024,1,2024-04-14T00:00:00,LAC,HOU,105.0,116.0,0,92,-110
1224,2024,1,2024-04-14T00:00:00,MEM,DEN,111.0,126.0,0,389,-584
1225,2024,1,2024-04-14T00:00:00,MIN,PHO,106.0,125.0,0,-92,78
1226,2024,1,2024-04-14T00:00:00,NO,LAL,108.0,124.0,0,-79,66
1227,2024,1,2024-04-14T00:00:00,OKC,DAL,135.0,86.0,1,-1168,649
1228,2024,1,2024-04-14T00:00:00,SA,DET,123.0,95.0,1,-129,106
1229,2024,1,2024-04-14T00:00:00,SAC,POR,121.0,82.0,1,-1363,714
1230,2024,3,2024-04-16T00:00:00,NO,LAL,106.0,110.0,0,-112,-96
1231,2024,3,2024-04-16T00:00:00,SAC,GS,118.0,94.0,1,117,-140
1232,2024,3,2024-04-17T00:00:00,PHI,MIA,105.0,104.0,1,-239,196
1233,2024,3,2024-04-17T00:00:00,CHI,ATL,131.0,116.0,1,-164,138
1234,2024,3,2024-04-19T00:00:00,MIA,CHI,112.0,91.0,1,-226,191
1235,2024,3,2024-04-19T00:00:00,NO,SAC,105.0,98.0,1,-208,174
1236,2024,3,2024-04-20T00:00:00,CLE,ORL,97.0,83.0,1,-175,145
1237,2024,3,2024-04-20T00:00:00,MIN,PHO,120.0,95.0,1,-102,85
1238,2024,3,2024-04-20T00:00:00,NY,PHI,111.0,104.0,1,-149,124
1239,2024,3,2024-04-20T00:00:00,DEN,LAL,114.0,103.0,1,-220,179
1240,2024,3,2024-04-21T00:00:00,BOS,MIA,114.0,94.0,1,-608,380
1241,2024,3,2024-04-21T00:00:00,LAC,DAL,109.0,97.0,1,71,-84
1242,2024,3,2024-04-21T00:00:00,MIL,IND,109.0,94.0,1,-52,-60
1243,2024,3,2024-04-21T00:00:00,OKC,NO,94.0,92.0,1,-190,150
1244,2024,3,2024-04-22T00:00:00,CLE,ORL,96.0,86.0,1,-135,112
1245,2024,3,2024-04-22T00:00:00,NY,PHI,104.0,101.0,1,-115,96
1246,2024,3,2024-04-22T00:00:00,DEN,LAL,101.0,99.0,1,-180,146
1247,2024,3,2024-04-23T00:00:00,MIN,PHO,105.0,93.0,1,-69,57
1248,2024,3,2024-04-23T00:00:00,MIL,IND,108.0,125.0,0,-51,-46
1249,2024,3,2024-04-23T00:00:00,LAC,DAL,93.0,96.0,0,-51,-46
1250,2024,3,2024-04-24T00:00:00,BOS,MIA,101.0,111.0,0,-1752,1038
1251,2024,3,2024-04-24T00:00:00,OKC,NO,124.0,92.0,1,-402,324
1252,2024,3,2024-04-25T00:00:00,ORL,CLE,121.0,83.0,1,-187,157
1253,2024,3,2024-04-25T00:00:00,PHI,NY,125.0,114.0,1,-301,247
1254,2024,3,2024-04-25T00:00:00,LAL,DEN,105.0,112.0,0,-149,-129
1255,2024,3,2024-04-26T00:00:00,IND,MIL,121.0,118.0,1,-391,319
1256,2024,3,2024-04-26T00:00:00,DAL,LAC,101.0,90.0,1,-295,246
1257,2024,3,2024-04-26T00:00:00,PHO,MIN,109.0,126.0,0,-391,319
1258,2024,3,2024-04-27T00:00:00,ORL,CLE,112.0,89.0,1,-243,205
1259,2024,3,2024-04-27T00:00:00,NO,OKC,85.0,106.0,0,180,-214
1260,2024,3,2024-04-27T00:00:00,MIA,BOS,84.0,104.0,0,581,-752
1261,2024,3,2024-04-27T00:00:00,LAL,DEN,119.0,108.0,1,239,-284
1262,2024,3,2024-04-28T00:00:00,PHI,NY,92.0,97.0,0,-97,80
1263,2024,3,2024-04-28T00:00:00,DAL,LAC,111.0,116.0,0,-131,106
1264,2024,3,2024-04-28T00:00:00,IND,MIL,126.0,113.0,1,-201,156
1265,2024,3,2024-04-28T00:00:00,PHO,MIN,116.0,122.0,0,-54,-50
1266,2024,3,2024-04-29T00:00:00,MIA,BOS,88.0,102.0,0,346,-461
1267,2024,3,2024-04-29T00:00:00,NO,OKC,89.0,97.0,0,142,-170
1268,2024,3,2024-04-29T00:00:00,DEN,LAL,108.0,106.0,1,-217,177
1269,2024,3,2024-04-30T00:00:00,NY,PHI,106.0,112.0,0,-267,223
1270,2024,3,2024-04-30T00:00:00,CLE,ORL,104.0,103.0,1,-290,242
1271,2024,3,2024-04-30T00:00:00,MIL,IND,115.0,92.0,1,257,-311
1272,2024,3,2024-05-01T00:00:00,BOS,MIA,118.0,84.0,1,-267,176
1273,2024,3,2024-05-01T00:00:00,LAC,DAL,93.0,123.0,0,34,-40
1274,2024,3,2024-05-02T00:00:00,IND,MIL,120.0,98.0,1,-89,73
1275,2024,3,2024-05-02T00:00:00,PHI,NY,115.0,118.0,0,-61,51
1276,2024,3,2024-05-03T00:00:00,ORL,CLE,103.0,96.0,1,-123,103
1277,2024,3,2024-05-03T00:00:00,DAL,LAC,114.0,101.0,1,-217,173
1278,2024,3,2024-05-04T00:00:00,DEN,MIN,99.0,106.0,0,-199,165
1279,2024,3,2024-05-05T00:00:00,CLE,ORL,106.0,94.0,1,-231,194
1280,2024,3,2024-05-06T00:00:00,NY,IND,121.0,117.0,1,-315,260
1281,2024,3,2024-05-06T00:00:00,DEN,MIN,80.0,106.0,0,-390,315
1282,2024,3,2024-05-07T00:00:00,BOS,CLE,120.0,95.0,1,-1113,779
1283,2024,3,2024-05-07T00:00:00,OKC,DAL,117.0,95.0,1,-275,229
1284,2024,3,2024-05-08T00:00:00,NY,IND,130.0,121.0,1,-126,105
1285,2024,3,2024-05-09T00:00:00,BOS,CLE,94.0,118.0,0,-595,397
1286,2024,3,2024-05-09T00:00:00,OKC,DAL,110.0,119.0,0,-131,108
1287,2024,3,2024-05-10T00:00:00,IND,NY,111.0,106.0,1,-108,87
1288,2024,3,2024-05-10T00:00:00,MIN,DEN,90.0,117.0,0,-59,49
1289,2024,3,2024-05-11T00:00:00,DAL,OKC,105.0,101.0,1,-130,110
1290,2024,3,2024-05-11T00:00:00,CLE,BOS,93.0,106.0,0,259,-324
1291,2024,3,2024-05-12T00:00:00,IND,NY,121.0,89.0,1,-242,200
1292,2024,3,2024-05-12T00:00:00,MIN,DEN,107.0,115.0,0,-189,158
1293,2024,3,2024-05-13T00:00:00,CLE,BOS,102.0,109.0,0,762,-1088
1294,2024,3,2024-05-13T00:00:00,DAL,OKC,96.0,100.0,0,-174,145
1295,2024,3,2024-05-14T00:00:00,NY,IND,121.0,91.0,1,-35,29
1296,2024,3,2024-05-14T00:00:00,DEN,MIN,112.0,97.0,1,-53,45
1297,2024,3,2024-05-15T00:00:00,BOS,CLE,113.0,98.0,1,-1393,774
1298,2024,3,2024-05-15T00:00:00,OKC,DAL,92.0,104.0,0,-143,119
1299,2024,3,2024-05-16T00:00:00,MIN,DEN,115.0,70.0,1,-76,64
1300,2024,3,2024-05-17T00:00:00,IND,NY,116.0,103.0,1,-135,112
1301,2024,3,2024-05-18T00:00:00,DAL,OKC,117.0,116.0,1,-267,222
1302,2024,3,2024-05-19T00:00:00,NY,IND,109.0,130.0,0,-213,179
1303,2024,3,2024-05-19T00:00:00,DEN,MIN,90.0,98.0,0,-273,226
1304,2024,3,2024-05-21T00:00:00,BOS,IND,133.0,128.0,1,-728,566
1305,2024,3,2024-05-22T00:00:00,MIN,DAL,105.0,108.0,0,-63,53
1306,2024,3,2024-05-23T00:00:00,BOS,IND,126.0,110.0,1,-290,228
1307,2024,3,2024-05-24T00:00:00,MIN,DAL,108.0,109.0,0,-251,206
1308,2024,3,2024-05-25T00:00:00,IND,BOS,111.0,114.0,0,366,-452
1309,2024,3,2024-05-26T00:00:00,DAL,MIN,116.0,107.0,1,-156,130
1310,2024,3,2024-05-27T00:00:00,IND,BOS,102.0,105.0,0,326,-404
1311,2024,3,2024-05-28T00:00:00,DAL,MIN,100.0,105.0,0,-92,77
1312,2024,3,2024-05-30T00:00:00,MIN,DAL,103.0,124.0,0,-83,69
1313,2024,3,2024-06-06T00:00:00,BOS,DAL,107.0,89.0,1,-217,179
1314,2024,3,2024-06-09T00:00:00,BOS,DAL,105.0,98.0,1,-468,381
1315,2024,3,2024-06-12T00:00:00,DAL,BOS,99.0,106.0,0,-111,93
1316,2024,3,2024-06-14T00:00:00,DAL,BOS,122.0,84.0,1,-146,-169
1317,2024,3,2024-06-17T00:00:00,BOS,DAL,106.0,88.0,1,-95,77
