Season,SeasonType,Day,HomeTeam,AwayTeam,HomeTeamScore,AwayTeamScore,HomeWin
2024,1,2023-10-24T00:00:00,DEN,LAL,119.0,107.0,1
2024,1,2023-10-24T00:00:00,GS,PHO,104.0,108.0,0
2024,1,2023-10-25T00:00:00,CHA,ATL,116.0,110.0,1
2024,1,2023-10-25T00:00:00,IND,WAS,143.0,120.0,1
2024,1,2023-10-25T00:00:00,NY,BOS,104.0,108.0,0
2024,1,2023-10-25T00:00:00,ORL,HOU,116.0,86.0,1
2024,1,2023-10-25T00:00:00,BKN,CLE,113.0,114.0,0
2024,1,2023-10-25T00:00:00,MIA,DET,103.0,102.0,1
2024,1,2023-10-25T00:00:00,TOR,MIN,97.0,94.0,1
2024,1,2023-10-25T00:00:00,CHI,OKC,104.0,124.0,0
2024,1,2023-10-25T00:00:00,MEM,NO,104.0,111.0,0
2024,1,2023-10-25T00:00:00,UTA,SAC,114.0,130.0,0
2024,1,2023-10-25T00:00:00,SA,DAL,119.0,126.0,0
2024,1,2023-10-25T00:00:00,LAC,POR,123.0,111.0,1
2024,1,2023-10-26T00:00:00,MIL,PHI,118.0,117.0,1
2024,1,2023-10-26T00:00:00,LAL,PHO,100.0,95.0,1
2024,1,2023-10-27T00:00:00,CHA,DET,99.0,111.0,0
2024,1,2023-10-27T00:00:00,MEM,DEN,104.0,108.0,0
2024,1,2023-10-27T00:00:00,ATL,NY,120.0,126.0,0
2024,1,2023-10-27T00:00:00,BOS,MIA,119.0,111.0,1
2024,1,2023-10-27T00:00:00,CLE,OKC,105.0,108.0,0
2024,1,2023-10-27T00:00:00,CHI,TOR,104.0,103.0,1
2024,1,2023-10-27T00:00:00,SA,HOU,126.0,122.0,1
2024,1,2023-10-27T00:00:00,DAL,BKN,125.0,120.0,1
2024,1,2023-10-27T00:00:00,UTA,LAC,120.0,118.0,1
2024,1,2023-10-27T00:00:00,POR,ORL,97.0,102.0,0
2024,1,2023-10-27T00:00:00,SAC,GS,114.0,122.0,0
2024,1,2023-10-28T00:00:00,DET,CHI,118.0,102.0,1
2024,1,2023-10-28T00:00:00,NO,NY,96.0,87.0,1
2024,1,2023-10-28T00:00:00,WAS,MEM,113.0,106.0,1
2024,1,2023-10-28T00:00:00,CLE,IND,113.0,125.0,0
2024,1,2023-10-28T00:00:00,TOR,PHI,107.0,114.0,0
2024,1,2023-10-28T00:00:00,MIN,MIA,106.0,90.0,1
2024,1,2023-10-28T00:00:00,PHO,UTA,126.0,104.0,1
2024,1,2023-10-29T00:00:00,OKC,DEN,95.0,128.0,0
2024,1,2023-10-29T00:00:00,HOU,GS,95.0,106.0,0
2024,1,2023-10-29T00:00:00,MIL,ATL,110.0,127.0,0
2024,1,2023-10-29T00:00:00,PHI,POR,126.0,98.0,1
2024,1,2023-10-29T00:00:00,LAC,SA,123.0,83.0,1
2024,1,2023-10-29T00:00:00,SAC,LAL,132.0,127.0,1
2024,1,2023-10-30T00:00:00,CHA,BKN,121.0,133.0,0
2024,1,2023-10-30T00:00:00,IND,CHI,105.0,112.0,0
2024,1,2023-10-30T00:00:00,WAS,BOS,107.0,126.0,0
2024,1,2023-10-30T00:00:00,ATL,MIN,127.0,113.0,1
2024,1,2023-10-30T00:00:00,TOR,POR,91.0,99.0,0
2024,1,2023-10-30T00:00:00,MEM,DAL,110.0,125.0,0
2024,1,2023-10-30T00:00:00,MIL,MIA,122.0,114.0,1
2024,1,2023-10-30T00:00:00,NO,GS,102.0,130.0,0
2024,1,2023-10-30T00:00:00,OKC,DET,124.0,112.0,1
2024,1,2023-10-30T00:00:00,DEN,UTA,110.0,102.0,1
2024,1,2023-10-30T00:00:00,LAL,ORL,106.0,103.0,1
2024,1,2023-10-31T00:00:00,CLE,NY,91.0,109.0,0
2024,1,2023-10-31T00:00:00,PHO,SA,114.0,115.0,0
2024,1,2023-10-31T00:00:00,LAC,ORL,118.0,102.0,1
2024,1,2023-11-01T00:00:00,DET,POR,101.0,110.0,0
2024,1,2023-11-01T00:00:00,TOR,MIL,130.0,111.0,1
2024,1,2023-11-01T00:00:00,ATL,WAS,130.0,121.0,1
2024,1,2023-11-01T00:00:00,BOS,IND,155.0,104.0,1
2024,1,2023-11-01T00:00:00,MIA,BKN,105.0,109.0,0
2024,1,2023-11-01T00:00:00,NY,CLE,89.0,95.0,0
2024,1,2023-11-01T00:00:00,OKC,NO,106.0,110.0,0
2024,1,2023-11-01T00:00:00,HOU,CHA,128.0,119.0,1
2024,1,2023-11-01T00:00:00,MIN,DEN,110.0,89.0,1
2024,1,2023-11-01T00:00:00,DAL,CHI,114.0,105.0,1
2024,1,2023-11-01T00:00:00,UTA,MEM,133.0,109.0,1
2024,1,2023-11-01T00:00:00,GS,SAC,102.0,101.0,1
2024,1,2023-11-01T00:00:00,LAL,LAC,130.0,125.0,1
2024,1,2023-11-02T00:00:00,PHI,TOR,114.0,99.0,1
2024,1,2023-11-02T00:00:00,NO,DET,125.0,116.0,1
2024,1,2023-11-02T00:00:00,UTA,ORL,113.0,115.0,0
2024,1,2023-11-02T00:00:00,PHO,SA,121.0,132.0,0
2024,1,2023-11-03T00:00:00,IND,CLE,121.0,116.0,1
2024,1,2023-11-03T00:00:00,MIL,NY,110.0,105.0,1
2024,1,2023-11-03T00:00:00,CHI,BKN,107.0,109.0,0
2024,1,2023-11-03T00:00:00,MIA,WAS,121.0,114.0,1
2024,1,2023-11-03T00:00:00,OKC,GS,139.0,141.0,0
2024,1,2023-11-03T00:00:00,DEN,DAL,125.0,114.0,1
2024,1,2023-11-03T00:00:00,POR,MEM,115.0,113.0,1
2024,1,2023-11-04T00:00:00,PHI,PHO,112.0,100.0,1
2024,1,2023-11-04T00:00:00,IND,CHA,124.0,125.0,0
2024,1,2023-11-04T00:00:00,NO,ATL,105.0,123.0,0
2024,1,2023-11-04T00:00:00,ORL,LAL,120.0,101.0,1
2024,1,2023-11-04T00:00:00,BKN,BOS,114.0,124.0,0
2024,1,2023-11-04T00:00:00,HOU,SAC,107.0,89.0,1
2024,1,2023-11-04T00:00:00,MIN,UTA,123.0,95.0,1
2024,1,2023-11-04T00:00:00,DEN,CHI,123.0,101.0,1
2024,1,2023-11-05T00:00:00,DET,PHO,106.0,120.0,0
2024,1,2023-11-05T00:00:00,SA,TOR,116.0,123.0,0
2024,1,2023-11-05T00:00:00,CLE,GS,115.0,104.0,1
2024,1,2023-11-05T00:00:00,DAL,CHA,124.0,118.0,1
2024,1,2023-11-05T00:00:00,POR,MEM,100.0,112.0,0
2024,1,2023-11-06T00:00:00,DET,GS,109.0,120.0,0
2024,1,2023-11-06T00:00:00,IND,SA,152.0,111.0,1
2024,1,2023-11-06T00:00:00,ORL,DAL,102.0,117.0,0
2024,1,2023-11-06T00:00:00,PHI,WAS,146.0,128.0,1
2024,1,2023-11-06T00:00:00,BKN,MIL,125.0,129.0,0
2024,1,2023-11-06T00:00:00,MIA,LAL,108.0,107.0,1
2024,1,2023-11-06T00:00:00,NY,LAC,111.0,97.0,1
2024,1,2023-11-06T00:00:00,CHI,UTA,130.0,113.0,1
2024,1,2023-11-06T00:00:00,HOU,SAC,122.0,97.0,1
2024,1,2023-11-06T00:00:00,MIN,BOS,114.0,109.0,1
2024,1,2023-11-06T00:00:00,OKC,ATL,126.0,117.0,1
2024,1,2023-11-06T00:00:00,DEN,NO,134.0,116.0,1
2024,1,2023-11-08T00:00:00,CHA,WAS,116.0,132.0,0
2024,1,2023-11-08T00:00:00,IND,UTA,134.0,118.0,1
2024,1,2023-11-08T00:00:00,PHI,BOS,106.0,103.0,1
2024,1,2023-11-08T00:00:00,BKN,LAC,100.0,93.0,1
2024,1,2023-11-08T00:00:00,NY,SA,126.0,105.0,1
2024,1,2023-11-08T00:00:00,CHI,PHO,115.0,116.0,0
2024,1,2023-11-08T00:00:00,HOU,LAL,128.0,94.0,1
2024,1,2023-11-08T00:00:00,MEM,MIA,102.0,108.0,0
2024,1,2023-11-08T00:00:00,MIL,DET,120.0,118.0,1
2024,1,2023-11-08T00:00:00,MIN,NO,122.0,101.0,1
2024,1,2023-11-08T00:00:00,OKC,CLE,128.0,120.0,1
2024,1,2023-11-08T00:00:00,DAL,TOR,116.0,127.0,0
2024,1,2023-11-08T00:00:00,DEN,GS,108.0,105.0,1
2024,1,2023-11-08T00:00:00,SAC,POR,121.0,118.0,1
2024,1,2023-11-09T00:00:00,IND,MIL,126.0,124.0,1
2024,1,2023-11-09T00:00:00,ORL,ATL,119.0,120.0,0
2024,1,2023-11-10T00:00:00,DET,PHI,106.0,114.0,0
2024,1,2023-11-10T00:00:00,WAS,CHA,117.0,124.0,0
2024,1,2023-11-10T00:00:00,BOS,BKN,121.0,107.0,1
2024,1,2023-11-10T00:00:00,HOU,NO,104.0,101.0,1
2024,1,2023-11-10T00:00:00,MEM,UTA,121.0,127.0,0
2024,1,2023-11-10T00:00:00,SA,MIN,110.0,117.0,0
2024,1,2023-11-10T00:00:00,DAL,LAC,144.0,126.0,1
2024,1,2023-11-10T00:00:00,PHO,LAL,119.0,122.0,0
2024,1,2023-11-10T00:00:00,SAC,OKC,105.0,98.0,1
2024,1,2023-11-11T00:00:00,ORL,MIL,112.0,97.0,1
2024,1,2023-11-11T00:00:00,BOS,TOR,117.0,94.0,1
2024,1,2023-11-11T00:00:00,ATL,MIA,109.0,117.0,0
2024,1,2023-11-11T00:00:00,GS,CLE,110.0,118.0,0
2024,1,2023-11-12T00:00:00,NY,CHA,129.0,107.0,1
2024,1,2023-11-12T00:00:00,BKN,WAS,102.0,94.0,1
2024,1,2023-11-12T00:00:00,LAC,MEM,101.0,105.0,0
2024,1,2023-11-12T00:00:00,PHI,IND,137.0,126.0,1
2024,1,2023-11-12T00:00:00,CHI,DET,119.0,108.0,1
2024,1,2023-11-12T00:00:00,HOU,DEN,107.0,104.0,1
2024,1,2023-11-12T00:00:00,NO,DAL,124.0,136.0,0
2024,1,2023-11-12T00:00:00,SA,MIA,113.0,118.0,0
2024,1,2023-11-12T00:00:00,PHO,OKC,99.0,111.0,0
2024,1,2023-11-12T00:00:00,GS,MIN,110.0,116.0,0
2024,1,2023-11-12T00:00:00,LAL,POR,116.0,110.0,1
2024,1,2023-11-13T00:00:00,BOS,NY,114.0,98.0,1
2024,1,2023-11-13T00:00:00,TOR,WAS,111.0,107.0,1
2024,1,2023-11-13T00:00:00,MIL,CHI,118.0,109.0,1
2024,1,2023-11-13T00:00:00,SAC,CLE,132.0,120.0,1
2024,1,2023-11-14T00:00:00,CHA,MIA,105.0,111.0,0
2024,1,2023-11-14T00:00:00,DET,ATL,120.0,126.0,0
2024,1,2023-11-14T00:00:00,PHI,IND,126.0,132.0,0
2024,1,2023-11-14T00:00:00,BKN,ORL,124.0,104.0,1
2024,1,2023-11-14T00:00:00,OKC,SA,123.0,87.0,1
2024,1,2023-11-14T00:00:00,NO,DAL,131.0,110.0,1
2024,1,2023-11-14T00:00:00,UTA,POR,115.0,99.0,1
2024,1,2023-11-14T00:00:00,DEN,LAC,111.0,108.0,1
2024,1,2023-11-14T00:00:00,GS,MIN,101.0,104.0,0
2024,1,2023-11-14T00:00:00,LAL,MEM,134.0,107.0,1
2024,1,2023-11-15T00:00:00,WAS,DAL,117.0,130.0,0
2024,1,2023-11-15T00:00:00,ATL,NY,114.0,116.0,0
2024,1,2023-11-15T00:00:00,PHI,BOS,107.0,117.0,0
2024,1,2023-11-15T00:00:00,TOR,MIL,112.0,128.0,0
2024,1,2023-11-15T00:00:00,CHI,ORL,94.0,96.0,0
2024,1,2023-11-15T00:00:00,PHO,MIN,133.0,115.0,1
2024,1,2023-11-15T00:00:00,LAL,SAC,110.0,125.0,0
2024,1,2023-11-15T00:00:00,POR,CLE,95.0,109.0,0
2024,1,2023-11-16T00:00:00,MIA,BKN,122.0,115.0,1
2024,1,2023-11-16T00:00:00,GS,OKC,109.0,128.0,0
2024,1,2023-11-17T00:00:00,CHA,MIL,99.0,130.0,0
2024,1,2023-11-17T00:00:00,WAS,NY,99.0,120.0,0
2024,1,2023-11-17T00:00:00,ATL,PHI,116.0,126.0,0
2024,1,2023-11-17T00:00:00,CLE,DET,108.0,100.0,1
2024,1,2023-11-17T00:00:00,SA,SAC,120.0,129.0,0
2024,1,2023-11-17T00:00:00,TOR,BOS,105.0,108.0,0
2024,1,2023-11-17T00:00:00,CHI,ORL,97.0,103.0,0
2024,1,2023-11-17T00:00:00,NO,DEN,115.0,110.0,1
2024,1,2023-11-17T00:00:00,POR,LAL,95.0,107.0,0
2024,1,2023-11-17T00:00:00,UTA,PHO,128.0,131.0,0
2024,1,2023-11-17T00:00:00,LAC,HOU,106.0,100.0,1
2024,1,2023-11-18T00:00:00,CHA,NY,108.0,122.0,0
2024,1,2023-11-18T00:00:00,NO,MIN,120.0,121.0,0
2024,1,2023-11-18T00:00:00,CHI,MIA,102.0,97.0,1
2024,1,2023-11-18T00:00:00,MIL,DAL,132.0,125.0,1
2024,1,2023-11-18T00:00:00,SA,MEM,108.0,120.0,0
2024,1,2023-11-18T00:00:00,GS,OKC,123.0,130.0,0
2024,1,2023-11-19T00:00:00,BKN,PHI,99.0,121.0,0
2024,1,2023-11-19T00:00:00,TOR,DET,142.0,113.0,1
2024,1,2023-11-19T00:00:00,IND,ORL,116.0,128.0,0
2024,1,2023-11-19T00:00:00,CLE,DEN,121.0,109.0,1
2024,1,2023-11-19T00:00:00,DAL,SAC,113.0,129.0,0
2024,1,2023-11-19T00:00:00,MEM,BOS,100.0,102.0,0
2024,1,2023-11-19T00:00:00,UTA,PHO,137.0,140.0,0
2024,1,2023-11-19T00:00:00,POR,OKC,91.0,134.0,0
2024,1,2023-11-19T00:00:00,LAL,HOU,105.0,104.0,1
2024,1,2023-11-20T00:00:00,CHA,BOS,121.0,118.0,1
2024,1,2023-11-20T00:00:00,DET,DEN,103.0,107.0,0
2024,1,2023-11-20T00:00:00,WAS,MIL,129.0,142.0,0
2024,1,2023-11-20T00:00:00,CHI,MIA,100.0,118.0,0
2024,1,2023-11-20T00:00:00,MIN,NY,117.0,100.0,1
2024,1,2023-11-20T00:00:00,NO,SAC,129.0,93.0,1
2024,1,2023-11-20T00:00:00,SA,LAC,99.0,124.0,0
2024,1,2023-11-20T00:00:00,GS,HOU,121.0,116.0,1
2024,1,2023-11-21T00:00:00,ORL,TOR,126.0,107.0,1
2024,1,2023-11-21T00:00:00,ATL,IND,152.0,157.0,0
2024,1,2023-11-21T00:00:00,PHI,CLE,119.0,122.0,0
2024,1,2023-11-21T00:00:00,PHO,POR,120.0,107.0,1
2024,1,2023-11-21T00:00:00,LAL,UTA,131.0,99.0,1
2024,1,2023-11-22T00:00:00,CHA,WAS,117.0,114.0,1
2024,1,2023-11-22T00:00:00,ORL,DEN,124.0,119.0,1
2024,1,2023-11-22T00:00:00,ATL,BKN,147.0,145.0,1
2024,1,2023-11-22T00:00:00,BOS,MIL,119.0,116.0,1
2024,1,2023-11-22T00:00:00,CLE,MIA,96.0,129.0,0
2024,1,2023-11-22T00:00:00,IND,TOR,131.0,132.0,0
2024,1,2023-11-22T00:00:00,HOU,MEM,111.0,91.0,1
2024,1,2023-11-22T00:00:00,MIN,PHI,112.0,99.0,1
2024,1,2023-11-22T00:00:00,NO,SAC,117.0,112.0,1
2024,1,2023-11-22T00:00:00,OKC,CHI,116.0,102.0,1
2024,1,2023-11-22T00:00:00,SA,LAC,102.0,109.0,0
2024,1,2023-11-22T00:00:00,PHO,GS,123.0,115.0,1
2024,1,2023-11-22T00:00:00,POR,UTA,121.0,105.0,1
2024,1,2023-11-22T00:00:00,LAL,DAL,101.0,104.0,0
2024,1,2023-11-24T00:00:00,ORL,BOS,113.0,96.0,1
2024,1,2023-11-24T00:00:00,MEM,PHO,89.0,110.0,0
2024,1,2023-11-24T00:00:00,NY,MIA,100.0,98.0,1
2024,1,2023-11-24T00:00:00,TOR,CHI,121.0,108.0,1
2024,1,2023-11-24T00:00:00,HOU,DEN,105.0,86.0,1
2024,1,2023-11-24T00:00:00,IND,DET,136.0,113.0,1
2024,1,2023-11-24T00:00:00,MIL,WAS,131.0,128.0,1
2024,1,2023-11-24T00:00:00,MIN,SAC,111.0,124.0,0
2024,1,2023-11-24T00:00:00,GS,SA,118.0,112.0,1
2024,1,2023-11-24T00:00:00,LAC,NO,106.0,116.0,0
2024,1,2023-11-25T00:00:00,OKC,PHI,123.0,127.0,0
2024,1,2023-11-25T00:00:00,BKN,MIA,112.0,97.0,1
2024,1,2023-11-25T00:00:00,WAS,ATL,108.0,136.0,0
2024,1,2023-11-25T00:00:00,CLE,LAL,115.0,121.0,0
2024,1,2023-11-25T00:00:00,UTA,NO,105.0,100.0,1
2024,1,2023-11-25T00:00:00,LAC,DAL,107.0,88.0,1
2024,1,2023-11-26T00:00:00,MIL,POR,108.0,102.0,1
2024,1,2023-11-26T00:00:00,BOS,ATL,113.0,103.0,1
2024,1,2023-11-26T00:00:00,MEM,MIN,97.0,119.0,0
2024,1,2023-11-26T00:00:00,NY,PHO,113.0,116.0,0
2024,1,2023-11-26T00:00:00,ORL,CHA,130.0,117.0,1
2024,1,2023-11-26T00:00:00,BKN,CHI,118.0,109.0,1
2024,1,2023-11-26T00:00:00,CLE,TOR,105.0,102.0,1
2024,1,2023-11-26T00:00:00,DEN,SA,132.0,120.0,1
2024,1,2023-11-27T00:00:00,DET,WAS,107.0,126.0,0
2024,1,2023-11-27T00:00:00,IND,POR,110.0,114.0,0
2024,1,2023-11-27T00:00:00,PHI,LAL,138.0,94.0,1
2024,1,2023-11-27T00:00:00,UTA,NO,114.0,112.0,1
2024,1,2023-11-27T00:00:00,LAC,DEN,104.0,113.0,0
2024,1,2023-11-28T00:00:00,BKN,TOR,115.0,103.0,1
2024,1,2023-11-28T00:00:00,BOS,CHI,124.0,97.0,1
2024,1,2023-11-28T00:00:00,CLE,ATL,128.0,105.0,1
2024,1,2023-11-28T00:00:00,MIA,MIL,124.0,131.0,0
2024,1,2023-11-28T00:00:00,NY,CHA,115.0,91.0,1
2024,1,2023-11-28T00:00:00,MIN,OKC,106.0,103.0,1
2024,1,2023-11-28T00:00:00,DAL,HOU,121.0,115.0,1
2024,1,2023-11-28T00:00:00,SAC,GS,124.0,123.0,1
2024,1,2023-11-29T00:00:00,DET,LAL,107.0,133.0,0
2024,1,2023-11-29T00:00:00,ORL,WAS,139.0,120.0,1
2024,1,2023-11-29T00:00:00,TOR,PHO,112.0,105.0,1
2024,1,2023-11-29T00:00:00,MEM,UTA,105.0,91.0,1
2024,1,2023-11-29T00:00:00,NO,PHI,124.0,114.0,1
2024,1,2023-11-29T00:00:00,DEN,HOU,134.0,124.0,1
2024,1,2023-11-29T00:00:00,SAC,LAC,117.0,131.0,0
2024,1,2023-11-30T00:00:00,CLE,POR,95.0,103.0,0
2024,1,2023-11-30T00:00:00,BKN,CHA,128.0,129.0,0
2024,1,2023-11-30T00:00:00,MIA,IND,142.0,132.0,1
2024,1,2023-11-30T00:00:00,NY,DET,118.0,112.0,1
2024,1,2023-11-30T00:00:00,CHI,MIL,120.0,113.0,1
2024,1,2023-11-30T00:00:00,MIN,UTA,101.0,90.0,1
2024,1,2023-11-30T00:00:00,OKC,LAL,133.0,110.0,1
2024,1,2023-11-30T00:00:00,SA,ATL,135.0,137.0,0
2024,1,2023-11-30T00:00:00,GS,LAC,120.0,114.0,1
2024,1,2023-12-01T00:00:00,ORL,WAS,130.0,125.0,1
2024,1,2023-12-01T00:00:00,BOS,PHI,125.0,119.0,1
2024,1,2023-12-01T00:00:00,DAL,MEM,94.0,108.0,0
2024,1,2023-12-01T00:00:00,TOR,NY,106.0,119.0,0
2024,1,2023-12-01T00:00:00,NO,SA,121.0,106.0,1
2024,1,2023-12-01T00:00:00,PHO,DEN,111.0,119.0,0
2024,1,2023-12-02T00:00:00,LAC,GS,113.0,112.0,1
2024,1,2023-12-02T00:00:00,CHA,MIN,117.0,123.0,0
2024,1,2023-12-02T00:00:00,BKN,ORL,129.0,101.0,1
2024,1,2023-12-02T00:00:00,DET,CLE,101.0,110.0,0
2024,1,2023-12-02T00:00:00,CHI,NO,124.0,118.0,1
2024,1,2023-12-02T00:00:00,MIA,IND,129.0,144.0,0
2024,1,2023-12-02T00:00:00,MIL,ATL,132.0,121.0,1
2024,1,2023-12-02T00:00:00,DAL,OKC,120.0,126.0,0
2024,1,2023-12-02T00:00:00,PHO,MEM,116.0,109.0,1
2024,1,2023-12-02T00:00:00,UTA,POR,118.0,113.0,1
2024,1,2023-12-02T00:00:00,SAC,DEN,123.0,117.0,1
2024,1,2023-12-02T00:00:00,LAL,HOU,107.0,97.0,1
2024,1,2023-12-04T00:00:00,IND,BOS,122.0,112.0,1
2024,1,2023-12-04T00:00:00,SAC,NO,117.0,127.0,0
2024,1,2023-12-05T00:00:00,MIL,NY,146.0,122.0,1
2024,1,2023-12-05T00:00:00,LAL,PHO,106.0,103.0,1
2024,1,2023-12-06T00:00:00,CLE,ORL,121.0,111.0,1
2024,1,2023-12-06T00:00:00,DET,MEM,102.0,116.0,0
2024,1,2023-12-06T00:00:00,WAS,PHI,126.0,131.0,0
2024,1,2023-12-06T00:00:00,ATL,BKN,113.0,114.0,0
2024,1,2023-12-06T00:00:00,MIN,SA,102.0,94.0,1
2024,1,2023-12-06T00:00:00,TOR,MIA,103.0,112.0,0
2024,1,2023-12-06T00:00:00,CHI,CHA,111.0,100.0,1
2024,1,2023-12-06T00:00:00,HOU,OKC,110.0,101.0,1
2024,1,2023-12-06T00:00:00,DAL,UTA,147.0,97.0,1
2024,1,2023-12-06T00:00:00,GS,POR,110.0,106.0,1
2024,1,2023-12-06T00:00:00,LAC,DEN,111.0,102.0,1
2024,1,2023-12-07T00:00:00,MIL,IND,119.0,128.0,0
2024,1,2023-12-07T00:00:00,LAL,NO,133.0,89.0,1
2024,1,2023-12-08T00:00:00,CHA,TOR,119.0,116.0,1
2024,1,2023-12-08T00:00:00,ORL,DET,123.0,91.0,1
2024,1,2023-12-08T00:00:00,PHI,ATL,125.0,114.0,1
2024,1,2023-12-08T00:00:00,BKN,WAS,124.0,97.0,1
2024,1,2023-12-08T00:00:00,BOS,NY,133.0,123.0,1
2024,1,2023-12-08T00:00:00,MEM,MIN,103.0,127.0,0
2024,1,2023-12-08T00:00:00,MIA,CLE,99.0,111.0,0
2024,1,2023-12-08T00:00:00,OKC,GS,138.0,136.0,1
2024,1,2023-12-08T00:00:00,SA,CHI,112.0,121.0,0
2024,1,2023-12-08T00:00:00,DEN,HOU,106.0,114.0,0
2024,1,2023-12-08T00:00:00,PHO,SAC,106.0,114.0,0
2024,1,2023-12-08T00:00:00,POR,DAL,112.0,125.0,0
2024,1,2023-12-08T00:00:00,UTA,LAC,103.0,117.0,0
2024,1,2023-12-11T00:00:00,CHA,MIA,114.0,116.0,0
2024,1,2023-12-11T00:00:00,DET,IND,123.0,131.0,0
2024,1,2023-12-11T00:00:00,ORL,CLE,104.0,94.0,1
2024,1,2023-12-11T00:00:00,PHI,WAS,146.0,101.0,1
2024,1,2023-12-11T00:00:00,ATL,DEN,122.0,129.0,0
2024,1,2023-12-11T00:00:00,NY,TOR,136.0,130.0,1
2024,1,2023-12-11T00:00:00,HOU,SA,93.0,82.0,1
2024,1,2023-12-11T00:00:00,MEM,DAL,113.0,120.0,0
2024,1,2023-12-11T00:00:00,MIL,CHI,133.0,129.0,1
2024,1,2023-12-11T00:00:00,NO,MIN,121.0,107.0,1
2024,1,2023-12-11T00:00:00,OKC,UTA,134.0,120.0,1
2024,1,2023-12-11T00:00:00,SAC,BKN,131.0,118.0,1
2024,1,2023-12-11T00:00:00,LAC,POR,132.0,127.0,1
2024,1,2023-12-12T00:00:00,BOS,CLE,120.0,113.0,1
2024,1,2023-12-12T00:00:00,DAL,LAL,127.0,125.0,1
2024,1,2023-12-12T00:00:00,CHI,DEN,106.0,114.0,0
2024,1,2023-12-12T00:00:00,PHO,GS,119.0,116.0,1
2024,1,2023-12-12T00:00:00,LAC,SAC,119.0,99.0,1
2024,1,2023-12-13T00:00:00,DET,PHI,111.0,129.0,0
2024,1,2023-12-13T00:00:00,WAS,NO,122.0,142.0,0
2024,1,2023-12-13T00:00:00,MIA,CHA,115.0,104.0,1
2024,1,2023-12-13T00:00:00,TOR,ATL,135.0,128.0,1
2024,1,2023-12-13T00:00:00,HOU,MEM,117.0,104.0,1
2024,1,2023-12-13T00:00:00,MIL,IND,140.0,126.0,1
2024,1,2023-12-13T00:00:00,SA,LAL,119.0,122.0,0
2024,1,2023-12-13T00:00:00,PHO,BKN,112.0,116.0,0
2024,1,2023-12-13T00:00:00,UTA,NY,117.0,113.0,1
2024,1,2023-12-14T00:00:00,BOS,CLE,116.0,107.0,1
2024,1,2023-12-14T00:00:00,MIA,CHI,116.0,124.0,0
2024,1,2023-12-14T00:00:00,DAL,MIN,101.0,119.0,0
2024,1,2023-12-14T00:00:00,DEN,BKN,124.0,101.0,1
2024,1,2023-12-14T00:00:00,POR,UTA,114.0,122.0,0
2024,1,2023-12-14T00:00:00,SAC,OKC,128.0,123.0,1
2024,1,2023-12-14T00:00:00,LAC,GS,121.0,113.0,1
2024,1,2023-12-15T00:00:00,CHA,NO,107.0,112.0,0
2024,1,2023-12-15T00:00:00,PHI,DET,124.0,92.0,1
2024,1,2023-12-15T00:00:00,WAS,IND,137.0,123.0,1
2024,1,2023-12-15T00:00:00,BOS,ORL,128.0,111.0,1
2024,1,2023-12-15T00:00:00,SA,LAL,129.0,115.0,1
2024,1,2023-12-15T00:00:00,TOR,ATL,104.0,125.0,0
2024,1,2023-12-15T00:00:00,MEM,HOU,96.0,103.0,0
2024,1,2023-12-15T00:00:00,PHO,NY,122.0,139.0,0
2024,1,2023-12-16T00:00:00,MIL,DET,146.0,114.0,1
2024,1,2023-12-16T00:00:00,CHA,PHI,82.0,135.0,0
2024,1,2023-12-16T00:00:00,CLE,ATL,127.0,119.0,1
2024,1,2023-12-16T00:00:00,MIA,CHI,118.0,116.0,1
2024,1,2023-12-16T00:00:00,MIN,IND,127.0,109.0,1
2024,1,2023-12-16T00:00:00,GS,BKN,124.0,120.0,1
2024,1,2023-12-16T00:00:00,DEN,OKC,117.0,118.0,0
2024,1,2023-12-16T00:00:00,POR,DAL,120.0,131.0,0
2024,1,2023-12-16T00:00:00,SAC,UTA,125.0,104.0,1
2024,1,2023-12-16T00:00:00,LAC,NY,144.0,122.0,1
2024,1,2023-12-17T00:00:00,BOS,ORL,114.0,97.0,1
2024,1,2023-12-17T00:00:00,SA,NO,110.0,146.0,0
2024,1,2023-12-17T00:00:00,MIL,HOU,128.0,119.0,1
2024,1,2023-12-17T00:00:00,PHO,WAS,112.0,108.0,1
2024,1,2023-12-17T00:00:00,POR,GS,114.0,118.0,0
2024,1,2023-12-18T00:00:00,CLE,HOU,135.0,130.0,1
2024,1,2023-12-18T00:00:00,IND,LAC,127.0,151.0,0
2024,1,2023-12-18T00:00:00,PHI,CHI,104.0,108.0,0
2024,1,2023-12-18T00:00:00,ATL,DET,130.0,124.0,1
2024,1,2023-12-18T00:00:00,MIA,MIN,108.0,112.0,0
2024,1,2023-12-18T00:00:00,TOR,CHA,114.0,99.0,1
2024,1,2023-12-18T00:00:00,OKC,MEM,116.0,97.0,1
2024,1,2023-12-18T00:00:00,DEN,DAL,130.0,104.0,1
2024,1,2023-12-18T00:00:00,UTA,BKN,125.0,108.0,1
2024,1,2023-12-18T00:00:00,SAC,WAS,143.0,131.0,1
2024,1,2023-12-18T00:00:00,LAL,NY,109.0,114.0,0
2024,1,2023-12-19T00:00:00,NO,MEM,113.0,115.0,0
2024,1,2023-12-19T00:00:00,MIL,SA,132.0,119.0,1
2024,1,2023-12-19T00:00:00,GS,BOS,132.0,126.0,1
2024,1,2023-12-19T00:00:00,POR,PHO,109.0,104.0,1
2024,1,2023-12-20T00:00:00,CLE,UTA,124.0,116.0,1
2024,1,2023-12-20T00:00:00,IND,CHA,144.0,113.0,1
2024,1,2023-12-20T00:00:00,ORL,MIA,106.0,115.0,0
2024,1,2023-12-20T00:00:00,PHI,MIN,127.0,113.0,1
2024,1,2023-12-20T00:00:00,BKN,NY,102.0,121.0,0
2024,1,2023-12-20T00:00:00,TOR,DEN,104.0,113.0,0
2024,1,2023-12-20T00:00:00,CHI,LAL,124.0,108.0,1
2024,1,2023-12-20T00:00:00,HOU,ATL,127.0,134.0,0
2024,1,2023-12-20T00:00:00,DAL,LAC,111.0,120.0,0
2024,1,2023-12-20T00:00:00,SAC,BOS,119.0,144.0,0
2024,1,2023-12-21T00:00:00,DET,UTA,111.0,119.0,0
2024,1,2023-12-21T00:00:00,CLE,NO,104.0,123.0,0
2024,1,2023-12-21T00:00:00,CHI,SA,114.0,95.0,1
2024,1,2023-12-21T00:00:00,MEM,IND,116.0,103.0,1
2024,1,2023-12-21T00:00:00,MIL,ORL,118.0,114.0,1
2024,1,2023-12-21T00:00:00,OKC,LAC,134.0,115.0,1
2024,1,2023-12-21T00:00:00,MIN,LAL,118.0,111.0,1
2024,1,2023-12-21T00:00:00,POR,WAS,117.0,118.0,0
2024,1,2023-12-22T00:00:00,PHI,TOR,121.0,111.0,1
2024,1,2023-12-22T00:00:00,BKN,DEN,117.0,122.0,0
2024,1,2023-12-22T00:00:00,HOU,DAL,122.0,96.0,1
2024,1,2023-12-22T00:00:00,MIA,ATL,122.0,113.0,1
2024,1,2023-12-22T00:00:00,GS,WAS,129.0,118.0,1
2024,1,2023-12-22T00:00:00,SAC,PHO,120.0,105.0,1
2024,1,2023-12-23T00:00:00,NY,MIL,111.0,130.0,0
2024,1,2023-12-23T00:00:00,LAC,BOS,108.0,145.0,0
2024,1,2023-12-23T00:00:00,CHA,DEN,95.0,102.0,0
2024,1,2023-12-23T00:00:00,IND,ORL,110.0,117.0,0
2024,1,2023-12-23T00:00:00,NO,HOU,104.0,106.0,0
2024,1,2023-12-23T00:00:00,ATL,MEM,119.0,125.0,0
2024,1,2023-12-23T00:00:00,BKN,DET,126.0,115.0,1
2024,1,2023-12-23T00:00:00,TOR,UTA,119.0,126.0,0
2024,1,2023-12-23T00:00:00,CHI,CLE,95.0,109.0,0
2024,1,2023-12-23T00:00:00,OKC,LAL,120.0,129.0,0
2024,1,2023-12-23T00:00:00,DAL,SA,144.0,119.0,1
2024,1,2023-12-23T00:00:00,GS,POR,126.0,106.0,1
2024,1,2023-12-23T00:00:00,SAC,MIN,98.0,110.0,0
2024,1,2023-12-25T00:00:00,NY,MIL,129.0,122.0,1
2024,1,2023-12-25T00:00:00,DEN,GS,120.0,114.0,1
2024,1,2023-12-25T00:00:00,LAL,BOS,115.0,126.0,0
2024,1,2023-12-25T00:00:00,MIA,PHI,119.0,113.0,1
2024,1,2023-12-25T00:00:00,PHO,DAL,114.0,128.0,0
2024,1,2023-12-26T00:00:00,DET,BKN,112.0,118.0,0
2024,1,2023-12-26T00:00:00,WAS,ORL,119.0,127.0,0
2024,1,2023-12-26T00:00:00,CHI,ATL,118.0,113.0,1
2024,1,2023-12-26T00:00:00,HOU,IND,117.0,123.0,0
2024,1,2023-12-26T00:00:00,NO,MEM,115.0,116.0,0
2024,1,2023-12-26T00:00:00,OKC,MIN,129.0,106.0,1
2024,1,2023-12-26T00:00:00,SA,UTA,118.0,130.0,0
2024,1,2023-12-26T00:00:00,POR,SAC,130.0,113.0,1
2024,1,2023-12-26T00:00:00,LAC,CHA,113.0,104.0,1
2024,1,2023-12-27T00:00:00,ORL,PHI,92.0,112.0,0
2024,1,2023-12-27T00:00:00,WAS,TOR,102.0,132.0,0
2024,1,2023-12-27T00:00:00,BKN,MIL,122.0,144.0,0
2024,1,2023-12-27T00:00:00,HOU,PHO,113.0,129.0,0
2024,1,2023-12-27T00:00:00,OKC,NY,129.0,120.0,1
2024,1,2023-12-27T00:00:00,DAL,CLE,110.0,113.0,0
2024,1,2023-12-28T00:00:00,BOS,DET,128.0,122.0,1
2024,1,2023-12-28T00:00:00,CHI,IND,104.0,120.0,0
2024,1,2023-12-28T00:00:00,MIN,DAL,118.0,110.0,1
2024,1,2023-12-28T00:00:00,NO,UTA,112.0,105.0,1
2024,1,2023-12-28T00:00:00,DEN,MEM,142.0,105.0,1
2024,1,2023-12-28T00:00:00,GS,MIA,102.0,114.0,0
2024,1,2023-12-28T00:00:00,POR,SA,105.0,118.0,0
2024,1,2023-12-28T00:00:00,LAL,CHA,133.0,112.0,1
2024,1,2023-12-29T00:00:00,ORL,NY,117.0,108.0,1
2024,1,2023-12-29T00:00:00,WAS,BKN,110.0,104.0,1
2024,1,2023-12-29T00:00:00,ATL,SAC,110.0,117.0,0
2024,1,2023-12-29T00:00:00,BOS,TOR,120.0,118.0,1
2024,1,2023-12-29T00:00:00,CLE,MIL,111.0,119.0,0
2024,1,2023-12-29T00:00:00,HOU,PHI,127.0,131.0,0
2024,1,2023-12-29T00:00:00,DEN,OKC,93.0,119.0,0
2024,1,2023-12-29T00:00:00,PHO,CHA,133.0,119.0,1
2024,1,2023-12-29T00:00:00,POR,SA,134.0,128.0,1
2024,1,2023-12-29T00:00:00,LAC,MEM,117.0,106.0,1
2024,1,2023-12-30T00:00:00,UTA,MIA,117.0,109.0,1
2024,1,2023-12-30T00:00:00,DET,TOR,129.0,127.0,1
2024,1,2023-12-30T00:00:00,IND,NY,140.0,126.0,1
2024,1,2023-12-30T00:00:00,CHI,PHI,105.0,92.0,1
2024,1,2023-12-30T00:00:00,MIN,LAL,108.0,106.0,1
2024,1,2023-12-30T00:00:00,GS,DAL,122.0,132.0,0
2024,1,2023-12-31T00:00:00,WAS,ATL,126.0,130.0,0
2024,1,2023-12-31T00:00:00,NO,LAL,129.0,109.0,1
2024,1,2023-12-31T00:00:00,OKC,BKN,124.0,108.0,1
2024,1,2023-12-31T00:00:00,SA,BOS,101.0,134.0,0
2024,1,2023-12-31T00:00:00,MEM,SAC,92.0,123.0,0
2024,1,2023-12-31T00:00:00,PHO,ORL,112.0,107.0,1
2024,1,2024-01-01T00:00:00,NY,MIN,112.0,106.0,1
2024,1,2024-01-01T00:00:00,TOR,CLE,124.0,121.0,1
2024,1,2024-01-01T00:00:00,HOU,DET,136.0,113.0,1
2024,1,2024-01-01T00:00:00,MIL,IND,113.0,122.0,0
2024,1,2024-01-01T00:00:00,DEN,CHA,111.0,93.0,1
2024,1,2024-01-01T00:00:00,PHO,POR,109.0,88.0,1
2024,1,2024-01-01T00:00:00,UTA,DAL,127.0,90.0,1
2024,1,2024-01-01T00:00:00,LAC,MIA,121.0,104.0,1
2024,1,2024-01-02T00:00:00,PHI,CHI,110.0,97.0,1
2024,1,2024-01-02T00:00:00,MEM,SA,106.0,98.0,1
2024,1,2024-01-02T00:00:00,NO,BKN,112.0,85.0,1
2024,1,2024-01-02T00:00:00,OKC,BOS,127.0,123.0,1
2024,1,2024-01-02T00:00:00,GS,ORL,121.0,115.0,1
2024,1,2024-01-02T00:00:00,SAC,CHA,104.0,111.0,0
2024,1,2024-01-03T00:00:00,CLE,WAS,140.0,101.0,1
2024,1,2024-01-03T00:00:00,IND,MIL,142.0,130.0,1
2024,1,2024-01-03T00:00:00,ATL,OKC,141.0,138.0,1
2024,1,2024-01-03T00:00:00,HOU,BKN,112.0,101.0,1
2024,1,2024-01-03T00:00:00,MEM,TOR,111.0,116.0,0
2024,1,2024-01-03T00:00:00,MIN,NO,106.0,117.0,0
2024,1,2024-01-03T00:00:00,DAL,POR,126.0,97.0,1
2024,1,2024-01-03T00:00:00,NY,CHI,116.0,100.0,1
2024,1,2024-01-03T00:00:00,PHO,LAC,122.0,131.0,0
2024,1,2024-01-03T00:00:00,UTA,DET,154.0,148.0,1
2024,1,2024-01-03T00:00:00,LAL,MIA,96.0,110.0,0
2024,1,2024-01-03T00:00:00,SAC,ORL,138.0,135.0,1
2024,1,2024-01-04T00:00:00,SA,MIL,121.0,125.0,0
2024,1,2024-01-04T00:00:00,GS,DEN,127.0,130.0,0
2024,1,2024-01-05T00:00:00,BOS,UTA,126.0,97.0,1
2024,1,2024-01-05T00:00:00,IND,ATL,150.0,116.0,1
2024,1,2024-01-05T00:00:00,BKN,OKC,124.0,115.0,1
2024,1,2024-01-05T00:00:00,CLE,WAS,114.0,90.0,1
2024,1,2024-01-05T00:00:00,PHI,NY,92.0,128.0,0
2024,1,2024-01-05T00:00:00,CHI,CHA,104.0,91.0,1
2024,1,2024-01-05T00:00:00,HOU,MIN,95.0,122.0,0
2024,1,2024-01-05T00:00:00,NO,LAC,95.0,111.0,0
2024,1,2024-01-05T00:00:00,DAL,POR,139.0,103.0,1
2024,1,2024-01-05T00:00:00,DEN,ORL,120.0,122.0,0
2024,1,2024-01-05T00:00:00,PHO,MIA,113.0,97.0,1
2024,1,2024-01-05T00:00:00,GS,DET,113.0,109.0,1
2024,1,2024-01-05T00:00:00,LAL,MEM,113.0,127.0,0
2024,1,2024-01-05T00:00:00,SAC,TOR,135.0,130.0,1
2024,1,2024-01-06T00:00:00,IND,BOS,101.0,118.0,0
2024,1,2024-01-06T00:00:00,WAS,NY,105.0,121.0,0
2024,1,2024-01-06T00:00:00,PHI,UTA,109.0,120.0,0
2024,1,2024-01-06T00:00:00,HOU,MIL,112.0,108.0,1
2024,1,2024-01-07T00:00:00,CLE,SA,117.0,115.0,1
2024,1,2024-01-07T00:00:00,BKN,POR,127.0,134.0,0
2024,1,2024-01-07T00:00:00,ORL,ATL,117.0,110.0,1
2024,1,2024-01-07T00:00:00,SAC,NO,100.0,133.0,0
2024,1,2024-01-07T00:00:00,DAL,MIN,115.0,108.0,1
2024,1,2024-01-07T00:00:00,DEN,DET,131.0,114.0,1
2024,1,2024-01-07T00:00:00,PHO,MEM,115.0,121.0,0
2024,1,2024-01-07T00:00:00,GS,TOR,118.0,133.0,0
2024,1,2024-01-07T00:00:00,LAL,LAC,106.0,103.0,1
2024,1,2024-01-08T00:00:00,CHA,CHI,112.0,119.0,0
2024,1,2024-01-08T00:00:00,IND,BOS,133.0,131.0,1
2024,1,2024-01-08T00:00:00,WAS,OKC,128.0,136.0,0
2024,1,2024-01-08T00:00:00,MIA,HOU,120.0,113.0,1
2024,1,2024-01-08T00:00:00,MIL,UTA,116.0,132.0,0
2024,1,2024-01-08T00:00:00,LAC,PHO,138.0,111.0,1
2024,1,2024-01-09T00:00:00,DET,SAC,110.0,131.0,0
2024,1,2024-01-09T00:00:00,ORL,MIN,92.0,113.0,0
2024,1,2024-01-09T00:00:00,NY,POR,112.0,84.0,1
2024,1,2024-01-09T00:00:00,DAL,MEM,103.0,120.0,0
2024,1,2024-01-09T00:00:00,LAL,TOR,132.0,131.0,1
2024,1,2024-01-10T00:00:00,BOS,MIN,127.0,120.0,1
2024,1,2024-01-10T00:00:00,CHA,SAC,98.0,123.0,0
2024,1,2024-01-10T00:00:00,DET,SA,108.0,130.0,0
2024,1,2024-01-10T00:00:00,IND,WAS,112.0,104.0,1
2024,1,2024-01-10T00:00:00,ATL,PHI,139.0,132.0,1
2024,1,2024-01-10T00:00:00,MIA,OKC,120.0,128.0,0
2024,1,2024-01-10T00:00:00,CHI,HOU,124.0,119.0,1
2024,1,2024-01-10T00:00:00,GS,NO,105.0,141.0,0
2024,1,2024-01-10T00:00:00,UTA,DEN,124.0,111.0,1
2024,1,2024-01-10T00:00:00,LAC,TOR,126.0,120.0,1
2024,1,2024-01-11T00:00:00,CLE,BKN,111.0,102.0,1
2024,1,2024-01-11T00:00:00,MIL,BOS,135.0,102.0,1
2024,1,2024-01-11T00:00:00,OKC,POR,139.0,77.0,1
2024,1,2024-01-11T00:00:00,DAL,NY,128.0,124.0,1
2024,1,2024-01-11T00:00:00,LAL,PHO,109.0,127.0,0
2024,1,2024-01-12T00:00:00,ATL,IND,108.0,126.0,0
2024,1,2024-01-12T00:00:00,DET,HOU,110.0,112.0,0
2024,1,2024-01-12T00:00:00,PHI,SAC,112.0,93.0,1
2024,1,2024-01-12T00:00:00,CHI,GS,131.0,140.0,0
2024,1,2024-01-12T00:00:00,MEM,LAC,119.0,128.0,0
2024,1,2024-01-12T00:00:00,MIA,ORL,99.0,96.0,1
2024,1,2024-01-12T00:00:00,MIN,POR,116.0,93.0,1
2024,1,2024-01-12T00:00:00,SA,CHA,135.0,99.0,1
2024,1,2024-01-12T00:00:00,UTA,TOR,145.0,113.0,1
2024,1,2024-01-12T00:00:00,DEN,NO,125.0,113.0,1
2024,1,2024-01-13T00:00:00,BOS,HOU,145.0,113.0,1
2024,1,2024-01-13T00:00:00,ATL,WAS,99.0,127.0,0
2024,1,2024-01-13T00:00:00,MEM,NY,94.0,106.0,0
2024,1,2024-01-13T00:00:00,MIL,GS,129.0,118.0,1
2024,1,2024-01-13T00:00:00,OKC,ORL,112.0,100.0,1
2024,1,2024-01-13T00:00:00,DAL,NO,108.0,118.0,0
2024,1,2024-01-13T00:00:00,SA,CHI,116.0,122.0,0
2024,1,2024-01-13T00:00:00,UTA,LAL,132.0,125.0,1
2024,1,2024-01-14T00:00:00,DEN,IND,117.0,109.0,1
2024,1,2024-01-14T00:00:00,MIA,CHA,104.0,87.0,1
2024,1,2024-01-14T00:00:00,MIL,SAC,143.0,142.0,1
2024,1,2024-01-14T00:00:00,MIN,LAC,109.0,105.0,1
2024,1,2024-01-14T00:00:00,POR,PHO,116.0,127.0,0
2024,1,2024-01-15T00:00:00,PHI,HOU,124.0,115.0,1
2024,1,2024-01-15T00:00:00,DAL,NO,125.0,120.0,1
2024,1,2024-01-15T00:00:00,NY,ORL,94.0,98.0,0
2024,1,2024-01-15T00:00:00,WAS,DET,117.0,129.0,0
2024,1,2024-01-15T00:00:00,ATL,SA,109.0,99.0,1
2024,1,2024-01-15T00:00:00,MEM,GS,116.0,107.0,1
2024,1,2024-01-15T00:00:00,CLE,CHI,109.0,91.0,1
2024,1,2024-01-15T00:00:00,BKN,MIA,95.0,96.0,0
2024,1,2024-01-15T00:00:00,TOR,BOS,96.0,105.0,0
2024,1,2024-01-15T00:00:00,UTA,IND,132.0,105.0,1
2024,1,2024-01-15T00:00:00,LAL,OKC,112.0,105.0,1
2024,1,2024-01-16T00:00:00,PHI,DEN,126.0,121.0,1
2024,1,2024-01-16T00:00:00,PHO,SAC,119.0,117.0,1
2024,1,2024-01-16T00:00:00,LAC,OKC,128.0,117.0,1
2024,1,2024-01-17T00:00:00,DET,MIN,117.0,124.0,0
2024,1,2024-01-17T00:00:00,ATL,ORL,106.0,104.0,1
2024,1,2024-01-17T00:00:00,BOS,SA,117.0,98.0,1
2024,1,2024-01-17T00:00:00,CLE,MIL,135.0,95.0,1
2024,1,2024-01-17T00:00:00,NY,HOU,109.0,94.0,1
2024,1,2024-01-17T00:00:00,TOR,MIA,121.0,97.0,1
2024,1,2024-01-17T00:00:00,NO,CHA,132.0,112.0,1
2024,1,2024-01-17T00:00:00,LAL,DAL,127.0,110.0,1
2024,1,2024-01-17T00:00:00,POR,BKN,105.0,103.0,1
2024,1,2024-01-18T00:00:00,NY,WAS,113.0,109.0,1
2024,1,2024-01-18T00:00:00,TOR,CHI,110.0,116.0,0
2024,1,2024-01-18T00:00:00,UTA,OKC,129.0,134.0,0
2024,1,2024-01-18T00:00:00,MIN,MEM,118.0,103.0,1
2024,1,2024-01-18T00:00:00,SAC,IND,121.0,126.0,0
2024,1,2024-01-19T00:00:00,CHA,SA,124.0,120.0,1
2024,1,2024-01-19T00:00:00,ORL,PHI,109.0,124.0,0
2024,1,2024-01-19T00:00:00,BOS,DEN,100.0,102.0,0
2024,1,2024-01-19T00:00:00,MIA,ATL,108.0,109.0,0
2024,1,2024-01-19T00:00:00,NO,PHO,109.0,123.0,0
2024,1,2024-01-19T00:00:00,POR,IND,118.0,115.0,1
2024,1,2024-01-19T00:00:00,LAL,BKN,112.0,130.0,0
2024,1,2024-01-20T00:00:00,DET,MIL,135.0,141.0,0
2024,1,2024-01-20T00:00:00,CHA,PHI,89.0,97.0,0
2024,1,2024-01-20T00:00:00,WAS,SA,127.0,131.0,0
2024,1,2024-01-20T00:00:00,ATL,CLE,95.0,116.0,0
2024,1,2024-01-20T00:00:00,NY,TOR,126.0,100.0,1
2024,1,2024-01-20T00:00:00,CHI,MEM,125.0,96.0,1
2024,1,2024-01-20T00:00:00,HOU,UTA,127.0,126.0,1
2024,1,2024-01-20T00:00:00,MIN,OKC,97.0,102.0,0
2024,1,2024-01-21T00:00:00,LAC,BKN,125.0,114.0,1
2024,1,2024-01-21T00:00:00,ORL,MIA,105.0,87.0,1
2024,1,2024-01-21T00:00:00,WAS,DEN,104.0,113.0,0
2024,1,2024-01-21T00:00:00,HOU,BOS,107.0,116.0,0
2024,1,2024-01-21T00:00:00,PHO,IND,117.0,110.0,1
2024,1,2024-01-21T00:00:00,LAL,POR,134.0,110.0,1
2024,1,2024-01-22T00:00:00,DET,MIL,113.0,122.0,0
2024,1,2024-01-22T00:00:00,ORL,CLE,99.0,126.0,0
2024,1,2024-01-22T00:00:00,PHI,SA,133.0,123.0,1
2024,1,2024-01-22T00:00:00,TOR,MEM,100.0,108.0,0
2024,1,2024-01-22T00:00:00,MIN,CHA,125.0,128.0,0
2024,1,2024-01-22T00:00:00,DAL,BOS,110.0,119.0,0
2024,1,2024-01-22T00:00:00,PHO,CHI,115.0,113.0,1
2024,1,2024-01-22T00:00:00,SAC,ATL,122.0,107.0,1
2024,1,2024-01-23T00:00:00,IND,DEN,109.0,114.0,0
2024,1,2024-01-23T00:00:00,BKN,NY,103.0,108.0,0
2024,1,2024-01-23T00:00:00,NO,UTA,153.0,124.0,1
2024,1,2024-01-23T00:00:00,OKC,POR,111.0,109.0,1
2024,1,2024-01-23T00:00:00,LAC,LAL,127.0,116.0,1
2024,1,2024-01-24T00:00:00,DET,CHA,113.0,106.0,1
2024,1,2024-01-24T00:00:00,WAS,MIN,107.0,118.0,0
2024,1,2024-01-24T00:00:00,MIA,MEM,96.0,105.0,0
2024,1,2024-01-24T00:00:00,HOU,POR,131.0,137.0,0
2024,1,2024-01-24T00:00:00,MIL,CLE,126.0,116.0,1
2024,1,2024-01-24T00:00:00,DAL,PHO,109.0,132.0,0
2024,1,2024-01-24T00:00:00,SA,OKC,114.0,140.0,0
2024,1,2024-01-24T00:00:00,GS,ATL,134.0,112.0,1
2024,1,2024-01-25T00:00:00,IND,PHI,134.0,122.0,1
2024,1,2024-01-25T00:00:00,WAS,UTA,108.0,123.0,0
2024,1,2024-01-25T00:00:00,BKN,MIN,94.0,96.0,0
2024,1,2024-01-25T00:00:00,MIA,BOS,110.0,143.0,0
2024,1,2024-01-25T00:00:00,NY,DEN,122.0,84.0,1
2024,1,2024-01-25T00:00:00,GS,SAC,133.0,134.0,0
2024,1,2024-01-25T00:00:00,LAL,CHI,141.0,132.0,1
2024,1,2024-01-26T00:00:00,ATL,DAL,143.0,148.0,0
2024,1,2024-01-26T00:00:00,CHA,HOU,104.0,138.0,0
2024,1,2024-01-26T00:00:00,IND,PHO,133.0,131.0,1
2024,1,2024-01-26T00:00:00,TOR,LAC,107.0,127.0,0
2024,1,2024-01-26T00:00:00,MEM,ORL,107.0,106.0,1
2024,1,2024-01-26T00:00:00,MIL,CLE,100.0,112.0,0
2024,1,2024-01-26T00:00:00,NO,OKC,83.0,107.0,0
2024,1,2024-01-26T00:00:00,SA,POR,116.0,100.0,1
2024,1,2024-01-27T00:00:00,DET,WAS,104.0,118.0,0
2024,1,2024-01-27T00:00:00,NY,MIA,125.0,109.0,1
2024,1,2024-01-27T00:00:00,DEN,PHI,111.0,105.0,1
2024,1,2024-01-27T00:00:00,BKN,HOU,106.0,104.0,1
2024,1,2024-01-27T00:00:00,BOS,LAC,96.0,115.0,0
2024,1,2024-01-27T00:00:00,CHA,UTA,122.0,134.0,0
2024,1,2024-01-27T00:00:00,MIL,NO,141.0,117.0,1
2024,1,2024-01-27T00:00:00,GS,LAL,144.0,145.0,0
2024,1,2024-01-27T00:00:00,SA,MIN,113.0,112.0,1
2024,1,2024-01-27T00:00:00,DAL,SAC,115.0,120.0,0
2024,1,2024-01-28T00:00:00,DET,OKC,120.0,104.0,1
2024,1,2024-01-28T00:00:00,IND,MEM,116.0,110.0,1
2024,1,2024-01-28T00:00:00,ATL,TOR,126.0,125.0,1
2024,1,2024-01-28T00:00:00,ORL,PHO,113.0,98.0,1
2024,1,2024-01-28T00:00:00,POR,CHI,96.0,104.0,0
2024,1,2024-01-29T00:00:00,CHA,NY,92.0,113.0,0
2024,1,2024-01-29T00:00:00,CLE,LAC,118.0,108.0,1
2024,1,2024-01-29T00:00:00,BKN,UTA,147.0,114.0,1
2024,1,2024-01-29T00:00:00,BOS,NO,118.0,112.0,1
2024,1,2024-01-29T00:00:00,MIA,PHO,105.0,118.0,0
2024,1,2024-01-29T00:00:00,HOU,LAL,135.0,119.0,1
2024,1,2024-01-29T00:00:00,MEM,SAC,94.0,103.0,0
2024,1,2024-01-29T00:00:00,OKC,MIN,101.0,107.0,0
2024,1,2024-01-29T00:00:00,SA,WAS,113.0,118.0,0
2024,1,2024-01-29T00:00:00,DAL,ORL,131.0,129.0,1
2024,1,2024-01-29T00:00:00,DEN,MIL,113.0,107.0,1
2024,1,2024-01-29T00:00:00,POR,PHI,130.0,104.0,1
2024,1,2024-01-30T00:00:00,ATL,LAL,138.0,122.0,1
2024,1,2024-01-30T00:00:00,BOS,IND,129.0,124.0,1
2024,1,2024-01-30T00:00:00,NY,UTA,118.0,103.0,1
2024,1,2024-01-30T00:00:00,CHI,TOR,107.0,118.0,0
2024,1,2024-01-30T00:00:00,GS,PHI,119.0,107.0,1
2024,1,2024-01-31T00:00:00,CHA,CHI,110.0,117.0,0
2024,1,2024-01-31T00:00:00,CLE,DET,128.0,121.0,1
2024,1,2024-01-31T00:00:00,WAS,LAC,109.0,125.0,0
2024,1,2024-01-31T00:00:00,MIA,SAC,115.0,106.0,1
2024,1,2024-01-31T00:00:00,HOU,NO,99.0,110.0,0
2024,1,2024-01-31T00:00:00,MIN,DAL,121.0,87.0,1
2024,1,2024-01-31T00:00:00,OKC,DEN,105.0,100.0,1
2024,1,2024-01-31T00:00:00,SA,ORL,98.0,108.0,0
2024,1,2024-01-31T00:00:00,BKN,PHO,120.0,136.0,0
2024,1,2024-01-31T00:00:00,POR,MIL,119.0,116.0,1
2024,1,2024-02-01T00:00:00,BOS,LAL,105.0,114.0,0
2024,1,2024-02-01T00:00:00,NY,IND,109.0,105.0,1
2024,1,2024-02-01T00:00:00,MEM,CLE,101.0,108.0,0
2024,1,2024-02-01T00:00:00,UTA,PHI,124.0,127.0,0
2024,1,2024-02-02T00:00:00,DET,LAC,125.0,136.0,0
2024,1,2024-02-02T00:00:00,WAS,MIA,102.0,110.0,0
2024,1,2024-02-02T00:00:00,ATL,PHO,129.0,120.0,1
2024,1,2024-02-02T00:00:00,IND,SAC,122.0,133.0,0
2024,1,2024-02-02T00:00:00,HOU,TOR,135.0,106.0,1
2024,1,2024-02-02T00:00:00,MEM,GS,101.0,121.0,0
2024,1,2024-02-02T00:00:00,MIN,ORL,106.0,108.0,0
2024,1,2024-02-02T00:00:00,OKC,CHA,126.0,106.0,1
2024,1,2024-02-02T00:00:00,SA,NO,113.0,114.0,0
2024,1,2024-02-02T00:00:00,DEN,POR,120.0,108.0,1
2024,1,2024-02-03T00:00:00,PHI,BKN,121.0,136.0,0
2024,1,2024-02-03T00:00:00,ATL,GS,141.0,134.0,1
2024,1,2024-02-03T00:00:00,CHI,SAC,115.0,123.0,0
2024,1,2024-02-03T00:00:00,DAL,MIL,117.0,129.0,0
2024,1,2024-02-03T00:00:00,NY,LAL,105.0,113.0,0
2024,1,2024-02-03T00:00:00,SA,CLE,101.0,117.0,0
2024,1,2024-02-04T00:00:00,DET,ORL,99.0,111.0,0
2024,1,2024-02-04T00:00:00,WAS,PHO,112.0,140.0,0
2024,1,2024-02-04T00:00:00,BOS,MEM,131.0,91.0,1
2024,1,2024-02-04T00:00:00,CHA,IND,99.0,115.0,0
2024,1,2024-02-04T00:00:00,MIA,LAC,95.0,103.0,0
2024,1,2024-02-04T00:00:00,MIN,HOU,111.0,90.0,1
2024,1,2024-02-04T00:00:00,OKC,TOR,135.0,127.0,1
2024,1,2024-02-04T00:00:00,UTA,MIL,123.0,108.0,1
2024,1,2024-02-04T00:00:00,DEN,POR,112.0,103.0,1
2024,1,2024-02-05T00:00:00,CHA,LAL,118.0,124.0,0
2024,1,2024-02-05T00:00:00,CLE,SAC,136.0,110.0,1
2024,1,2024-02-05T00:00:00,PHI,DAL,102.0,118.0,0
2024,1,2024-02-05T00:00:00,ATL,LAC,144.0,149.0,0
2024,1,2024-02-05T00:00:00,BKN,GS,98.0,109.0,0
2024,1,2024-02-05T00:00:00,NO,TOR,138.0,100.0,1
2024,1,2024-02-06T00:00:00,IND,HOU,132.0,129.0,1
2024,1,2024-02-06T00:00:00,BKN,DAL,107.0,119.0,0
2024,1,2024-02-06T00:00:00,MIA,ORL,121.0,95.0,1
2024,1,2024-02-06T00:00:00,NY,MEM,123.0,113.0,1
2024,1,2024-02-06T00:00:00,CHI,MIN,129.0,123.0,1
2024,1,2024-02-06T00:00:00,UTA,OKC,124.0,117.0,1
2024,1,2024-02-06T00:00:00,PHO,MIL,114.0,106.0,1
2024,1,2024-02-07T00:00:00,CHA,TOR,117.0,123.0,0
2024,1,2024-02-07T00:00:00,WAS,CLE,106.0,114.0,0
2024,1,2024-02-07T00:00:00,BOS,ATL,125.0,117.0,1
2024,1,2024-02-07T00:00:00,MIA,SA,116.0,104.0,1
2024,1,2024-02-07T00:00:00,PHI,GS,104.0,127.0,0
2024,1,2024-02-07T00:00:00,LAC,NO,106.0,117.0,0
2024,1,2024-02-07T00:00:00,SAC,DET,120.0,133.0,0
2024,1,2024-02-08T00:00:00,IND,GS,109.0,131.0,0
2024,1,2024-02-08T00:00:00,ORL,SA,127.0,111.0,1
2024,1,2024-02-08T00:00:00,BKN,CLE,95.0,118.0,0
2024,1,2024-02-08T00:00:00,NY,DAL,108.0,122.0,0
2024,1,2024-02-08T00:00:00,MEM,CHI,110.0,118.0,0
2024,1,2024-02-08T00:00:00,MIL,MIN,105.0,129.0,0
2024,1,2024-02-08T00:00:00,PHO,UTA,129.0,115.0,1
2024,1,2024-02-08T00:00:00,LAL,DEN,106.0,114.0,0
2024,1,2024-02-08T00:00:00,POR,DET,122.0,128.0,0
2024,1,2024-02-09T00:00:00,PHI,ATL,121.0,127.0,0
2024,1,2024-02-09T00:00:00,BOS,WAS,133.0,129.0,1
2024,1,2024-02-09T00:00:00,TOR,HOU,107.0,104.0,1
2024,1,2024-02-09T00:00:00,MIL,CHA,120.0,84.0,1
2024,1,2024-02-09T00:00:00,SAC,DEN,135.0,106.0,1
2024,1,2024-02-09T00:00:00,LAL,NO,139.0,122.0,1
2024,1,2024-02-10T00:00:00,DAL,OKC,146.0,111.0,1
2024,1,2024-02-10T00:00:00,LAC,DET,112.0,106.0,1
2024,1,2024-02-10T00:00:00,BKN,SA,123.0,103.0,1
2024,1,2024-02-10T00:00:00,CHA,MEM,115.0,106.0,1
2024,1,2024-02-10T00:00:00,ORL,CHI,114.0,108.0,1
2024,1,2024-02-10T00:00:00,WAS,PHI,113.0,119.0,0
2024,1,2024-02-10T00:00:00,ATL,HOU,122.0,113.0,1
2024,1,2024-02-10T00:00:00,NY,IND,111.0,125.0,0
2024,1,2024-02-10T00:00:00,TOR,CLE,95.0,119.0,0
2024,1,2024-02-10T00:00:00,GS,PHO,113.0,112.0,1
2024,1,2024-02-10T00:00:00,POR,NO,84.0,93.0,0
2024,1,2024-02-11T00:00:00,MIA,BOS,106.0,110.0,0
2024,1,2024-02-11T00:00:00,OKC,SAC,127.0,113.0,1
2024,1,2024-02-12T00:00:00,CHA,IND,111.0,102.0,1
2024,1,2024-02-12T00:00:00,CLE,PHI,121.0,123.0,0
2024,1,2024-02-12T00:00:00,ATL,CHI,126.0,136.0,0
2024,1,2024-02-12T00:00:00,TOR,SA,99.0,122.0,0
2024,1,2024-02-12T00:00:00,HOU,NY,105.0,103.0,1
2024,1,2024-02-12T00:00:00,MEM,NO,87.0,96.0,0
2024,1,2024-02-12T00:00:00,MIL,DEN,112.0,95.0,1
2024,1,2024-02-12T00:00:00,DAL,WAS,112.0,104.0,1
2024,1,2024-02-12T00:00:00,UTA,GS,107.0,129.0,0
2024,1,2024-02-12T00:00:00,LAC,MIN,100.0,121.0,0
2024,1,2024-02-13T00:00:00,BKN,BOS,110.0,118.0,0
2024,1,2024-02-13T00:00:00,ORL,OKC,113.0,127.0,0
2024,1,2024-02-13T00:00:00,MIL,MIA,97.0,123.0,0
2024,1,2024-02-13T00:00:00,PHO,SAC,130.0,125.0,1
2024,1,2024-02-13T00:00:00,POR,MIN,109.0,121.0,0
2024,1,2024-02-13T00:00:00,LAL,DET,125.0,111.0,1
2024,1,2024-02-14T00:00:00,CHA,ATL,122.0,99.0,1
2024,1,2024-02-14T00:00:00,ORL,NY,118.0,100.0,1
2024,1,2024-02-14T00:00:00,PHI,MIA,104.0,109.0,0
2024,1,2024-02-14T00:00:00,BOS,BKN,136.0,86.0,1
2024,1,2024-02-14T00:00:00,CLE,CHI,108.0,105.0,1
2024,1,2024-02-14T00:00:00,TOR,IND,125.0,127.0,0
2024,1,2024-02-14T00:00:00,MEM,HOU,121.0,113.0,1
2024,1,2024-02-14T00:00:00,NO,WAS,133.0,126.0,1
2024,1,2024-02-14T00:00:00,DAL,SA,116.0,93.0,1
2024,1,2024-02-14T00:00:00,DEN,SAC,98.0,102.0,0
2024,1,2024-02-14T00:00:00,PHO,DET,116.0,100.0,1
2024,1,2024-02-14T00:00:00,UTA,LAL,122.0,138.0,0
2024,1,2024-02-14T00:00:00,GS,LAC,125.0,130.0,0
2024,1,2024-02-15T00:00:00,MEM,MIL,113.0,110.0,1
2024,1,2024-02-15T00:00:00,UTA,GS,137.0,140.0,0
2024,1,2024-02-15T00:00:00,POR,MIN,91.0,128.0,0
2024,1,2024-02-22T00:00:00,CLE,ORL,109.0,116.0,0
2024,1,2024-02-22T00:00:00,IND,DET,129.0,115.0,1
2024,1,2024-02-22T00:00:00,PHI,NY,96.0,110.0,0
2024,1,2024-02-22T00:00:00,TOR,BKN,121.0,93.0,1
2024,1,2024-02-22T00:00:00,DAL,PHO,123.0,113.0,1
2024,1,2024-02-22T00:00:00,CHI,BOS,112.0,129.0,0
2024,1,2024-02-22T00:00:00,NO,HOU,127.0,105.0,1
2024,1,2024-02-22T00:00:00,OKC,LAC,129.0,107.0,1
2024,1,2024-02-22T00:00:00,DEN,WAS,130.0,110.0,1
2024,1,2024-02-22T00:00:00,UTA,CHA,107.0,115.0,0
2024,1,2024-02-22T00:00:00,GS,LAL,128.0,110.0,1
2024,1,2024-02-22T00:00:00,SAC,SA,127.0,122.0,1
2024,1,2024-02-23T00:00:00,ATL,TOR,121.0,123.0,0
2024,1,2024-02-23T00:00:00,PHI,CLE,104.0,97.0,1
2024,1,2024-02-23T00:00:00,HOU,PHO,114.0,110.0,1
2024,1,2024-02-23T00:00:00,MEM,LAC,95.0,101.0,0
2024,1,2024-02-23T00:00:00,NO,MIA,95.0,106.0,0
2024,1,2024-02-23T00:00:00,OKC,WAS,147.0,106.0,1
2024,1,2024-02-23T00:00:00,GS,CHA,97.0,84.0,1
2024,1,2024-02-23T00:00:00,MIN,MIL,107.0,112.0,0
2024,1,2024-02-23T00:00:00,POR,DEN,112.0,127.0,0
2024,1,2024-02-23T00:00:00,LAL,SA,123.0,118.0,1
2024,1,2024-02-24T00:00:00,DET,ORL,109.0,112.0,0
2024,1,2024-02-24T00:00:00,NY,BOS,102.0,116.0,0
2024,1,2024-02-24T00:00:00,MIN,BKN,101.0,86.0,1
2024,1,2024-02-25T00:00:00,PHI,MIL,98.0,119.0,0
2024,1,2024-02-25T00:00:00,PHO,LAL,123.0,113.0,1
2024,1,2024-02-25T00:00:00,IND,DAL,133.0,111.0,1
2024,1,2024-02-25T00:00:00,WAS,CLE,105.0,114.0,0
2024,1,2024-02-25T00:00:00,ATL,ORL,109.0,92.0,1
2024,1,2024-02-25T00:00:00,GS,DEN,103.0,119.0,0
2024,1,2024-02-25T00:00:00,HOU,OKC,110.0,123.0,0
2024,1,2024-02-25T00:00:00,NO,CHI,106.0,114.0,0
2024,1,2024-02-25T00:00:00,UTA,SA,128.0,109.0,1
2024,1,2024-02-25T00:00:00,POR,CHA,80.0,93.0,0
2024,1,2024-02-25T00:00:00,LAC,SAC,107.0,123.0,0
2024,1,2024-02-26T00:00:00,IND,TOR,122.0,130.0,0
2024,1,2024-02-26T00:00:00,NY,DET,113.0,111.0,1
2024,1,2024-02-26T00:00:00,MEM,BKN,86.0,111.0,0
2024,1,2024-02-26T00:00:00,SAC,MIA,110.0,121.0,0
2024,1,2024-02-27T00:00:00,CLE,DAL,121.0,119.0,1
2024,1,2024-02-27T00:00:00,ORL,BKN,108.0,81.0,1
2024,1,2024-02-27T00:00:00,WAS,GS,112.0,123.0,0
2024,1,2024-02-27T00:00:00,ATL,UTA,124.0,97.0,1
2024,1,2024-02-27T00:00:00,BOS,PHI,117.0,99.0,1
2024,1,2024-02-27T00:00:00,NY,NO,92.0,115.0,0
2024,1,2024-02-27T00:00:00,CHI,DET,95.0,105.0,0
2024,1,2024-02-27T00:00:00,MIL,CHA,123.0,85.0,1
2024,1,2024-02-27T00:00:00,MIN,SA,114.0,105.0,1
2024,1,2024-02-27T00:00:00,OKC,HOU,112.0,95.0,1
2024,1,2024-02-27T00:00:00,POR,MIA,96.0,106.0,0
2024,1,2024-02-28T00:00:00,IND,NO,123.0,114.0,1
2024,1,2024-02-28T00:00:00,TOR,DAL,125.0,136.0,0
2024,1,2024-02-28T00:00:00,CHI,CLE,132.0,123.0,1
2024,1,2024-02-28T00:00:00,MIN,MEM,110.0,101.0,1
2024,1,2024-02-28T00:00:00,DEN,SAC,117.0,96.0,1
2024,1,2024-02-28T00:00:00,LAC,LAL,112.0,116.0,0
2024,1,2024-02-29T00:00:00,CHA,MIL,99.0,111.0,0
2024,1,2024-02-29T00:00:00,ORL,UTA,115.0,107.0,1
2024,1,2024-02-29T00:00:00,BKN,ATL,124.0,97.0,1
2024,1,2024-02-29T00:00:00,NY,GS,99.0,110.0,0
2024,1,2024-02-29T00:00:00,SA,OKC,132.0,118.0,1
2024,1,2024-02-29T00:00:00,PHO,HOU,110.0,105.0,1
2024,1,2024-02-29T00:00:00,DEN,MIA,103.0,97.0,1
2024,1,2024-02-29T00:00:00,LAL,WAS,134.0,131.0,1
2024,1,2024-03-01T00:00:00,DET,CLE,100.0,110.0,0
2024,1,2024-03-01T00:00:00,PHI,CHA,121.0,114.0,1
2024,1,2024-03-01T00:00:00,BOS,DAL,138.0,110.0,1
2024,1,2024-03-01T00:00:00,TOR,GS,105.0,120.0,0
2024,1,2024-03-01T00:00:00,MEM,POR,92.0,122.0,0
2024,1,2024-03-01T00:00:00,MIN,SAC,120.0,124.0,0
2024,1,2024-03-01T00:00:00,NO,IND,129.0,102.0,1
2024,1,2024-03-01T00:00:00,CHI,MIL,97.0,113.0,0
2024,1,2024-03-01T00:00:00,LAC,WAS,140.0,115.0,1
2024,1,2024-03-02T00:00:00,BKN,ATL,114.0,102.0,1
2024,1,2024-03-02T00:00:00,MIA,UTA,126.0,120.0,1
2024,1,2024-03-02T00:00:00,MEM,POR,100.0,107.0,0
2024,1,2024-03-02T00:00:00,LAL,DEN,114.0,124.0,0
2024,1,2024-03-02T00:00:00,PHO,HOU,109.0,118.0,0
2024,1,2024-03-03T00:00:00,DAL,PHI,116.0,120.0,0
2024,1,2024-03-03T00:00:00,BOS,GS,140.0,88.0,1
2024,1,2024-03-03T00:00:00,MIN,LAC,88.0,89.0,0
2024,1,2024-03-03T00:00:00,ORL,DET,113.0,91.0,1
2024,1,2024-03-03T00:00:00,TOR,CHA,111.0,106.0,1
2024,1,2024-03-03T00:00:00,CLE,NY,98.0,107.0,0
2024,1,2024-03-03T00:00:00,SA,IND,117.0,105.0,1
2024,1,2024-03-03T00:00:00,PHO,OKC,110.0,118.0,0
2024,1,2024-03-04T00:00:00,BKN,MEM,102.0,106.0,0
2024,1,2024-03-04T00:00:00,MIL,LAC,113.0,106.0,1
2024,1,2024-03-04T00:00:00,MIN,POR,119.0,114.0,1
2024,1,2024-03-04T00:00:00,UTA,WAS,127.0,115.0,1
2024,1,2024-03-04T00:00:00,SAC,CHI,109.0,113.0,0
2024,1,2024-03-04T00:00:00,LAL,OKC,116.0,104.0,1
2024,1,2024-03-05T00:00:00,CHA,ORL,89.0,101.0,0
2024,1,2024-03-05T00:00:00,BKN,PHI,112.0,107.0,1
2024,1,2024-03-05T00:00:00,CLE,BOS,105.0,104.0,1
2024,1,2024-03-05T00:00:00,MIA,DET,118.0,110.0,1
2024,1,2024-03-05T00:00:00,NY,ATL,100.0,116.0,0
2024,1,2024-03-05T00:00:00,TOR,NO,98.0,139.0,0
2024,1,2024-03-05T00:00:00,HOU,SA,114.0,101.0,1
2024,1,2024-03-05T00:00:00,DAL,IND,120.0,137.0,0
2024,1,2024-03-05T00:00:00,DEN,PHO,107.0,117.0,0
2024,1,2024-03-06T00:00:00,WAS,ORL,109.0,119.0,0
2024,1,2024-03-06T00:00:00,ATL,CLE,112.0,101.0,1
2024,1,2024-03-06T00:00:00,HOU,LAC,116.0,122.0,0
2024,1,2024-03-06T00:00:00,PHI,MEM,109.0,115.0,0
2024,1,2024-03-06T00:00:00,UTA,CHI,117.0,119.0,0
2024,1,2024-03-06T00:00:00,GS,MIL,125.0,90.0,1
2024,1,2024-03-06T00:00:00,POR,OKC,120.0,128.0,0
2024,1,2024-03-06T00:00:00,LAL,SAC,120.0,130.0,0
2024,1,2024-03-07T00:00:00,DET,BKN,118.0,112.0,1
2024,1,2024-03-07T00:00:00,IND,MIN,111.0,113.0,0
2024,1,2024-03-07T00:00:00,DAL,MIA,114.0,108.0,1
2024,1,2024-03-07T00:00:00,PHO,TOR,120.0,113.0,1
2024,1,2024-03-07T00:00:00,DEN,BOS,115.0,109.0,1
2024,1,2024-03-07T00:00:00,GS,CHI,122.0,125.0,0
2024,1,2024-03-07T00:00:00,SAC,SA,131.0,129.0,1
2024,1,2024-03-08T00:00:00,PHI,NO,95.0,103.0,0
2024,1,2024-03-08T00:00:00,WAS,CHA,112.0,100.0,1
2024,1,2024-03-08T00:00:00,CLE,MIN,113.0,104.0,1
2024,1,2024-03-08T00:00:00,NY,ORL,98.0,74.0,1
2024,1,2024-03-08T00:00:00,MEM,ATL,92.0,99.0,0
2024,1,2024-03-08T00:00:00,OKC,MIA,107.0,100.0,1
2024,1,2024-03-08T00:00:00,LAL,MIL,123.0,122.0,1
2024,1,2024-03-08T00:00:00,POR,HOU,107.0,123.0,0
2024,1,2024-03-09T00:00:00,LAC,CHI,112.0,102.0,1
2024,1,2024-03-09T00:00:00,CHA,BKN,110.0,99.0,1
2024,1,2024-03-09T00:00:00,DET,DAL,124.0,142.0,0
2024,1,2024-03-09T00:00:00,GS,SA,113.0,126.0,0
2024,1,2024-03-09T00:00:00,PHO,BOS,107.0,117.0,0
2024,1,2024-03-09T00:00:00,DEN,UTA,142.0,121.0,1
2024,1,2024-03-09T00:00:00,POR,TOR,128.0,118.0,1
2024,1,2024-03-10T00:00:00,LAC,MIL,117.0,124.0,0
2024,1,2024-03-10T00:00:00,ATL,NO,103.0,116.0,0
2024,1,2024-03-10T00:00:00,MIA,WAS,108.0,110.0,0
2024,1,2024-03-10T00:00:00,ORL,IND,97.0,111.0,0
2024,1,2024-03-10T00:00:00,SAC,HOU,104.0,112.0,0
2024,1,2024-03-10T00:00:00,CLE,BKN,101.0,120.0,0
2024,1,2024-03-10T00:00:00,NY,PHI,73.0,79.0,0
2024,1,2024-03-10T00:00:00,OKC,MEM,124.0,93.0,1
2024,1,2024-03-10T00:00:00,LAL,MIN,120.0,109.0,1
2024,1,2024-03-11T00:00:00,DET,CHA,114.0,97.0,1
2024,1,2024-03-11T00:00:00,CLE,PHO,111.0,117.0,0
2024,1,2024-03-11T00:00:00,CHI,DAL,92.0,127.0,0
2024,1,2024-03-11T00:00:00,SA,GS,102.0,112.0,0
2024,1,2024-03-11T00:00:00,DEN,TOR,125.0,119.0,1
2024,1,2024-03-11T00:00:00,POR,BOS,99.0,121.0,0
2024,1,2024-03-12T00:00:00,NY,PHI,106.0,79.0,1
2024,1,2024-03-12T00:00:00,MEM,WAS,109.0,97.0,1
2024,1,2024-03-12T00:00:00,OKC,IND,111.0,121.0,0
2024,1,2024-03-12T00:00:00,SA,HOU,101.0,103.0,0
2024,1,2024-03-12T00:00:00,UTA,BOS,107.0,123.0,0
2024,1,2024-03-12T00:00:00,LAC,MIN,100.0,118.0,0
2024,1,2024-03-12T00:00:00,SAC,MIL,129.0,94.0,1
2024,1,2024-03-13T00:00:00,DET,TOR,113.0,104.0,1
2024,1,2024-03-13T00:00:00,ORL,BKN,114.0,106.0,1
2024,1,2024-03-13T00:00:00,IND,CHI,129.0,132.0,0
2024,1,2024-03-13T00:00:00,MIA,DEN,88.0,100.0,0
2024,1,2024-03-13T00:00:00,MEM,CHA,98.0,110.0,0
2024,1,2024-03-13T00:00:00,NO,CLE,95.0,116.0,0
2024,1,2024-03-13T00:00:00,DAL,GS,109.0,99.0,1
2024,1,2024-03-13T00:00:00,POR,ATL,106.0,102.0,1
2024,1,2024-03-13T00:00:00,SAC,LAL,120.0,107.0,1
2024,1,2024-03-14T00:00:00,BOS,PHO,127.0,112.0,1
2024,1,2024-03-14T00:00:00,CHI,LAC,111.0,126.0,0
2024,1,2024-03-14T00:00:00,HOU,WAS,135.0,119.0,1
2024,1,2024-03-14T00:00:00,MIL,PHI,114.0,105.0,1
2024,1,2024-03-14T00:00:00,OKC,DAL,126.0,119.0,1
2024,1,2024-03-14T00:00:00,POR,NY,93.0,105.0,0
2024,1,2024-03-15T00:00:00,CHA,PHO,96.0,107.0,0
2024,1,2024-03-15T00:00:00,DET,MIA,95.0,108.0,0
2024,1,2024-03-15T00:00:00,TOR,ORL,103.0,113.0,0
2024,1,2024-03-15T00:00:00,NO,LAC,112.0,104.0,1
2024,1,2024-03-15T00:00:00,SA,DEN,106.0,117.0,0
2024,1,2024-03-15T00:00:00,UTA,ATL,124.0,122.0,1
2024,1,2024-03-16T00:00:00,HOU,CLE,117.0,103.0,1
2024,1,2024-03-16T00:00:00,IND,BKN,121.0,100.0,1
2024,1,2024-03-16T00:00:00,NO,POR,126.0,107.0,1
2024,1,2024-03-16T00:00:00,PHI,CHA,109.0,98.0,1
2024,1,2024-03-16T00:00:00,CHI,WAS,127.0,98.0,1
2024,1,2024-03-16T00:00:00,MEM,OKC,112.0,118.0,0
2024,1,2024-03-16T00:00:00,LAL,GS,121.0,128.0,0
2024,1,2024-03-16T00:00:00,UTA,MIN,100.0,119.0,0
2024,1,2024-03-16T00:00:00,SAC,NY,91.0,98.0,0
2024,1,2024-03-17T00:00:00,MIL,PHO,140.0,129.0,1
2024,1,2024-03-17T00:00:00,DET,MIA,101.0,104.0,0
2024,1,2024-03-17T00:00:00,DAL,DEN,107.0,105.0,1
2024,1,2024-03-17T00:00:00,ORL,TOR,111.0,96.0,1
2024,1,2024-03-17T00:00:00,WAS,BOS,104.0,130.0,0
2024,1,2024-03-17T00:00:00,SA,BKN,122.0,115.0,1
2024,1,2024-03-17T00:00:00,LAC,ATL,93.0,110.0,0
2024,1,2024-03-18T00:00:00,IND,CLE,103.0,108.0,0
2024,1,2024-03-18T00:00:00,BOS,DET,119.0,94.0,1
2024,1,2024-03-18T00:00:00,PHI,MIA,98.0,91.0,1
2024,1,2024-03-18T00:00:00,CHI,POR,110.0,107.0,1
2024,1,2024-03-18T00:00:00,UTA,MIN,104.0,114.0,0
2024,1,2024-03-18T00:00:00,GS,NY,112.0,119.0,0
2024,1,2024-03-18T00:00:00,SAC,MEM,121.0,111.0,1
2024,1,2024-03-18T00:00:00,LAL,ATL,136.0,105.0,1
2024,1,2024-03-19T00:00:00,ORL,CHA,112.0,92.0,1
2024,1,2024-03-19T00:00:00,WAS,HOU,114.0,137.0,0
2024,1,2024-03-19T00:00:00,BKN,NO,91.0,104.0,0
2024,1,2024-03-19T00:00:00,SA,DAL,107.0,113.0,0
2024,1,2024-03-19T00:00:00,MIN,DEN,112.0,115.0,0
2024,1,2024-03-20T00:00:00,CLE,MIA,104.0,107.0,0
2024,1,2024-03-20T00:00:00,DET,IND,103.0,122.0,0
2024,1,2024-03-20T00:00:00,BOS,MIL,122.0,119.0,1
2024,1,2024-03-20T00:00:00,TOR,SAC,89.0,123.0,0
2024,1,2024-03-20T00:00:00,OKC,UTA,119.0,107.0,1
2024,1,2024-03-20T00:00:00,GS,MEM,137.0,116.0,1
2024,1,2024-03-20T00:00:00,PHO,PHI,115.0,102.0,1
2024,1,2024-03-20T00:00:00,POR,LAC,103.0,116.0,0
2024,1,2024-03-21T00:00:00,ORL,NO,121.0,106.0,1
2024,1,2024-03-21T00:00:00,WAS,SAC,109.0,102.0,1
2024,1,2024-03-21T00:00:00,HOU,CHI,127.0,117.0,1
2024,1,2024-03-21T00:00:00,MIL,BKN,115.0,108.0,1
2024,1,2024-03-21T00:00:00,DAL,UTA,113.0,97.0,1
2024,1,2024-03-21T00:00:00,DEN,NY,113.0,100.0,1
2024,1,2024-03-21T00:00:00,PHO,ATL,128.0,115.0,1
2024,1,2024-03-22T00:00:00,DET,BOS,102.0,129.0,0
2024,1,2024-03-22T00:00:00,TOR,OKC,103.0,123.0,0
2024,1,2024-03-22T00:00:00,MIA,NO,88.0,111.0,0
2024,1,2024-03-22T00:00:00,MIN,CLE,104.0,91.0,1
2024,1,2024-03-22T00:00:00,SA,MEM,97.0,99.0,0
2024,1,2024-03-22T00:00:00,GS,IND,111.0,123.0,0
2024,1,2024-03-22T00:00:00,POR,LAC,117.0,125.0,0
2024,1,2024-03-22T00:00:00,LAL,PHI,101.0,94.0,1
2024,1,2024-03-23T00:00:00,NY,BKN,105.0,93.0,1
2024,1,2024-03-23T00:00:00,ORL,SAC,107.0,109.0,0
2024,1,2024-03-23T00:00:00,ATL,CHA,132.0,91.0,1
2024,1,2024-03-23T00:00:00,CHI,BOS,113.0,124.0,0
2024,1,2024-03-23T00:00:00,HOU,UTA,147.0,119.0,1
2024,1,2024-03-23T00:00:00,SA,PHO,106.0,131.0,0
2024,1,2024-03-23T00:00:00,WAS,TOR,112.0,109.0,1
2024,1,2024-03-23T00:00:00,POR,DEN,111.0,114.0,0
2024,1,2024-03-24T00:00:00,DET,NO,101.0,114.0,0
2024,1,2024-03-24T00:00:00,LAC,PHI,107.0,121.0,0
2024,1,2024-03-24T00:00:00,MIA,CLE,121.0,84.0,1
2024,1,2024-03-24T00:00:00,MIL,OKC,118.0,93.0,1
2024,1,2024-03-24T00:00:00,MIN,GS,114.0,110.0,1
2024,1,2024-03-24T00:00:00,LAL,IND,150.0,145.0,1
2024,1,2024-03-25T00:00:00,CLE,CHA,115.0,92.0,1
2024,1,2024-03-25T00:00:00,ATL,BOS,120.0,118.0,1
2024,1,2024-03-25T00:00:00,NY,DET,124.0,99.0,1
2024,1,2024-03-25T00:00:00,TOR,BKN,88.0,96.0,0
2024,1,2024-03-25T00:00:00,CHI,WAS,105.0,107.0,0
2024,1,2024-03-25T00:00:00,HOU,POR,110.0,92.0,1
2024,1,2024-03-25T00:00:00,SA,PHO,104.0,102.0,1
2024,1,2024-03-25T00:00:00,DEN,MEM,128.0,103.0,1
2024,1,2024-03-25T00:00:00,UTA,DAL,105.0,115.0,0
2024,1,2024-03-25T00:00:00,SAC,PHI,108.0,96.0,1
2024,1,2024-03-25T00:00:00,LAC,IND,116.0,133.0,0
2024,1,2024-03-26T00:00:00,MIA,GS,92.0,113.0,0
2024,1,2024-03-26T00:00:00,MIL,LAL,124.0,128.0,0
2024,1,2024-03-26T00:00:00,NO,OKC,112.0,119.0,0
2024,1,2024-03-26T00:00:00,SAC,DAL,96.0,132.0,0
2024,1,2024-03-27T00:00:00,CHA,CLE,118.0,111.0,1
2024,1,2024-03-27T00:00:00,ORL,GS,93.0,101.0,0
2024,1,2024-03-27T00:00:00,WAS,BKN,119.0,122.0,0
2024,1,2024-03-27T00:00:00,ATL,POR,120.0,106.0,1
2024,1,2024-03-27T00:00:00,PHI,LAC,107.0,108.0,0
2024,1,2024-03-27T00:00:00,TOR,NY,101.0,145.0,0
2024,1,2024-03-27T00:00:00,CHI,IND,125.0,99.0,1
2024,1,2024-03-27T00:00:00,MEM,LAL,124.0,136.0,0
2024,1,2024-03-27T00:00:00,MIN,DET,106.0,91.0,1
2024,1,2024-03-27T00:00:00,OKC,HOU,126.0,132.0,0
2024,1,2024-03-27T00:00:00,UTA,SA,111.0,118.0,0
2024,1,2024-03-27T00:00:00,DEN,PHO,97.0,104.0,0
2024,1,2024-03-28T00:00:00,ATL,BOS,123.0,122.0,1
2024,1,2024-03-28T00:00:00,NO,MIL,107.0,100.0,1
2024,1,2024-03-29T00:00:00,CHA,GS,97.0,115.0,0
2024,1,2024-03-29T00:00:00,IND,LAL,109.0,90.0,1
2024,1,2024-03-29T00:00:00,ORL,LAC,97.0,100.0,0
2024,1,2024-03-29T00:00:00,WAS,DET,87.0,96.0,0
2024,1,2024-03-29T00:00:00,BKN,CHI,125.0,108.0,1
2024,1,2024-03-29T00:00:00,CLE,PHI,117.0,114.0,1
2024,1,2024-03-29T00:00:00,MIA,POR,142.0,82.0,1
2024,1,2024-03-29T00:00:00,OKC,PHO,128.0,103.0,1
2024,1,2024-03-29T00:00:00,SA,NY,130.0,126.0,1
2024,1,2024-03-29T00:00:00,DEN,MIN,98.0,111.0,0
2024,1,2024-03-29T00:00:00,UTA,HOU,100.0,101.0,0
2024,1,2024-03-29T00:00:00,SAC,DAL,103.0,107.0,0
2024,1,2024-03-30T00:00:00,NO,BOS,92.0,104.0,0
2024,1,2024-03-30T00:00:00,ORL,MEM,118.0,88.0,1
2024,1,2024-03-30T00:00:00,ATL,MIL,113.0,122.0,0
2024,1,2024-03-31T00:00:00,DEN,CLE,130.0,101.0,1
2024,1,2024-03-31T00:00:00,BKN,LAL,104.0,116.0,0
2024,1,2024-03-31T00:00:00,CHA,LAC,118.0,130.0,0
2024,1,2024-03-31T00:00:00,TOR,PHI,120.0,135.0,0
2024,1,2024-03-31T00:00:00,WAS,MIA,107.0,119.0,0
2024,1,2024-03-31T00:00:00,HOU,DAL,107.0,125.0,0
2024,1,2024-03-31T00:00:00,MIN,CHI,101.0,109.0,0
2024,1,2024-03-31T00:00:00,NY,OKC,112.0,113.0,0
2024,1,2024-03-31T00:00:00,SA,GS,113.0,117.0,0
2024,1,2024-03-31T00:00:00,SAC,UTA,127.0,106.0,1
2024,1,2024-04-01T00:00:00,CHA,BOS,104.0,118.0,0
2024,1,2024-04-01T00:00:00,DET,MEM,108.0,110.0,0
2024,1,2024-04-01T00:00:00,IND,BKN,133.0,111.0,1
2024,1,2024-04-01T00:00:00,ORL,POR,104.0,103.0,1
2024,1,2024-04-01T00:00:00,CHI,ATL,101.0,113.0,0
2024,1,2024-04-01T00:00:00,NO,PHO,111.0,124.0,0
2024,1,2024-04-02T00:00:00,TOR,LAL,111.0,128.0,0
2024,1,2024-04-02T00:00:00,WAS,MIL,117.0,113.0,1
2024,1,2024-04-02T00:00:00,MIA,NY,109.0,99.0,1
2024,1,2024-04-02T00:00:00,PHI,OKC,109.0,105.0,1
2024,1,2024-04-02T00:00:00,MIN,HOU,113.0,106.0,1
2024,1,2024-04-02T00:00:00,DEN,SA,110.0,105.0,1
2024,1,2024-04-02T00:00:00,UTA,CLE,113.0,129.0,0
2024,1,2024-04-02T00:00:00,GS,DAL,104.0,100.0,1
2024,1,2024-04-02T00:00:00,SAC,LAC,109.0,95.0,1
2024,1,2024-04-03T00:00:00,CHA,POR,86.0,89.0,0
2024,1,2024-04-03T00:00:00,WAS,LAL,120.0,125.0,0
2024,1,2024-04-03T00:00:00,ATL,DET,121.0,113.0,1
2024,1,2024-04-03T00:00:00,BKN,IND,115.0,111.0,1
2024,1,2024-04-03T00:00:00,BOS,OKC,135.0,100.0,1
2024,1,2024-04-03T00:00:00,MIL,MEM,101.0,111.0,0
2024,1,2024-04-03T00:00:00,MIN,TOR,133.0,85.0,1
2024,1,2024-04-03T00:00:00,NO,ORL,108.0,117.0,0
2024,1,2024-04-03T00:00:00,PHO,CLE,122.0,101.0,1
2024,1,2024-04-04T00:00:00,DAL,ATL,109.0,95.0,1
2024,1,2024-04-04T00:00:00,MIA,PHI,105.0,109.0,0
2024,1,2024-04-04T00:00:00,NY,SAC,120.0,109.0,1
2024,1,2024-04-04T00:00:00,HOU,GS,110.0,133.0,0
2024,1,2024-04-04T00:00:00,LAC,DEN,102.0,100.0,1
2024,1,2024-04-05T00:00:00,CHA,ORL,124.0,115.0,1
2024,1,2024-04-05T00:00:00,IND,OKC,126.0,112.0,1
2024,1,2024-04-05T00:00:00,WAS,POR,102.0,108.0,0
2024,1,2024-04-05T00:00:00,BOS,SAC,101.0,100.0,1
2024,1,2024-04-05T00:00:00,CHI,NY,108.0,100.0,1
2024,1,2024-04-05T00:00:00,HOU,MIA,104.0,119.0,0
2024,1,2024-04-05T00:00:00,MEM,DET,108.0,90.0,1
2024,1,2024-04-05T00:00:00,MIL,TOR,111.0,117.0,0
2024,1,2024-04-05T00:00:00,NO,SA,109.0,111.0,0
2024,1,2024-04-05T00:00:00,DAL,GS,108.0,106.0,1
2024,1,2024-04-05T00:00:00,PHO,MIN,97.0,87.0,1
2024,1,2024-04-05T00:00:00,LAC,UTA,131.0,102.0,1
2024,1,2024-04-06T00:00:00,LAL,CLE,116.0,97.0,1
2024,1,2024-04-06T00:00:00,BKN,DET,113.0,103.0,1
2024,1,2024-04-06T00:00:00,MEM,PHI,96.0,116.0,0
2024,1,2024-04-06T00:00:00,DEN,ATL,142.0,110.0,1
2024,1,2024-04-07T00:00:00,DAL,HOU,147.0,136.0,1
2024,1,2024-04-07T00:00:00,LAC,CLE,120.0,118.0,1
2024,1,2024-04-07T00:00:00,IND,MIA,117.0,115.0,1
2024,1,2024-04-07T00:00:00,BOS,POR,124.0,107.0,1
2024,1,2024-04-07T00:00:00,CHA,OKC,118.0,121.0,0
2024,1,2024-04-07T00:00:00,ORL,CHI,113.0,98.0,1
2024,1,2024-04-07T00:00:00,PHO,NO,105.0,113.0,0
2024,1,2024-04-07T00:00:00,TOR,WAS,130.0,122.0,1
2024,1,2024-04-07T00:00:00,MIL,NY,109.0,122.0,0
2024,1,2024-04-07T00:00:00,SA,PHI,126.0,133.0,0
2024,1,2024-04-07T00:00:00,BKN,SAC,77.0,107.0,0
2024,1,2024-04-07T00:00:00,GS,UTA,118.0,110.0,1
2024,1,2024-04-07T00:00:00,LAL,MIN,117.0,127.0,0
2024,1,2024-04-09T00:00:00,CHA,DAL,104.0,130.0,0
2024,1,2024-04-09T00:00:00,PHI,DET,120.0,102.0,1
2024,1,2024-04-09T00:00:00,TOR,IND,123.0,140.0,0
2024,1,2024-04-09T00:00:00,ATL,MIA,111.0,117.0,0
2024,1,2024-04-09T00:00:00,MIL,BOS,104.0,91.0,1
2024,1,2024-04-09T00:00:00,CHI,NY,117.0,128.0,0
2024,1,2024-04-09T00:00:00,HOU,ORL,118.0,106.0,1
2024,1,2024-04-09T00:00:00,MEM,SA,87.0,102.0,0
2024,1,2024-04-09T00:00:00,MIN,WAS,130.0,121.0,1
2024,1,2024-04-09T00:00:00,OKC,SAC,112.0,105.0,1
2024,1,2024-04-09T00:00:00,UTA,DEN,95.0,111.0,0
2024,1,2024-04-09T00:00:00,LAL,GS,120.0,134.0,0
2024,1,2024-04-09T00:00:00,PHO,LAC,92.0,105.0,0
2024,1,2024-04-09T00:00:00,POR,NO,100.0,110.0,0
2024,1,2024-04-10T00:00:00,CLE,MEM,110.0,98.0,1
2024,1,2024-04-10T00:00:00,ATL,CHA,114.0,115.0,0
2024,1,2024-04-10T00:00:00,BKN,TOR,106.0,102.0,1
2024,1,2024-04-10T00:00:00,MIA,DAL,92.0,111.0,0
2024,1,2024-04-10T00:00:00,MIL,ORL,117.0,99.0,1
2024,1,2024-04-10T00:00:00,OKC,SA,127.0,89.0,1
2024,1,2024-04-10T00:00:00,DEN,MIN,116.0,107.0,1
2024,1,2024-04-10T00:00:00,LAC,PHO,108.0,124.0,0
2024,1,2024-04-11T00:00:00,DET,CHI,105.0,127.0,0
2024,1,2024-04-11T00:00:00,BOS,NY,109.0,118.0,0
2024,1,2024-04-11T00:00:00,UTA,HOU,124.0,121.0,1
2024,1,2024-04-11T00:00:00,POR,GS,92.0,100.0,0
2024,1,2024-04-11T00:00:00,SAC,NO,123.0,135.0,0
2024,1,2024-04-12T00:00:00,PHI,ORL,125.0,113.0,1
2024,1,2024-04-12T00:00:00,WAS,CHI,127.0,129.0,0
2024,1,2024-04-12T00:00:00,BOS,CHA,131.0,98.0,1
2024,1,2024-04-12T00:00:00,CLE,IND,129.0,120.0,1
2024,1,2024-04-12T00:00:00,NY,BKN,111.0,107.0,1
2024,1,2024-04-12T00:00:00,MEM,LAL,120.0,123.0,0
2024,1,2024-04-12T00:00:00,MIA,TOR,125.0,103.0,1
2024,1,2024-04-12T00:00:00,MIN,ATL,109.0,106.0,1
2024,1,2024-04-12T00:00:00,OKC,MIL,125.0,107.0,1
2024,1,2024-04-12T00:00:00,SA,DEN,121.0,120.0,1
2024,1,2024-04-12T00:00:00,DAL,DET,89.0,107.0,0
2024,1,2024-04-12T00:00:00,GS,NO,109.0,114.0,0
2024,1,2024-04-12T00:00:00,POR,HOU,107.0,116.0,0
2024,1,2024-04-12T00:00:00,LAC,UTA,109.0,110.0,0
2024,1,2024-04-12T00:00:00,SAC,PHO,107.0,108.0,0
2024,1,2024-04-14T00:00:00,BOS,WAS,132.0,122.0,1
2024,1,2024-04-14T00:00:00,CLE,CHA,110.0,120.0,0
2024,1,2024-04-14T00:00:00,IND,ATL,157.0,115.0,1
2024,1,2024-04-14T00:00:00,MIA,TOR,118.0,103.0,1
2024,1,2024-04-14T00:00:00,NY,CHI,120.0,119.0,1
2024,1,2024-04-14T00:00:00,ORL,MIL,113.0,88.0,1
2024,1,2024-04-14T00:00:00,PHI,BKN,107.0,86.0,1
2024,1,2024-04-14T00:00:00,GS,UTA,123.0,116.0,1
2024,1,2024-04-14T00:00:00,LAC,HOU,105.0,116.0,0
2024,1,2024-04-14T00:00:00,MEM,DEN,111.0,126.0,0
2024,1,2024-04-14T00:00:00,MIN,PHO,106.0,125.0,0
2024,1,2024-04-14T00:00:00,NO,LAL,108.0,124.0,0
2024,1,2024-04-14T00:00:00,OKC,DAL,135.0,86.0,1
2024,1,2024-04-14T00:00:00,SA,DET,123.0,95.0,1
2024,1,2024-04-14T00:00:00,SAC,POR,121.0,82.0,1
2024,3,2024-04-16T00:00:00,NO,LAL,106.0,110.0,0
2024,3,2024-04-16T00:00:00,SAC,GS,118.0,94.0,1
2024,3,2024-04-17T00:00:00,PHI,MIA,105.0,104.0,1
2024,3,2024-04-17T00:00:00,CHI,ATL,131.0,116.0,1
2024,3,2024-04-19T00:00:00,MIA,CHI,112.0,91.0,1
2024,3,2024-04-19T00:00:00,NO,SAC,105.0,98.0,1
2024,3,2024-04-20T00:00:00,CLE,ORL,97.0,83.0,1
2024,3,2024-04-20T00:00:00,MIN,PHO,120.0,95.0,1
2024,3,2024-04-20T00:00:00,NY,PHI,111.0,104.0,1
2024,3,2024-04-20T00:00:00,DEN,LAL,114.0,103.0,1
2024,3,2024-04-21T00:00:00,BOS,MIA,114.0,94.0,1
2024,3,2024-04-21T00:00:00,LAC,DAL,109.0,97.0,1
2024,3,2024-04-21T00:00:00,MIL,IND,109.0,94.0,1
2024,3,2024-04-21T00:00:00,OKC,NO,94.0,92.0,1
2024,3,2024-04-22T00:00:00,CLE,ORL,96.0,86.0,1
2024,3,2024-04-22T00:00:00,NY,PHI,104.0,101.0,1
2024,3,2024-04-22T00:00:00,DEN,LAL,101.0,99.0,1
2024,3,2024-04-23T00:00:00,MIN,PHO,105.0,93.0,1
2024,3,2024-04-23T00:00:00,MIL,IND,108.0,125.0,0
2024,3,2024-04-23T00:00:00,LAC,DAL,93.0,96.0,0
2024,3,2024-04-24T00:00:00,BOS,MIA,101.0,111.0,0
2024,3,2024-04-24T00:00:00,OKC,NO,124.0,92.0,1
2024,3,2024-04-25T00:00:00,ORL,CLE,121.0,83.0,1
2024,3,2024-04-25T00:00:00,PHI,NY,125.0,114.0,1
2024,3,2024-04-25T00:00:00,LAL,DEN,105.0,112.0,0
2024,3,2024-04-26T00:00:00,IND,MIL,121.0,118.0,1
2024,3,2024-04-26T00:00:00,DAL,LAC,101.0,90.0,1
2024,3,2024-04-26T00:00:00,PHO,MIN,109.0,126.0,0
2024,3,2024-04-27T00:00:00,ORL,CLE,112.0,89.0,1
2024,3,2024-04-27T00:00:00,NO,OKC,85.0,106.0,0
2024,3,2024-04-27T00:00:00,MIA,BOS,84.0,104.0,0
2024,3,2024-04-27T00:00:00,LAL,DEN,119.0,108.0,1
2024,3,2024-04-28T00:00:00,PHI,NY,92.0,97.0,0
2024,3,2024-04-28T00:00:00,DAL,LAC,111.0,116.0,0
2024,3,2024-04-28T00:00:00,IND,MIL,126.0,113.0,1
2024,3,2024-04-28T00:00:00,PHO,MIN,116.0,122.0,0
2024,3,2024-04-29T00:00:00,MIA,BOS,88.0,102.0,0
2024,3,2024-04-29T00:00:00,NO,OKC,89.0,97.0,0
2024,3,2024-04-29T00:00:00,DEN,LAL,108.0,106.0,1
2024,3,2024-04-30T00:00:00,NY,PHI,106.0,112.0,0
2024,3,2024-04-30T00:00:00,CLE,ORL,104.0,103.0,1
2024,3,2024-04-30T00:00:00,MIL,IND,115.0,92.0,1
2024,3,2024-05-01T00:00:00,BOS,MIA,118.0,84.0,1
2024,3,2024-05-01T00:00:00,LAC,DAL,93.0,123.0,0
2024,3,2024-05-02T00:00:00,IND,MIL,120.0,98.0,1
2024,3,2024-05-02T00:00:00,PHI,NY,115.0,118.0,0
2024,3,2024-05-03T00:00:00,ORL,CLE,103.0,96.0,1
2024,3,2024-05-03T00:00:00,DAL,LAC,114.0,101.0,1
2024,3,2024-05-04T00:00:00,DEN,MIN,99.0,106.0,0
2024,3,2024-05-05T00:00:00,CLE,ORL,106.0,94.0,1
2024,3,2024-05-06T00:00:00,NY,IND,121.0,117.0,1
2024,3,2024-05-06T00:00:00,DEN,MIN,80.0,106.0,0
2024,3,2024-05-07T00:00:00,BOS,CLE,120.0,95.0,1
2024,3,2024-05-07T00:00:00,OKC,DAL,117.0,95.0,1
2024,3,2024-05-08T00:00:00,NY,IND,130.0,121.0,1
2024,3,2024-05-09T00:00:00,BOS,CLE,94.0,118.0,0
2024,3,2024-05-09T00:00:00,OKC,DAL,110.0,119.0,0
2024,3,2024-05-10T00:00:00,IND,NY,111.0,106.0,1
2024,3,2024-05-10T00:00:00,MIN,DEN,90.0,117.0,0
2024,3,2024-05-11T00:00:00,DAL,OKC,105.0,101.0,1
2024,3,2024-05-11T00:00:00,CLE,BOS,93.0,106.0,0
2024,3,2024-05-12T00:00:00,IND,NY,121.0,89.0,1
2024,3,2024-05-12T00:00:00,MIN,DEN,107.0,115.0,0
2024,3,2024-05-13T00:00:00,CLE,BOS,102.0,109.0,0
2024,3,2024-05-13T00:00:00,DAL,OKC,96.0,100.0,0
2024,3,2024-05-14T00:00:00,NY,IND,121.0,91.0,1
2024,3,2024-05-14T00:00:00,DEN,MIN,112.0,97.0,1
2024,3,2024-05-15T00:00:00,BOS,CLE,113.0,98.0,1
2024,3,2024-05-15T00:00:00,OKC,DAL,92.0,104.0,0
2024,3,2024-05-16T00:00:00,MIN,DEN,115.0,70.0,1
2024,3,2024-05-17T00:00:00,IND,NY,116.0,103.0,1
2024,3,2024-05-18T00:00:00,DAL,OKC,117.0,116.0,1
2024,3,2024-05-19T00:00:00,NY,IND,109.0,130.0,0
2024,3,2024-05-19T00:00:00,DEN,MIN,90.0,98.0,0
2024,3,2024-05-21T00:00:00,BOS,IND,133.0,128.0,1
2024,3,2024-05-22T00:00:00,MIN,DAL,105.0,108.0,0
2024,3,2024-05-23T00:00:00,BOS,IND,126.0,110.0,1
2024,3,2024-05-24T00:00:00,MIN,DAL,108.0,109.0,0
2024,3,2024-05-25T00:00:00,IND,BOS,111.0,114.0,0
2024,3,2024-05-26T00:00:00,DAL,MIN,116.0,107.0,1
2024,3,2024-05-27T00:00:00,IND,BOS,102.0,105.0,0
2024,3,2024-05-28T00:00:00,DAL,MIN,100.0,105.0,0
2024,3,2024-05-30T00:00:00,MIN,DAL,103.0,124.0,0
2024,3,2024-06-06T00:00:00,BOS,DAL,107.0,89.0,1
2024,3,2024-06-09T00:00:00,BOS,DAL,105.0,98.0,1
2024,3,2024-06-12T00:00:00,DAL,BOS,99.0,106.0,0
2024,3,2024-06-14T00:00:00,DAL,BOS,122.0,84.0,1
2024,3,2024-06-17T00:00:00,BOS,DAL,106.0,88.0,1
