SeasonType,Season,Team,Wins,Losses,Possessions,FantasyPoints,FieldGoalsPercentage,EffectiveFieldGoalsPercentage,TwoPointersPercentage,ThreePointersPercentage,FreeThrowsPercentage,OffensiveRebounds,DefensiveRebounds,Rebounds,Assists,Steals,BlockedShots,Turnovers,PersonalFouls,Points,TrueShootingPercentage,PlusMinus,DoubleDoubles,TripleDoubles,WinPercentage
1,2016,ATL,48,34,11915.6,25388.5,68.4,77.2,76.4,52.3,116.9,1012.3,4138.6,5150.8,3135.3,1118.3,728.6,1779.7,2342.5,12590.5,82.4,2211.1,85.1,0.0,0.5853658536585366
1,2016,BKN,21,61,11636.6,23511.9,67.6,73.5,71.8,52.6,113.0,1290.0,3902.7,5192.7,2730.7,936.1,494.2,1752.8,2203.7,12076.9,78.7,-4501.4,117.9,0.0,0.25609756097560976
1,2016,BOS,48,34,12060.1,25614.1,65.5,72.9,72.1,50.0,117.6,1418.4,4080.4,5498.7,2957.6,1122.7,519.6,1648.3,2681.4,12942.8,79.3,1963.3,80.6,2.2,0.5853658536585366
1,2016,CHA,48,34,11750.7,24729.8,65.5,74.9,71.5,54.0,117.9,1095.9,4284.9,5380.8,2654.6,889.8,653.9,1455.7,2220.1,12659.1,81.4,1664.7,65.7,4.5,0.5853658536585366
1,2016,CHI,42,40,11781.6,24682.6,65.8,72.7,69.3,55.4,117.5,1354.2,4313.3,5667.4,2791.9,739.0,701.7,1631.8,2306.7,12444.2,78.5,-903.3,115.0,8.9,0.5121951219512195
1,2016,CLE,57,25,11448.5,24493.4,68.7,78.2,76.6,54.2,111.7,1303.4,4146.1,5449.4,2778.5,822.6,473.3,1576.6,2487.3,12771.1,83.3,3672.8,137.4,6.7,0.6951219512195121
1,2016,DAL,42,40,11675.2,23987.7,66.3,74.9,73.9,51.4,118.5,1124.2,4152.0,5276.3,2708.3,836.1,453.9,1509.4,2378.3,12523.3,81.2,-185.1,89.6,2.2,0.5121951219512195
1,2016,DEN,33,49,11743.7,24451.8,66.0,73.0,72.0,50.3,114.4,1403.4,4058.0,5461.4,2774.0,909.2,589.7,1734.9,2572.4,12474.0,79.3,-1896.1,95.6,0.0,0.4024390243902439
1,2016,DET,44,38,11696.8,23892.2,65.5,73.3,71.7,51.5,99.7,1525.8,4146.1,5671.9,2379.8,855.5,453.9,1585.6,2324.6,12483.0,77.9,373.2,132.9,0.0,0.5365853658536586
1,2016,GS,73,9,12222.9,27881.3,72.7,84.1,78.8,62.1,113.9,1218.3,4434.2,5652.5,3542.9,1027.2,742.0,1820.0,2539.6,14065.6,88.5,6584.1,91.1,22.4,0.8902439024390244
1,2016,HOU,41,41,11949.6,25314.9,67.5,77.0,76.6,51.8,103.6,1388.5,3883.3,5271.8,2718.8,1225.8,640.5,1866.2,2672.5,13044.3,82.6,119.4,112.0,6.7,0.5
1,2016,IND,45,37,11882.8,24531.3,67.2,74.2,72.6,52.6,114.1,1264.6,4150.5,5415.1,2599.3,1106.3,585.3,1755.8,2450.0,12506.9,80.0,1045.1,64.2,0.0,0.5487804878048781
1,2016,LAC,53,29,11739.0,25141.1,69.4,78.2,76.6,54.3,103.3,1079.4,4069.9,5149.4,2796.4,1058.5,686.8,1516.9,2606.8,12793.5,83.0,2620.2,153.8,0.0,0.6463414634146342
1,2016,LAL,17,65,11655.4,22726.7,61.8,68.7,67.6,47.5,116.6,1315.3,3949.0,5264.3,2206.7,885.3,503.1,1594.5,2481.4,11917.1,75.8,-5852.6,65.7,2.2,0.2073170731707317
1,2016,MEM,42,40,11425.3,23701.5,65.7,71.2,70.3,49.4,116.9,1367.6,3728.0,5095.6,2533.6,1082.4,522.6,1555.7,2662.0,12132.1,78.2,-1373.6,71.7,6.7,0.5121951219512195
1,2016,MIA,48,34,11450.6,24174.8,70.2,75.8,75.8,50.3,111.1,1204.9,4196.8,5401.7,2551.5,825.6,792.8,1619.9,2242.5,12248.6,81.4,1007.8,119.4,6.7,0.5853658536585366
1,2016,MIL,33,49,11543.1,24125.5,69.7,74.5,73.9,51.4,111.5,1284.0,3819.1,5103.1,2829.2,1001.8,710.7,1793.1,2530.6,12126.1,80.2,-2560.5,104.5,13.4,0.4024390243902439
1,2016,MIN,29,53,11696.3,24254.7,69.3,74.4,74.1,50.5,118.2,1225.8,3862.4,5088.1,2860.6,979.4,559.9,1758.8,2532.1,12538.2,82.1,-2164.8,123.9,0.0,0.35365853658536583
1,2016,NO,30,52,11851.6,24222.1,66.9,74.4,72.0,53.7,115.9,1167.5,4049.0,5216.5,2714.3,945.1,510.6,1596.0,2557.5,12575.5,80.2,-2321.6,107.5,0.0,0.36585365853658536
1,2016,NY,32,50,11429.6,23561.9,65.5,72.1,70.3,51.7,120.2,1269.0,4162.5,5431.5,2511.2,697.2,695.7,1549.7,2412.7,12041.0,78.7,-1672.2,98.5,0.0,0.3902439024390244
1,2016,OKC,55,27,11871.2,26212.2,71.1,78.2,78.4,52.0,116.8,1596.0,4355.1,5951.1,2811.3,900.3,727.1,1894.6,2524.7,13493.7,84.5,4456.6,180.7,28.4,0.6707317073170732
1,2016,ORL,35,47,11821.3,24780.7,67.9,74.6,73.3,52.4,113.0,1258.6,4044.5,5303.1,2886.0,1006.3,622.6,1664.7,2539.6,12494.9,79.6,-992.8,107.5,4.5,0.4268292682926829
1,2016,PHI,10,72,11977.8,23538.8,64.3,72.7,71.1,50.6,103.6,1161.6,3889.3,5050.8,2635.1,1015.2,739.0,1909.5,2657.5,11926.1,77.5,-6263.1,67.2,0.0,0.12195121951219512
1,2016,PHO,23,59,12000.0,23535.2,64.9,72.7,70.5,52.0,112.1,1407.9,4080.4,5488.3,2539.6,943.6,465.8,2027.5,2774.0,12348.6,78.5,-4072.9,109.0,2.2,0.2804878048780488
1,2016,POR,44,38,11761.6,24553.9,67.2,76.3,73.2,55.2,112.6,1416.9,4152.0,5568.9,2609.8,839.1,564.4,1722.9,2660.5,12872.6,81.8,507.6,85.1,0.0,0.5365853658536586
1,2016,SA,67,15,11428.5,25570.9,72.3,78.5,76.9,56.1,119.9,1151.1,4225.2,5376.3,3000.9,1010.8,727.1,1533.3,2139.5,12675.6,84.1,6509.5,85.1,0.0,0.8170731707317073
1,2016,SAC,33,49,12254.9,25431.6,69.3,76.1,74.6,53.6,108.2,1295.9,4119.2,5415.1,2999.4,1095.9,547.9,1902.1,2502.3,13048.8,81.5,-1515.4,164.2,11.9,0.4024390243902439
1,2016,TOR,56,26,11339.0,24147.2,67.3,75.2,72.1,55.2,116.0,1248.1,4063.9,5312.1,2293.2,951.0,670.4,1484.0,2403.7,12574.0,82.4,2754.6,73.2,2.2,0.6829268292682927
1,2016,UTA,40,42,11208.3,23193.8,67.0,74.8,72.9,53.0,111.1,1313.8,3978.8,5292.7,2320.1,942.1,627.1,1734.9,2470.9,11958.9,80.6,1097.4,80.6,0.0,0.4878048780487805
1,2016,WAS,41,41,12028.8,24756.5,68.7,76.3,74.8,53.4,109.0,1109.3,4013.2,5122.5,2993.5,1058.5,480.7,1700.5,2550.0,12741.3,81.2,-306.1,150.8,8.9,0.5
1,2017,ATL,43,39,5690.2,11806.3,32.0,35.8,35.6,24.2,51.7,599.2,1983.7,2583.0,1376.0,476.4,285.4,886.8,1058.6,6005.9,38.4,-248.5,58.9,0.0,0.524390243902439
1,2017,BKN,20,62,5887.4,11559.8,31.5,36.0,35.9,24.1,55.9,510.5,2043.4,2553.9,1246.8,423.2,274.1,927.3,1225.5,6157.8,39.1,-1959.6,25.6,0.0,0.24390243902439024
1,2017,BOS,53,29,5625.8,12044.4,32.2,37.2,36.6,25.5,57.3,528.2,1915.6,2443.8,1469.0,438.1,240.0,736.3,1197.1,6288.5,40.3,766.8,24.1,0.0,0.6463414634146342
1,2017,CHA,36,46,5579.4,11899.2,31.4,35.6,34.6,24.9,57.9,511.9,2026.3,2538.2,1342.6,404.7,280.4,637.6,965.6,6106.7,38.8,56.8,43.3,0.5,0.43902439024390244
1,2017,CHI,41,41,5543.2,11917.3,31.5,34.6,34.1,24.1,56.7,708.6,1983.7,2692.3,1314.2,458.7,281.9,754.7,1033.0,5988.8,37.6,124.2,44.0,1.5,0.5
1,2017,CLE,51,31,5624.5,11927.7,33.4,38.8,37.5,27.3,53.1,544.6,2002.9,2547.5,1319.2,384.1,233.6,767.5,1055.1,6424.1,41.2,926.6,80.2,6.6,0.6219512195121951
1,2017,DAL,33,49,5364.5,10865.5,31.2,35.9,34.7,25.2,56.9,460.1,1787.1,2247.2,1210.6,436.6,216.6,653.9,1112.6,5700.6,38.4,-854.8,13.5,0.0,0.4024390243902439
1,2017,DEN,40,42,5714.8,12390.4,33.3,37.6,36.8,26.1,55.0,687.3,2010.0,2697.3,1474.7,405.4,233.6,840.6,1112.6,6504.3,40.3,149.1,58.2,3.0,0.4878048780487805
1,2017,DET,37,45,5534.2,11533.7,31.9,34.9,34.9,23.4,51.0,645.4,2015.7,2661.1,1229.7,408.2,220.8,661.7,1041.6,5899.4,37.0,-326.6,54.0,0.0,0.45121951219512196
1,2017,GS,67,15,5806.6,13564.1,35.1,40.0,39.5,27.2,55.9,548.1,2039.1,2587.2,1768.6,558.1,391.9,840.6,1125.4,6747.1,42.4,3386.7,38.3,3.0,0.8170731707317073
1,2017,HOU,55,27,5812.7,12625.4,32.8,38.7,39.3,25.3,54.4,631.2,1950.4,2581.6,1469.7,475.7,249.9,843.5,1160.1,6715.2,41.4,1679.2,67.4,15.6,0.6707317073170732
1,2017,IND,42,40,5599.0,11781.9,33.0,36.6,35.4,26.7,57.5,528.2,1918.4,2446.7,1309.2,475.0,291.8,771.1,1133.9,6119.5,39.6,-60.4,38.3,0.0,0.5121951219512195
1,2017,LAC,51,31,5579.7,11941.2,33.7,38.1,37.3,26.6,52.9,525.4,1979.5,2504.9,1312.1,435.9,247.8,727.0,1154.5,6326.8,40.8,1249.6,62.5,1.0,0.6219512195121951
1,2017,LAL,26,56,5709.2,11527.6,32.0,35.6,35.0,24.6,53.5,663.8,1870.8,2534.7,1218.4,479.2,229.3,847.0,1205.6,6088.2,38.1,-2006.5,28.4,1.5,0.3170731707317073
1,2017,MEM,43,39,5400.9,11385.7,30.9,34.9,33.6,25.1,55.7,628.4,1860.9,2489.3,1238.2,464.3,243.5,724.2,1306.4,5849.7,38.0,143.4,39.0,1.0,0.524390243902439
1,2017,MIA,41,41,5528.3,11680.4,32.3,36.4,35.2,25.9,50.1,620.5,1922.0,2542.5,1236.8,416.1,335.1,734.8,1192.8,6006.6,38.4,308.8,52.5,0.0,0.5
1,2017,MIL,42,40,5491.2,11758.3,33.7,37.5,36.7,26.3,54.5,511.2,1838.9,2350.1,1408.6,472.9,312.4,778.2,1178.6,6032.9,40.1,-53.2,36.9,2.0,0.5121951219512195
1,2017,MIN,31,51,5513.9,11851.2,33.2,36.3,36.0,24.8,56.7,666.0,1804.1,2470.1,1377.4,464.3,264.1,782.4,1168.7,6146.5,39.4,-323.0,76.0,1.0,0.3780487804878049
1,2017,NO,34,48,5741.5,11954.9,32.0,35.8,35.1,24.8,53.2,502.0,2044.8,2546.8,1327.0,453.0,323.0,718.5,1057.9,6074.8,38.3,-614.9,68.2,0.5,0.4146341463414634
1,2017,NY,31,51,5600.0,11830.3,31.7,35.2,34.5,24.8,55.9,696.5,1931.9,2628.4,1268.1,414.6,319.5,768.9,1184.3,6074.8,37.9,-1068.6,34.8,0.0,0.3780487804878049
1,2017,OKC,47,35,5702.0,11951.1,32.1,35.5,35.8,23.2,52.9,712.8,2002.9,2715.8,1221.9,459.4,293.9,853.4,1217.6,6206.1,38.3,222.9,72.4,29.8,0.573170731707317
1,2017,ORL,29,53,5642.5,11478.3,31.2,34.7,34.6,23.3,53.0,574.4,1941.1,2515.5,1292.2,411.8,281.2,749.0,1124.6,5884.5,37.2,-1913.4,58.9,2.5,0.35365853658536583
1,2017,PHI,28,54,5741.3,11672.3,31.4,35.6,35.3,24.1,54.7,572.3,1921.3,2493.5,1383.8,492.0,294.6,932.9,1273.0,5964.0,38.3,-1662.1,40.5,0.0,0.34146341463414637
1,2017,PHO,24,58,5855.8,11780.9,32.0,35.0,34.9,23.6,55.1,693.7,1925.5,2619.2,1138.8,477.8,286.1,870.5,1442.0,6272.1,38.2,-1638.0,45.4,0.5,0.2926829268292683
1,2017,POR,41,41,5669.1,11811.8,32.6,36.9,35.4,26.6,55.4,590.7,1950.4,2541.1,1230.4,409.0,289.7,764.7,1232.6,6284.2,39.7,-151.9,36.2,0.0,0.5
1,2017,SA,61,21,5484.4,12150.7,33.3,37.2,35.5,27.8,56.6,583.6,1969.5,2553.2,1388.0,466.5,344.4,749.0,1063.6,6132.3,40.0,2095.9,36.9,0.0,0.7439024390243902
1,2017,SAC,32,50,5544.4,11350.4,32.7,36.6,35.2,26.7,55.0,508.4,1884.3,2392.7,1310.0,444.5,230.8,821.5,1184.3,5985.3,39.5,-1128.2,47.6,1.5,0.3902439024390244
1,2017,TOR,51,31,5497.7,11703.3,32.9,36.7,35.9,25.8,56.5,618.4,1898.5,2517.0,1077.1,482.1,285.4,688.7,1212.7,6221.0,39.8,1224.8,36.9,0.5,0.6219512195121951
1,2017,UTA,51,31,5310.4,11252.2,33.1,37.3,36.4,26.4,53.0,548.1,1971.0,2519.1,1172.2,389.8,291.1,754.0,1097.0,5863.2,40.0,1148.1,46.2,0.0,0.6219512195121951
1,2017,WAS,49,33,5678.7,12125.1,33.7,37.5,36.6,26.4,55.7,598.5,1895.7,2494.2,1388.8,493.4,243.5,781.7,1239.7,6356.6,40.0,525.4,78.1,0.0,0.5975609756097561
1,2018,ATL,24,58,2649.4,5363.2,14.7,16.9,16.3,11.9,25.9,244.9,888.0,1132.9,641.8,210.5,114.8,406.6,530.0,2796.8,18.1,-740.5,13.2,0.0,0.2926829268292683
1,2018,BKN,28,54,2681.3,5497.6,14.6,17.0,16.5,11.7,25.5,261.0,940.8,1201.9,640.2,169.3,128.7,385.4,556.7,2884.5,18.2,-507.9,16.8,0.1,0.34146341463414637
1,2018,BOS,55,27,2598.6,5454.2,14.8,17.1,16.2,12.4,25.4,253.1,949.7,1202.8,607.9,199.3,123.4,361.0,533.9,2814.6,18.2,485.1,11.2,0.2,0.6707317073170732
1,2018,CHA,36,46,2665.4,5564.7,14.8,16.8,16.1,12.2,24.7,271.6,958.0,1229.6,584.4,184.5,124.4,333.6,465.0,2928.4,18.1,37.3,23.8,0.2,0.43902439024390244
1,2018,CHI,27,55,2667.2,5429.8,14.4,16.4,15.8,11.7,25.0,260.7,947.8,1208.5,633.9,206.6,95.4,360.4,518.4,2785.2,17.5,-950.4,19.1,0.0,0.32926829268292684
1,2018,CLE,50,32,2644.8,5546.0,15.7,18.1,17.8,12.3,25.7,229.4,910.8,1140.2,632.3,192.1,102.6,360.0,502.6,3000.0,19.2,127.7,31.0,2.0,0.6097560975609756
1,2018,DAL,24,58,2591.8,5294.1,14.7,16.9,16.4,11.9,25.2,219.8,896.6,1116.4,613.1,190.7,101.6,318.8,520.4,2768.7,18.0,-409.5,13.2,0.1,0.2926829268292683
1,2018,DEN,46,36,2633.0,5732.4,15.5,17.7,17.3,12.2,25.3,297.3,906.8,1204.2,679.1,206.9,133.3,388.4,505.9,2976.6,18.8,198.7,19.1,1.1,0.5609756097560976
1,2018,DET,39,43,2602.6,5431.9,14.8,16.9,16.1,12.3,24.6,274.2,909.5,1183.7,616.4,207.2,105.3,346.2,497.6,2808.0,17.9,-19.5,25.7,0.1,0.47560975609756095
1,2018,GS,58,24,2683.9,6103.2,16.6,18.8,18.5,12.9,26.9,228.0,949.4,1177.4,792.7,216.8,201.6,405.9,530.3,3070.3,19.9,808.2,16.8,0.5,0.7073170731707317
1,2018,HOU,65,17,2634.3,5688.4,15.2,18.2,18.4,11.9,25.8,243.9,931.9,1175.8,583.4,230.7,129.7,358.7,527.3,3040.3,19.5,1144.4,31.4,0.5,0.7926829268292683
1,2018,IND,48,34,2593.3,5486.0,15.6,17.3,16.9,12.2,25.7,260.0,886.4,1146.4,600.3,237.6,112.5,346.8,509.5,2856.5,18.4,185.8,16.2,0.0,0.5853658536585366
1,2018,LAC,42,40,2659.6,5560.4,15.6,17.4,17.3,11.7,24.5,273.9,913.4,1187.3,604.6,207.6,122.8,381.2,540.5,2949.2,18.6,1.6,22.8,0.2,0.5121951219512195
1,2018,LAL,35,47,2732.1,5652.8,15.2,17.1,17.1,11.4,23.6,288.8,964.9,1253.7,642.8,209.2,128.0,414.8,572.9,2924.5,18.1,-210.5,29.4,0.3,0.4268292682926829
1,2018,MEM,22,60,2555.2,5154.8,14.7,16.5,16.0,11.6,25.9,257.4,839.8,1097.2,583.1,202.6,130.7,391.0,627.0,2687.8,17.8,-839.8,18.5,0.1,0.2682926829268293
1,2018,MIA,44,38,2603.9,5459.8,15.0,17.2,16.8,11.9,24.9,251.8,924.3,1176.1,614.5,204.9,144.2,369.9,543.8,2798.4,18.2,64.0,17.8,0.0,0.5365853658536586
1,2018,MIL,44,38,2602.7,5521.4,15.8,17.5,17.5,11.7,25.8,226.7,849.1,1075.8,627.3,236.6,145.9,356.7,577.5,2881.2,18.8,-46.5,21.4,0.3,0.5365853658536586
1,2018,MIN,47,35,2596.2,5612.9,15.7,17.3,17.1,11.8,26.5,280.2,856.4,1136.5,614.5,227.4,113.8,318.4,493.4,2963.4,18.7,300.6,35.0,0.0,0.573170731707317
1,2018,NO,48,34,2744.5,5912.2,15.9,17.9,17.8,11.9,25.5,235.0,965.2,1200.2,724.4,216.8,159.7,390.7,518.1,3023.1,18.9,177.5,40.3,0.8,0.5853658536585366
1,2018,NY,29,53,2627.1,5460.5,15.3,16.9,16.7,11.6,25.9,283.1,908.2,1191.3,631.0,182.2,138.9,384.4,555.1,2826.8,18.0,-481.8,25.4,0.1,0.35365853658536583
1,2018,OKC,48,34,2618.6,5647.2,14.9,17.0,16.7,11.7,23.6,337.6,881.4,1219.0,577.5,245.8,136.3,364.6,545.2,2918.5,18.0,462.0,32.7,2.7,0.5853658536585366
1,2018,ORL,25,57,2643.1,5399.4,14.9,16.9,16.6,11.6,25.0,238.3,889.0,1127.3,633.9,204.9,132.7,377.5,521.1,2798.1,18.0,-653.7,21.4,0.1,0.3048780487804878
1,2018,PHI,52,30,2697.7,5907.4,15.6,17.7,17.4,12.2,24.8,295.0,989.0,1284.0,732.6,224.4,138.6,429.7,597.3,2971.3,18.7,609.8,35.3,1.5,0.6341463414634146
1,2018,PHO,21,61,2702.1,5319.6,14.6,16.3,16.2,11.0,24.5,278.2,915.8,1193.9,575.2,188.1,121.8,407.9,596.3,2812.3,17.6,-1263.9,18.2,0.2,0.25609756097560976
1,2018,POR,49,33,2611.0,5433.2,14.9,16.9,16.3,12.1,26.4,275.6,955.0,1230.6,528.3,189.8,139.6,352.8,527.7,2858.1,18.1,352.8,18.2,0.0,0.5975609756097561
1,2018,SA,47,35,2564.3,5514.5,15.1,16.7,16.5,11.6,25.5,279.8,916.4,1196.2,616.8,207.2,151.5,343.5,465.0,2779.9,17.9,389.7,19.1,0.1,0.573170731707317
1,2018,SAC,27,55,2561.6,5167.5,14.8,16.6,15.8,12.4,24.3,256.7,849.8,1106.5,583.1,212.2,111.9,357.4,540.2,2674.3,17.5,-942.2,10.6,0.0,0.32926829268292684
1,2018,TOR,59,23,2638.8,5836.0,15.6,17.8,17.9,11.8,26.2,264.3,926.0,1190.3,658.4,206.9,165.0,345.2,588.4,3021.5,19.0,1042.5,20.5,0.3,0.7195121951219512
1,2018,UTA,48,34,2586.8,5495.4,15.2,17.4,17.0,12.1,25.7,243.9,926.3,1170.2,606.9,234.0,138.6,382.5,530.6,2818.2,18.6,582.4,21.1,0.0,0.5853658536585366
1,2018,WAS,43,39,2624.7,5584.8,15.4,17.3,16.8,12.4,25.5,271.6,895.0,1166.6,681.4,213.2,116.2,380.8,576.2,2884.9,18.5,86.1,18.8,0.0,0.524390243902439
1,2019,ATL,29,53,8951.0,18652.3,47.2,54.6,54.2,36.8,78.7,998.9,2955.0,3953.9,2215.4,706.0,438.3,1425.7,2020.9,9721.5,58.1,-2583.6,96.2,1.1,0.35365853658536583
1,2019,BKN,42,40,8724.7,18071.0,47.0,54.4,53.7,36.9,77.9,940.4,3049.1,3989.4,2042.8,562.7,354.6,1235.3,1842.0,9620.1,58.2,-36.6,61.7,0.0,0.5121951219512195
1,2019,BOS,49,33,8550.2,18943.7,48.6,55.9,55.0,38.2,83.9,842.0,2984.2,3826.3,2255.2,739.5,455.0,1065.9,1748.9,9646.2,59.3,1910.0,57.5,2.2,0.5975609756097561
1,2019,CHA,39,43,8483.7,18080.0,46.9,53.8,53.0,36.7,83.4,851.4,2905.8,3757.2,1992.6,618.2,423.6,1000.0,1621.3,9498.7,57.9,-466.5,39.7,0.0,0.47560975609756095
1,2019,CHI,22,60,8538.0,17073.8,47.4,52.8,51.9,36.7,81.9,751.0,2927.8,3678.8,1879.7,630.7,367.1,1156.9,1739.5,9000.8,56.6,-3602.4,53.3,0.0,0.2682926829268293
1,2019,CLE,19,63,8266.0,16457.3,46.4,52.6,51.0,37.1,82.8,919.4,2739.5,3658.9,1776.1,558.6,204.0,1083.7,1717.5,8961.1,56.5,-4121.2,64.9,0.0,0.23170731707317074
1,2019,DAL,33,49,8486.7,17692.3,46.8,54.3,54.8,35.6,77.6,870.3,3016.7,3886.9,2006.2,557.5,367.1,1168.4,1725.9,9337.6,58.1,-549.2,79.5,9.8,0.4024390243902439
1,2019,DEN,54,28,8356.4,18772.9,48.7,55.1,55.1,36.7,79.0,1016.7,2962.3,3979.0,2348.3,663.2,379.7,1102.5,1719.6,9492.4,58.4,1694.5,95.2,12.6,0.6585365853658537
1,2019,DET,41,41,8367.2,17477.7,46.0,53.2,52.3,36.4,78.1,979.1,2878.6,3857.6,1929.9,595.2,346.2,1110.9,1894.3,9181.8,56.9,-106.7,94.1,2.2,0.5
1,2019,GS,57,25,8663.9,19859.3,51.4,59.1,58.3,40.3,83.8,833.7,3127.5,3961.2,2524.0,653.8,549.2,1179.9,1837.8,10093.9,62.3,2771.9,41.8,2.2,0.6951219512195121
1,2019,HOU,53,29,8404.7,18057.4,47.0,56.7,57.6,37.2,82.7,874.5,2733.2,3607.7,1821.1,732.2,423.6,1085.7,1885.9,9770.7,60.8,2044.9,117.2,8.8,0.6463414634146342
1,2019,IND,48,34,8378.8,18228.2,49.7,55.4,54.1,39.1,78.7,797.1,2893.2,3690.3,2225.9,745.8,422.6,1140.1,1667.3,9264.4,58.7,1433.0,75.3,0.0,0.5853658536585366
1,2019,LAC,48,34,8737.0,18444.5,49.3,55.3,53.0,40.6,82.8,832.6,3071.1,3903.7,2060.6,585.8,402.7,1184.1,2001.0,9876.3,60.1,361.9,61.7,1.1,0.5853658536585366
1,2019,LAL,37,45,8839.8,18580.1,49.2,55.1,56.6,34.8,73.1,873.4,3122.3,3995.7,2192.4,646.4,460.2,1303.3,1779.2,9586.6,57.9,-737.4,92.0,10.5,0.45121951219512196
1,2019,MEM,33,49,8302.7,17499.3,47.1,53.1,52.8,35.8,80.8,756.3,2827.3,3583.6,2053.3,715.5,468.6,1129.7,1883.8,8880.5,57.3,-1111.9,65.9,5.5,0.4024390243902439
1,2019,MIA,39,43,8391.3,18001.1,47.1,53.9,53.2,36.5,72.7,963.4,3011.4,3974.8,2082.6,655.8,468.6,1208.1,1790.8,9066.7,56.7,-97.3,72.2,2.2,0.47560975609756095
1,2019,MIL,60,22,8862.7,19767.9,49.8,57.5,59.1,36.9,80.9,797.1,3468.5,4265.6,2234.3,643.3,508.4,1137.0,1682.0,10131.6,61.0,3795.9,84.7,6.6,0.7317073170731707
1,2019,MIN,36,46,8613.0,18635.1,47.7,53.5,52.7,36.7,82.3,965.5,2876.5,3842.0,2110.8,714.4,429.9,1077.4,1740.5,9647.3,57.7,-643.3,99.4,0.0,0.43902439024390244
1,2019,NO,33,49,8856.2,19202.0,49.5,55.3,56.0,36.0,79.6,950.8,3105.6,4056.4,2317.9,638.1,461.3,1242.6,1812.7,9901.4,58.9,-566.9,133.9,7.7,0.4024390243902439
1,2019,NY,17,65,8536.8,17055.7,45.3,51.3,50.1,35.6,79.3,896.4,2940.3,3836.7,1721.7,582.6,441.4,1149.6,1791.8,8970.5,55.3,-3948.6,82.6,1.1,0.2073170731707317
1,2019,OKC,49,33,8854.1,19095.7,47.5,53.8,53.3,36.4,74.6,1078.4,3044.9,4123.3,2005.2,801.2,444.6,1170.5,1923.6,9818.8,57.0,1459.2,125.5,36.6,0.5975609756097561
1,2019,ORL,42,40,8411.3,18149.5,47.5,54.2,53.2,37.2,81.8,859.8,3035.5,3895.3,2191.4,568.0,465.5,1083.7,1596.2,9204.8,57.5,302.3,93.1,1.1,0.5121951219512195
1,2019,PHI,51,31,8732.8,19189.8,49.3,55.8,55.3,37.6,80.6,933.0,3164.2,4097.2,2308.5,633.9,451.9,1240.6,1825.3,9879.5,60.0,1155.8,119.2,12.6,0.6219512195121951
1,2019,PHO,19,63,8671.7,17557.8,48.0,53.8,54.9,34.4,81.5,782.4,2680.9,3463.3,2047.0,768.8,437.2,1301.2,2020.9,9220.5,57.7,-4006.2,72.2,0.0,0.23170731707317074
1,2019,POR,53,29,8533.9,18599.4,48.8,55.2,54.7,37.6,85.1,1011.5,3104.5,4116.0,1973.8,571.1,432.0,1141.2,1745.8,9834.5,59.5,1798.1,82.6,4.4,0.6463414634146342
1,2019,SA,48,34,8450.9,18180.4,50.0,55.9,53.7,41.0,85.7,791.8,3043.9,3835.7,2105.6,524.0,403.8,1013.6,1555.4,9577.2,59.8,716.5,59.6,1.1,0.5853658536585366
1,2019,SAC,39,43,8821.5,18810.7,48.5,54.8,52.7,39.5,75.9,947.7,2948.7,3896.4,2178.8,710.2,379.7,1106.7,1831.5,9793.7,57.9,-483.3,76.4,1.1,0.47560975609756095
1,2019,TOR,58,24,8619.5,18932.3,49.6,56.8,56.4,38.3,84.1,822.2,3054.3,3876.5,2180.9,711.3,457.1,1143.3,1803.3,9815.7,60.6,2609.8,86.8,2.2,0.7073170731707317
1,2019,UTA,50,32,8601.7,18831.9,49.0,56.3,56.6,37.2,77.0,857.7,3118.1,3975.8,2231.1,693.5,505.2,1265.7,1807.5,9582.4,59.8,2256.2,108.8,0.0,0.6097560975609756
1,2019,WAS,32,50,8753.9,18569.2,49.0,55.5,56.8,35.7,80.3,831.6,2801.2,3632.8,2253.1,714.4,396.4,1171.5,1779.2,9780.1,59.3,-1244.7,73.2,3.3,0.3902439024390244
1,2020,ATL,20,47,3280.5,6629.8,21.2,24.3,24.8,15.7,37.3,312.0,1055.9,1367.9,757.6,246.9,161.0,498.0,730.7,3534.3,26.1,-1260.2,31.6,0.4,0.29850746268656714
1,2020,BKN,35,37,3466.4,7248.2,21.1,24.5,24.7,16.2,35.2,361.6,1266.4,1627.9,831.2,219.0,152.5,493.7,712.7,3798.7,26.1,-96.8,32.1,0.4,0.4861111111111111
1,2020,BOS,48,24,3385.7,7410.8,21.8,25.1,24.6,17.2,37.8,362.5,1203.1,1565.6,781.2,280.8,191.6,447.0,733.0,3862.4,26.9,1071.4,22.2,0.0,0.6666666666666666
1,2020,CHA,23,42,2943.8,6058.9,20.5,23.8,23.1,16.6,35.3,337.5,975.2,1312.6,731.1,202.0,126.5,426.2,577.3,3156.3,25.4,-1036.0,22.7,0.0,0.35384615384615387
1,2020,CHI,22,43,3048.2,6305.1,21.1,24.3,24.1,16.4,35.6,321.0,963.4,1284.3,712.7,307.7,125.1,448.9,668.8,3278.0,25.8,-472.0,13.2,0.0,0.3384615384615385
1,2020,CLE,19,46,3032.5,6109.2,21.6,24.6,24.5,16.6,35.8,332.3,1025.2,1357.5,708.0,211.0,99.6,482.4,560.7,3279.5,26.1,-1210.7,34.0,0.0,0.2923076923076923
1,2020,DAL,43,32,3529.0,7793.0,21.8,25.7,25.5,17.3,36.8,373.4,1288.1,1661.4,872.7,217.1,171.3,429.0,690.1,4142.3,27.4,875.6,38.7,3.8,0.5733333333333334
1,2020,DEN,46,27,3366.2,7462.5,22.3,25.3,25.2,16.9,36.7,371.0,1149.8,1520.8,921.3,276.6,159.1,450.3,700.9,3834.5,26.8,363.4,33.5,2.9,0.6301369863013698
1,2020,DET,20,46,3040.6,6316.8,21.7,24.9,24.3,17.3,35.1,304.0,995.4,1299.4,750.0,231.3,141.1,453.1,613.1,3340.8,26.5,-554.6,33.0,0.0,0.30303030303030304
1,2020,GS,15,50,3078.4,6364.7,20.7,23.5,23.4,15.8,37.9,305.4,1009.1,1314.5,784.9,252.0,141.1,439.0,615.5,3262.5,25.5,-1334.8,15.6,0.4,0.23076923076923078
1,2020,HOU,44,28,3524.9,7372.7,21.3,25.3,26.3,16.3,37.3,332.3,1172.4,1504.7,734.9,295.9,175.6,481.9,739.2,4003.5,27.3,502.7,40.6,2.7,0.6111111111111112
1,2020,IND,45,28,3406.9,7307.9,22.5,25.2,25.0,17.1,37.1,300.2,1174.3,1474.5,891.1,256.3,177.5,436.6,682.0,3770.8,26.7,337.5,37.8,0.9,0.6164383561643836
1,2020,LAC,49,23,3450.1,7436.5,22.0,25.3,24.6,17.5,37.3,362.5,1257.4,1619.9,806.2,241.2,159.5,472.0,752.4,3953.9,27.2,1095.0,26.0,0.2,0.6805555555555556
1,2020,LAL,52,19,3371.4,7445.8,22.6,25.6,26.1,16.5,34.4,357.8,1175.3,1533.1,851.0,288.9,220.9,491.4,694.3,3801.5,27.0,970.0,42.5,2.9,0.7323943661971831
1,2020,MEM,34,39,3531.2,7613.8,22.1,24.9,25.1,16.4,36.0,355.9,1247.5,1603.4,927.5,271.9,188.3,502.7,729.7,3880.8,26.5,-184.1,32.6,0.7,0.4657534246575342
1,2020,MIA,44,29,3407.9,7383.9,22.1,25.8,25.1,17.9,37.0,292.6,1236.2,1528.8,893.0,258.2,156.7,480.5,708.5,3860.5,27.7,507.4,29.7,1.3,0.6027397260273972
1,2020,MIL,56,17,3620.4,7961.5,22.5,26.1,26.8,16.8,35.0,326.6,1455.2,1781.8,891.6,248.3,202.5,504.6,675.4,4088.9,27.5,1737.0,35.9,0.9,0.7671232876712328
1,2020,MIN,19,45,3144.9,6545.7,20.8,24.3,24.6,15.9,35.5,318.6,1035.1,1353.7,719.8,262.0,170.9,445.1,646.6,3421.1,26.0,-649.0,24.1,0.4,0.296875
1,2020,NO,30,42,3535.2,7508.4,21.9,25.4,24.9,17.5,34.4,376.2,1204.1,1580.3,911.9,254.4,169.0,539.5,719.3,3937.0,26.8,-219.5,31.2,0.9,0.4166666666666667
1,2020,NY,21,45,3078.4,6404.9,21.1,23.6,23.6,15.9,32.8,375.2,1073.3,1448.6,687.2,237.9,147.7,431.4,691.0,3296.0,25.1,-1005.4,26.0,0.2,0.3181818181818182
1,2020,OKC,44,28,3362.4,7018.5,22.1,25.0,25.0,16.8,37.6,279.9,1177.6,1457.5,737.3,259.6,166.6,441.3,656.1,3752.4,27.0,336.1,24.1,0.2,0.6111111111111112
1,2020,ORL,33,40,3385.4,7293.0,21.0,23.9,23.7,16.2,36.5,354.5,1179.1,1533.5,824.6,282.7,186.9,419.6,630.6,3696.2,25.7,-174.6,34.9,0.4,0.4520547945205479
1,2020,PHI,43,30,3406.2,7483.7,22.1,25.2,24.7,17.4,35.6,360.6,1205.0,1565.6,889.2,276.6,183.6,464.9,721.7,3815.6,26.7,410.6,41.1,1.3,0.589041095890411
1,2020,PHO,34,39,3486.8,7433.0,22.1,25.1,25.0,16.9,39.4,336.1,1163.5,1499.5,937.9,263.8,136.9,489.5,759.4,3914.8,27.2,38.2,38.7,0.4,0.4657534246575342
1,2020,POR,35,39,3518.3,7425.1,21.9,25.2,24.3,17.8,37.9,355.9,1226.7,1582.6,719.8,219.5,212.9,434.2,758.0,4015.8,26.9,-200.6,41.1,0.2,0.47297297297297297
1,2020,SA,32,39,3387.2,7304.4,22.3,25.1,24.4,17.7,38.2,302.1,1194.2,1496.2,826.5,244.5,184.1,410.2,649.9,3822.3,27.0,-186.0,17.9,0.0,0.4507042253521127
1,2020,SAC,31,41,3372.6,7026.1,21.8,25.2,24.9,17.2,36.3,328.0,1119.6,1447.6,808.5,262.4,138.3,466.8,752.8,3741.5,26.7,-346.9,23.1,0.0,0.4305555555555556
1,2020,TOR,53,19,3421.0,7429.6,21.6,25.3,24.5,17.7,37.6,323.3,1219.2,1542.5,857.2,300.2,169.0,477.2,735.8,3831.7,27.1,1059.6,34.0,0.4,0.7361111111111112
1,2020,UTA,44,28,3347.3,6951.7,22.2,25.9,25.3,17.9,36.8,309.6,1216.3,1526.0,762.3,206.7,137.4,493.2,692.9,3782.1,27.6,420.6,26.4,0.0,0.6111111111111112
1,2020,WAS,25,47,3482.2,7251.3,21.6,24.7,23.9,17.4,37.2,345.5,1083.2,1428.7,850.1,270.9,145.8,460.2,771.2,3888.3,26.5,-793.0,16.5,0.0,0.3472222222222222
1,2021,ATL,41,31,8371.3,18438.4,55.6,64.1,62.5,44.3,96.5,903.6,3002.2,3905.9,2065.3,598.1,405.4,1086.7,1655.1,9733.2,69.1,990.4,120.1,1.4,0.5694444444444444
1,2021,BKN,48,24,8539.5,19085.0,58.7,68.4,67.2,46.6,95.6,761.0,3042.7,3803.6,2293.6,575.5,450.6,1122.4,1630.1,10150.5,72.5,1926.2,86.8,14.3,0.6666666666666666
1,2021,BOS,36,36,8405.1,18286.5,55.4,64.6,63.0,44.5,92.1,909.6,2878.6,3788.2,2008.2,661.1,455.4,1146.2,1749.0,9641.6,68.2,624.2,47.6,1.4,0.5
1,2021,CHA,33,39,8396.0,18261.5,54.1,63.4,61.5,43.9,90.5,906.0,2840.5,3746.5,2298.3,671.8,409.0,1214.0,1542.1,9370.5,67.1,-826.4,63.0,1.4,0.4583333333333333
1,2021,CHI,31,41,8473.5,18156.9,56.6,65.0,64.4,44.0,94.0,822.8,3024.8,3847.6,2291.2,573.1,361.5,1241.3,1619.4,9475.1,68.4,-380.5,60.6,1.4,0.4305555555555556
1,2021,CLE,22,50,8321.3,17207.9,53.5,60.4,60.6,40.0,88.3,892.9,2766.8,3659.7,2040.3,664.7,386.4,1235.4,1555.2,8889.0,64.6,-3615.7,73.7,0.0,0.3055555555555556
1,2021,DAL,42,30,8288.7,17848.7,55.9,65.4,65.9,43.0,92.5,781.2,2928.5,3709.7,1958.3,535.0,371.0,978.5,1659.8,9626.1,69.2,969.0,58.3,13.1,0.5833333333333334
1,2021,DEN,47,25,8354.6,18917.6,57.7,66.2,65.6,44.8,95.5,901.3,2903.5,3804.8,2298.3,692.0,384.0,1097.4,1633.7,9849.7,69.9,2101.0,96.3,19.0,0.6527777777777778
1,2021,DET,20,52,8389.5,17556.2,53.7,61.7,61.2,41.7,90.2,825.2,2831.0,3656.2,2072.4,631.4,441.1,1211.6,1756.2,9126.8,66.1,-1914.3,48.7,4.2,0.2777777777777778
1,2021,GS,39,33,8721.0,18661.5,55.6,65.5,64.3,44.7,93.3,682.5,3001.0,3683.5,2367.3,697.9,406.6,1253.2,1814.4,9734.3,69.3,451.8,45.2,8.5,0.5416666666666666
1,2021,HOU,17,55,8638.3,17657.7,52.8,61.9,63.3,40.3,88.0,797.8,2848.8,3646.7,2020.1,649.2,429.2,1218.7,1672.9,9313.4,65.8,-3382.7,74.9,1.4,0.2361111111111111
1,2021,IND,34,38,8735.2,19205.8,56.4,64.4,64.2,43.3,94.2,770.5,2882.1,3652.6,2345.9,726.5,546.9,1114.1,1727.6,9871.1,68.4,-17.8,90.4,11.9,0.4722222222222222
1,2021,LAC,47,25,8245.9,18277.1,57.3,67.1,62.9,48.9,99.8,806.1,2973.7,3779.8,2087.9,605.2,350.8,1063.0,1644.4,9760.5,71.2,2645.5,52.3,0.0,0.6527777777777778
1,2021,LAL,42,30,8482.5,18077.9,56.1,63.7,64.1,42.1,87.9,825.2,2960.6,3785.8,2110.5,668.2,457.8,1260.3,1637.3,9377.6,67.7,1197.3,88.0,7.1,0.5833333333333334
1,2021,MEM,38,34,8603.4,19263.2,55.5,62.7,62.4,42.2,91.7,954.8,3023.6,3978.4,2304.3,778.8,432.8,1089.1,1604.0,9698.7,66.6,439.9,89.2,1.4,0.5277777777777778
1,2021,MIA,40,32,8253.6,17791.1,55.6,64.9,65.8,42.6,93.9,688.4,2864.3,3552.7,2253.2,676.5,340.1,1136.7,1620.6,9251.6,69.1,9.9,76.1,8.5,0.5555555555555556
1,2021,MIL,46,26,8735.4,19516.7,57.9,67.3,65.9,46.1,90.2,879.9,3236.5,4116.3,2180.6,694.4,397.1,1142.6,1472.0,10265.8,70.5,2512.4,101.1,9.9,0.6388888888888888
1,2021,MIN,23,49,8712.5,18650.4,53.3,61.8,61.6,41.5,90.5,900.1,2826.3,3726.3,2194.9,752.6,472.0,1171.2,1794.2,9608.3,66.0,-2382.8,60.6,0.0,0.3194444444444444
1,2021,NO,31,41,8588.8,18872.5,56.7,63.8,64.7,41.4,86.7,1004.7,3053.4,4058.1,2225.8,648.0,374.5,1191.4,1539.8,9810.4,67.8,-124.8,72.5,2.8,0.4305555555555556
1,2021,NY,41,31,8225.7,17578.8,54.2,62.3,58.4,46.6,93.2,827.5,3036.7,3864.2,1832.2,602.8,434.0,1042.8,1751.4,9162.4,66.6,982.1,67.8,8.5,0.5694444444444444
1,2021,OKC,22,50,8623.8,17137.8,52.4,60.5,60.5,40.3,86.2,850.1,3053.4,3903.5,1888.1,599.3,375.7,1317.4,1551.6,8988.8,64.1,-4553.9,45.2,0.0,0.3055555555555556
1,2021,ORL,21,51,8420.4,17268.4,51.0,58.3,56.7,40.8,92.1,889.4,3004.6,3894.0,1867.9,588.6,378.1,1048.7,1473.2,8909.2,62.7,-3980.8,64.2,2.8,0.2916666666666667
1,2021,PHI,49,23,8536.4,18845.4,56.6,64.3,63.1,44.5,91.3,858.5,2998.7,3857.1,2028.4,778.8,531.5,1177.1,1734.8,9730.8,68.8,2398.2,83.2,5.7,0.6805555555555556
1,2021,PHO,51,21,8371.9,18685.0,58.4,67.1,66.9,44.9,99.2,749.1,2927.3,3676.4,2305.5,614.7,371.0,1027.3,1633.7,9871.1,71.0,2488.6,80.9,1.4,0.7083333333333334
1,2021,POR,42,30,8406.0,18365.2,53.9,64.2,60.5,45.8,97.9,910.8,2902.3,3813.1,1820.4,589.7,430.4,921.5,1619.4,9940.0,68.6,763.3,84.4,0.0,0.5833333333333334
1,2021,SA,33,39,8516.4,18283.4,54.9,61.5,61.1,41.6,94.2,795.4,2959.4,3754.9,2091.5,600.4,435.2,940.5,1537.4,9509.6,65.9,-743.1,65.4,5.7,0.4583333333333333
1,2021,SAC,31,41,8524.6,18308.7,57.1,65.3,65.5,43.3,88.6,802.6,2743.0,3545.6,2183.0,644.4,425.7,1097.4,1664.6,9736.7,68.7,-1569.5,73.7,0.0,0.4305555555555556
1,2021,TOR,27,45,8436.1,18218.2,53.3,63.0,60.9,43.8,96.9,807.3,2752.5,3559.9,2062.9,733.6,463.7,1067.7,1815.6,9525.1,67.5,-206.9,59.4,4.2,0.375
1,2021,UTA,52,20,8420.1,18813.0,55.6,66.9,64.7,46.3,95.0,909.6,3222.2,4131.8,2024.9,562.4,441.1,1155.7,1587.3,9966.2,71.0,3959.4,76.1,0.0,0.7222222222222222
1,2021,WAS,34,38,8933.3,18668.6,56.5,63.1,63.4,41.7,91.4,827.5,3040.3,3867.8,2181.8,627.8,353.1,1192.6,1848.9,9985.2,67.7,-788.3,90.4,45.2,0.4722222222222222
1,2022,ATL,43,39,4301.7,9526.5,25.4,29.3,28.7,20.2,43.8,444.4,1502.8,1947.2,1089.2,317.0,187.9,499.0,828.4,5045.2,31.4,347.2,54.0,0.0,0.524390243902439
1,2022,BKN,44,38,4364.5,9566.5,25.7,29.2,29.1,19.5,43.5,456.3,1509.8,1966.1,1115.1,314.8,244.6,583.7,901.8,4999.3,31.2,194.4,40.0,3.8,0.5365853658536586
1,2022,BOS,51,31,4294.7,9622.0,25.2,29.3,29.5,19.2,44.1,466.0,1574.1,2040.1,1099.4,319.1,258.1,578.3,821.3,4948.6,31.3,1611.9,43.2,0.9,0.6219512195121951
1,2022,CHA,43,39,4448.7,9974.9,25.3,29.4,29.2,19.7,40.0,479.5,1494.2,1973.7,1243.1,381.8,217.1,562.7,879.7,5106.8,30.9,97.2,29.7,1.7,0.524390243902439
1,2022,CHI,46,36,4332.5,9235.1,25.9,29.2,28.9,19.9,43.9,383.9,1489.9,1873.8,1057.3,315.9,181.4,536.2,831.6,4942.1,31.3,-83.7,32.9,0.3,0.5609756097560976
1,2022,CLE,44,38,4227.5,9203.7,25.3,29.1,29.2,19.2,41.0,452.5,1504.4,1957.0,1114.6,313.2,185.8,587.5,773.8,4773.1,30.8,471.4,59.9,0.3,0.5365853658536586
1,2022,DAL,52,30,4209.5,9051.8,24.9,29.1,29.6,18.9,41.6,409.9,1495.3,1905.1,1035.7,298.1,175.5,518.4,870.5,4783.3,30.9,731.7,36.7,2.9,0.6341463414634146
1,2022,DEN,48,34,4332.2,9537.8,26.0,30.0,31.0,19.1,43.0,406.1,1547.6,1953.7,1231.2,319.7,164.7,613.4,885.1,4991.2,31.9,513.0,42.7,10.3,0.5853658536585366
1,2022,DET,23,59,4343.4,8996.4,23.3,26.7,26.9,17.6,42.2,486.0,1417.5,1903.5,1039.0,340.2,212.2,592.9,971.5,4641.8,28.8,-1709.1,24.3,0.6,0.2804878048780488
1,2022,GS,53,29,4339.7,9678.2,25.3,29.8,30.1,19.7,41.5,432.0,1582.2,2014.2,1200.4,388.3,201.4,634.0,930.4,4915.1,31.4,1225.8,18.9,0.9,0.6463414634146342
1,2022,HOU,20,62,4448.5,9022.7,24.6,28.8,29.3,18.8,38.5,424.4,1436.4,1860.8,1042.7,324.0,206.3,693.4,913.7,4858.4,30.5,-1871.6,35.1,0.3,0.24390243902439024
1,2022,IND,25,57,4348.2,9470.4,25.0,28.7,29.2,18.6,41.5,499.5,1442.3,1941.8,1123.7,314.3,246.8,603.2,904.5,4935.6,30.5,-769.5,46.4,1.7,0.3048780487804878
1,2022,LAC,42,40,4331.9,9252.3,24.7,28.7,27.6,20.2,42.8,403.4,1544.4,1947.8,1063.3,328.9,219.2,576.7,825.1,4800.6,30.5,2.9,29.2,0.0,0.5121951219512195
1,2022,LAL,33,49,4471.6,9416.6,25.3,29.0,29.5,18.7,39.5,422.3,1526.0,1948.3,1063.3,338.0,229.5,615.1,893.2,4963.7,30.6,-679.9,42.1,5.0,0.4024390243902439
1,2022,MEM,56,26,4435.0,10346.3,24.9,28.2,28.0,19.1,39.6,625.9,1551.4,2177.3,1150.7,432.0,288.4,552.4,874.8,5119.2,29.9,1258.2,24.8,0.6,0.6829268292682927
1,2022,MIA,53,29,4249.6,9218.9,25.2,29.5,28.7,20.5,43.6,435.8,1500.1,1935.9,1128.6,327.2,143.1,609.7,906.7,4871.9,31.5,985.5,41.0,1.7,0.6463414634146342
1,2022,MIL,51,31,4413.3,9644.6,25.3,29.5,29.4,19.8,41.9,453.6,1615.7,2069.3,1058.4,336.4,176.0,564.8,807.3,5113.8,31.3,723.6,50.2,1.2,0.6219512195121951
1,2022,MIN,46,36,4458.9,9853.5,24.7,29.1,29.2,19.3,42.0,497.3,1458.0,1955.3,1137.2,389.3,248.4,608.0,964.4,5133.8,30.9,583.2,38.9,0.3,0.5609756097560976
1,2022,NO,36,46,4293.2,9400.3,24.7,27.9,28.5,17.9,42.6,529.7,1472.0,2001.8,1105.4,367.2,177.1,588.1,870.5,4839.5,30.1,-218.7,48.1,0.0,0.43902439024390244
1,2022,NY,37,45,4233.3,9115.1,23.6,27.7,26.8,19.3,40.2,508.7,1533.6,2042.3,968.2,307.8,215.5,549.2,902.9,4714.7,29.7,-27.0,35.6,1.2,0.45121951219512196
1,2022,OKC,24,58,4364.2,8986.8,23.2,26.8,27.4,17.4,40.8,461.2,1559.0,2020.1,983.9,335.9,205.2,588.6,808.4,4593.2,28.6,-1791.7,26.5,1.7,0.2926829268292683
1,2022,ORL,22,60,4388.0,8929.8,23.4,27.1,27.4,17.9,42.5,402.8,1557.9,1960.7,1051.4,299.7,198.2,611.3,870.5,4615.4,29.1,-1769.6,41.0,0.0,0.2682926829268293
1,2022,PHI,51,31,4254.2,9320.9,25.1,28.8,28.5,19.6,44.3,377.5,1494.7,1872.2,1053.5,341.3,232.7,522.2,858.1,4868.1,31.2,576.7,42.7,1.5,0.6219512195121951
1,2022,PHO,64,18,4400.2,9908.4,26.2,29.6,29.8,19.7,43.0,432.5,1573.0,2005.6,1211.8,379.1,193.9,546.5,881.8,5084.6,31.4,1660.5,50.2,0.6,0.7804878048780488
1,2022,POR,27,55,4328.4,9003.4,23.9,27.8,27.7,18.7,41.0,461.2,1436.9,1898.1,1015.2,354.8,197.6,605.9,933.1,4703.9,29.7,-1965.6,30.8,0.0,0.32926829268292684
1,2022,SA,34,48,4432.1,9838.3,25.2,28.5,28.5,19.1,40.7,486.5,1519.6,2006.1,1235.5,338.0,217.6,544.3,800.8,5010.7,30.1,24.3,44.8,3.8,0.4146341463414634
1,2022,SAC,30,52,4413.3,9173.2,24.8,28.4,28.6,18.6,41.5,422.8,1478.0,1900.8,1049.2,317.5,199.3,599.4,838.1,4884.3,30.3,-1211.2,35.1,0.0,0.36585365853658536
1,2022,TOR,48,34,4254.6,9404.0,24.0,27.5,27.2,18.8,41.0,591.8,1415.3,2007.2,976.9,398.5,202.5,515.7,867.8,4843.8,29.3,509.8,40.0,0.9,0.5853658536585366
1,2022,UTA,49,33,4277.2,9466.7,25.4,30.0,30.7,19.4,41.4,477.4,1574.6,2052.0,991.4,317.5,217.1,582.7,835.4,5030.6,31.8,1336.5,43.2,0.0,0.5975609756097561
1,2022,WAS,35,47,4305.8,9204.8,25.5,28.7,29.3,18.5,42.3,398.0,1510.9,1908.9,1108.1,281.9,219.2,560.0,834.3,4809.8,30.7,-749.0,33.5,0.6,0.4268292682926829
1,2023,ATL,41,41,10397.6,22734.0,60.7,67.9,68.8,44.2,102.7,1155.5,3415.1,4570.6,2573.5,728.5,503.7,1272.3,1935.5,12197.0,72.7,150.7,139.4,1.6,0.5
1,2023,BKN,45,37,10072.2,22037.7,61.2,70.6,70.2,47.5,100.5,846.5,3325.9,4172.4,2628.8,734.8,635.5,1327.6,2172.9,11674.5,75.1,420.8,72.8,4.7,0.5487804878048781
1,2023,BOS,57,25,10228.1,22946.4,59.7,71.1,71.2,47.4,102.0,999.8,3668.8,4668.6,2745.6,654.4,540.1,1310.0,1936.8,12146.8,75.4,3363.6,92.9,3.2,0.6951219512195121
1,2023,CHA,27,55,10406.0,22068.2,57.4,64.8,66.3,41.4,94.1,1131.7,3454.0,4585.7,2589.9,796.3,533.8,1406.7,2086.2,11427.1,69.1,-3210.3,96.7,4.7,0.32926829268292684
1,2023,CHI,40,42,10186.0,21905.4,61.5,69.1,69.7,45.3,101.6,871.7,3490.4,4362.1,2519.5,808.9,466.0,1308.8,1948.1,11650.7,73.7,665.7,90.4,1.6,0.4878048780487805
1,2023,CLE,51,31,9861.1,21647.5,61.3,69.8,70.2,46.1,98.0,998.5,3232.9,4231.5,2568.5,736.0,482.3,1281.1,1959.4,11561.5,74.1,2758.2,109.3,0.0,0.6219512195121951
1,2023,DAL,38,44,10007.3,20952.8,59.7,71.0,72.1,46.6,94.8,785.0,3210.3,3995.3,2361.3,645.6,381.8,1202.0,2131.4,11763.7,75.2,49.0,70.3,13.8,0.4634146341463415
1,2023,DEN,53,29,10079.6,22755.5,63.3,72.0,72.2,47.6,94.3,1040.0,3389.9,4429.9,2974.2,776.2,462.2,1424.3,1915.4,11925.7,75.5,1717.0,106.8,38.9,0.6463414634146342
1,2023,DET,17,65,10204.2,20877.2,57.0,65.3,64.8,44.1,96.8,1150.5,3220.4,4370.9,2366.3,720.9,386.8,1493.4,2277.1,11360.5,70.5,-4232.7,85.4,0.0,0.2073170731707317
1,2023,GS,44,38,10476.1,23040.8,60.2,71.7,70.8,48.4,99.7,1086.4,3508.0,4594.4,3072.2,737.3,405.7,1616.5,2206.8,12249.8,75.4,929.4,60.3,1.6,0.5365853658536586
1,2023,HOU,22,60,10165.6,21438.0,57.4,64.8,66.6,41.1,94.7,1381.6,3384.9,4766.5,2304.8,753.6,469.7,1591.4,2108.8,11405.7,69.6,-4045.6,82.9,4.7,0.2682926829268293
1,2023,IND,35,47,10366.6,22612.9,58.9,68.5,67.8,46.1,99.2,1045.0,3234.2,4279.2,2779.5,792.5,600.4,1453.2,2186.7,11976.0,73.0,-1640.3,100.5,1.6,0.4268292682926829
1,2023,LAC,44,38,10100.4,21709.3,59.9,69.2,67.7,47.9,98.1,1008.6,3444.0,4452.5,2460.5,728.5,457.2,1394.2,2007.1,11698.4,73.9,255.0,70.3,1.6,0.5365853658536586
1,2023,LAL,43,39,10480.7,22504.5,60.5,68.1,69.7,43.5,97.3,1027.4,3680.1,4707.5,2602.4,660.7,474.8,1386.6,1841.3,12067.6,73.1,295.2,121.8,9.5,0.524390243902439
1,2023,MEM,51,31,10391.7,23390.6,59.7,67.8,68.8,44.1,92.1,1240.9,3560.8,4801.7,2681.6,854.1,594.1,1331.4,2063.6,12041.3,71.6,2028.4,86.7,10.0,0.6219512195121951
1,2023,MIA,44,38,9904.6,20916.5,57.8,66.6,67.8,43.2,104.4,999.8,3181.4,4181.2,2455.5,822.7,305.2,1315.0,1904.1,11275.1,72.1,-185.9,71.6,3.2,0.5365853658536586
1,2023,MIL,58,24,10375.7,22932.2,59.4,69.7,70.0,46.2,93.3,1148.0,3860.9,5008.9,2656.4,654.4,506.2,1428.1,1860.1,12043.8,73.2,1871.4,152.0,9.5,0.7073170731707317
1,2023,MIN,42,40,10420.5,22386.3,61.5,70.3,71.3,45.8,94.8,940.7,3373.6,4314.4,2694.1,825.2,557.7,1522.3,2220.6,11924.5,74.4,-12.6,95.5,4.7,0.5121951219512195
1,2023,NO,42,40,10229.8,22291.0,60.3,68.2,67.9,45.7,99.5,1087.7,3412.6,4500.2,2665.2,855.3,423.3,1443.1,2107.6,11778.8,73.1,970.9,82.9,3.2,0.5121951219512195
1,2023,NY,47,35,10058.7,22187.5,59.0,67.9,68.7,44.5,95.6,1294.9,3504.2,4799.2,2361.3,661.9,427.0,1240.9,2092.5,11949.6,72.5,1505.9,87.9,0.0,0.573170731707317
1,2023,OKC,40,42,10438.8,22537.4,58.4,66.7,66.6,44.7,101.6,1173.1,3322.1,4495.2,2514.5,849.1,428.3,1282.4,2162.8,12099.0,71.6,558.9,61.5,7.9,0.4878048780487805
1,2023,ORL,34,48,10213.2,21405.0,59.0,66.8,67.7,43.5,98.5,1046.2,3407.5,4453.8,2393.9,757.4,479.8,1479.6,2074.9,11474.8,72.0,-1317.5,65.3,0.0,0.4146341463414634
1,2023,PHI,54,28,9996.4,22062.5,61.2,70.6,69.2,48.6,104.9,898.0,3317.1,4215.1,2591.1,797.6,488.6,1321.3,2103.8,11866.7,76.4,2223.1,115.6,9.5,0.6585365853658537
1,2023,PHO,45,37,10089.7,22613.1,58.7,67.2,65.3,47.0,99.6,1219.6,3337.2,4556.8,2807.2,734.8,542.6,1325.1,2184.2,11704.7,71.6,1080.2,95.5,0.0,0.5487804878048781
1,2023,POR,33,49,10102.1,21350.1,59.5,69.0,69.1,45.8,100.0,972.1,3204.1,4176.2,2488.1,694.6,472.3,1406.7,2063.6,11679.5,74.0,-2066.1,70.3,3.2,0.4024390243902439
1,2023,SA,22,60,10497.4,21977.2,58.4,65.9,66.4,43.3,93.3,1210.8,3290.7,4501.5,2803.4,718.4,404.4,1517.2,2047.3,11641.9,69.6,-5167.2,51.5,3.2,0.2682926829268293
1,2023,SAC,48,34,10361.4,22674.2,62.0,71.8,73.6,46.3,99.2,982.2,3389.9,4372.1,2809.7,720.9,345.4,1351.5,2031.0,12431.9,76.4,1361.5,103.0,17.6,0.5853658536585366
1,2023,TOR,41,41,9999.9,22483.8,57.7,64.9,65.9,42.1,98.5,1310.0,3121.2,4431.2,2463.0,969.6,532.5,1155.5,2061.1,11623.0,69.7,759.9,99.2,6.3,0.5
1,2023,UTA,37,45,10364.7,22537.5,59.4,68.7,70.3,44.3,98.7,1215.8,3509.3,4725.1,2674.0,628.0,538.8,1534.8,2108.8,12057.6,73.4,-483.6,100.5,0.0,0.45121951219512196
1,2023,WAS,35,47,10125.2,22073.3,60.9,69.1,70.2,44.7,98.6,973.4,3521.8,4495.2,2616.2,704.6,532.5,1374.1,1933.0,11654.4,73.5,-619.2,76.6,1.6,0.4268292682926829
1,2024,ATL,36,46,2777.5,6182.2,15.7,18.3,18.1,12.3,26.9,346.1,892.0,1238.1,736.8,207.9,124.7,353.5,514.4,3279.6,19.5,-304.2,45.3,0.2,0.43902439024390244
1,2024,BKN,32,50,2681.1,5911.1,15.4,17.9,17.6,12.2,25.6,317.0,904.2,1221.2,710.5,187.9,143.3,341.4,512.4,3058.9,19.0,-399.9,19.3,0.0,0.3902439024390244
1,2024,BOS,64,18,2694.2,6429.5,16.5,19.5,19.4,13.1,27.3,296.1,988.0,1284.1,746.0,188.3,181.8,312.3,448.2,3341.8,20.6,1571.7,22.0,0.2,0.7804878048780488
1,2024,CHA,21,61,2680.9,5595.3,15.5,17.9,17.8,12.0,26.6,258.6,857.8,1116.4,687.2,190.0,125.4,360.0,497.5,2954.1,18.9,-1419.6,22.3,0.1,0.25609756097560976
1,2024,CHI,39,43,2688.0,5981.5,15.9,18.0,18.0,12.1,26.7,309.6,904.8,1214.4,692.2,215.6,133.2,323.5,520.9,3111.6,19.2,-199.4,27.7,0.0,0.47560975609756095
1,2024,CLE,48,34,2687.6,6039.5,16.2,18.8,19.0,12.4,25.9,272.8,926.8,1199.6,777.1,204.5,128.4,353.2,485.4,3121.8,19.8,333.6,29.7,0.1,0.5853658536585366
1,2024,DAL,50,32,2759.6,6082.4,16.3,19.0,19.2,12.5,25.6,269.4,920.7,1190.1,711.8,190.3,137.2,335.0,507.0,3266.4,20.0,304.5,25.4,2.4,0.6097560975609756
1,2024,DEN,57,25,2666.7,6263.2,16.8,19.0,19.0,12.6,25.8,297.8,933.9,1231.7,816.3,197.7,154.5,326.8,503.3,3183.3,19.9,728.4,37.2,2.9,0.6951219512195121
1,2024,DET,14,68,2759.3,5757.7,15.6,17.8,17.8,11.8,26.5,291.0,909.9,1200.9,705.7,179.5,129.8,405.9,570.5,3045.4,19.0,-1262.4,26.4,0.0,0.17073170731707318
1,2024,GS,46,36,2753.3,6296.9,16.1,18.8,18.5,12.8,26.4,336.6,957.9,1294.5,811.9,193.3,127.4,379.9,540.1,3264.1,19.8,363.4,15.5,0.1,0.5609756097560976
1,2024,HOU,41,41,2750.6,6058.6,15.5,17.9,17.9,11.9,26.1,317.7,942.0,1259.7,687.8,216.0,126.4,338.3,575.3,3168.8,19.1,158.9,30.8,0.5,0.5
1,2024,IND,47,35,2805.0,6488.6,17.1,19.5,19.9,12.6,26.4,279.5,871.4,1150.9,852.4,213.3,162.6,340.0,593.5,3417.2,20.5,423.2,30.8,0.2,0.573170731707317
1,2024,LAC,51,31,2677.1,6069.5,16.5,19.0,18.8,12.9,27.9,277.8,912.9,1190.8,708.8,216.3,139.6,339.0,513.4,3204.6,20.2,445.8,23.0,0.6,0.6219512195121951
1,2024,LAL,47,35,2803.8,6235.1,16.9,19.1,19.2,12.7,26.4,228.5,966.3,1194.8,790.9,204.5,153.1,371.8,433.7,3271.5,20.3,76.0,39.9,0.9,0.573170731707317
1,2024,MEM,27,55,2714.3,5776.2,14.7,17.2,17.0,11.7,25.8,302.8,878.1,1181.0,684.4,227.5,169.3,394.1,528.3,2932.8,18.4,-970.1,11.8,0.0,0.32926829268292684
1,2024,MIA,46,36,2656.1,5811.1,15.7,18.2,17.8,12.5,27.6,258.9,913.3,1172.2,715.2,208.5,94.6,327.5,478.3,3052.8,19.5,244.7,21.3,0.3,0.5609756097560976
1,2024,MIL,49,33,2770.0,6182.5,16.5,19.2,19.4,12.6,26.2,260.9,963.3,1224.2,735.5,188.6,139.3,343.1,532.0,3297.5,20.3,367.4,33.5,1.3,0.5975609756097561
1,2024,MIN,56,26,2688.5,6092.6,16.4,18.9,18.5,13.1,26.3,260.3,948.8,1209.0,738.2,218.7,168.0,370.1,521.9,3131.2,20.1,894.0,32.4,0.0,0.6829268292682927
1,2024,NO,49,33,2696.8,6145.9,16.4,18.9,18.5,12.9,26.1,288.0,930.5,1218.5,747.0,231.2,127.8,344.1,509.7,3189.4,20.0,612.1,18.3,0.1,0.5975609756097561
1,2024,NY,50,32,2626.5,5943.3,15.7,18.3,17.9,12.5,26.4,351.2,900.8,1252.0,675.3,206.9,113.6,339.0,489.1,3126.2,19.4,635.4,22.6,0.8,0.6097560975609756
1,2024,OKC,57,25,2763.6,6358.4,16.9,19.4,19.2,13.1,27.9,244.0,921.0,1165.1,751.4,234.6,181.8,327.9,522.2,3328.3,20.6,1023.5,14.9,0.3,0.6951219512195121
1,2024,ORL,47,35,2678.3,5850.5,16.1,18.3,18.6,11.9,25.7,291.0,881.5,1172.5,683.8,226.1,143.0,381.9,546.9,3061.6,19.5,281.9,12.2,0.2,0.573170731707317
1,2024,PHI,47,35,2697.4,6128.9,15.7,18.0,17.7,12.3,27.9,306.2,884.2,1190.4,689.9,234.6,166.3,312.3,563.8,3176.2,19.4,422.5,23.0,0.2,0.573170731707317
1,2024,PHO,49,33,2717.4,6166.4,16.7,19.1,19.0,12.9,27.3,280.9,940.7,1221.5,749.7,206.2,166.3,390.7,498.6,3221.8,20.4,424.2,21.6,0.1,0.5975609756097561
1,2024,POR,21,61,2698.5,5593.6,14.8,17.0,16.7,11.7,26.7,350.2,834.5,1184.7,640.2,211.9,119.7,399.5,559.1,2948.0,18.2,-1250.6,23.0,0.0,0.25609756097560976
1,2024,SA,22,60,2806.5,6161.0,15.6,18.0,18.2,11.7,26.4,287.0,939.0,1225.9,827.8,197.4,175.8,404.9,477.9,3106.9,19.0,-899.1,23.7,0.3,0.2682926829268293
1,2024,SAC,46,36,2745.5,6177.8,16.1,18.8,19.0,12.4,25.2,300.1,919.0,1219.2,785.5,211.2,115.6,347.8,551.6,3230.6,19.7,241.7,32.4,3.0,0.5609756097560976
1,2024,TOR,25,57,2753.9,6035.4,15.9,18.1,18.4,11.7,25.6,301.2,881.2,1182.3,789.2,214.3,131.1,372.1,510.0,3114.0,19.1,-892.3,25.4,0.5,0.3048780487804878
1,2024,UTA,31,51,2755.8,6106.4,15.8,18.2,18.4,12.0,28.1,338.7,921.0,1259.7,754.4,181.5,154.8,415.1,514.8,3205.6,19.6,-679.4,24.0,0.1,0.3780487804878049
1,2024,WAS,15,67,2836.3,6004.8,15.9,18.2,18.5,11.8,25.8,255.2,883.2,1138.4,773.3,210.6,140.3,375.5,553.3,3152.5,19.2,-1287.8,24.3,0.1,0.18292682926829268
3,2016,ATL,4,6,1550.4,3285.9,69.6,79.8,79.5,53.3,128.4,143.7,571.7,715.4,365.0,119.5,122.7,221.3,326.2,1616.6,86.1,-80.8,11.3,0.0,0.4
3,2016,BOS,2,4,962.4,1860.8,62.0,69.8,71.5,44.4,126.9,103.4,342.4,445.7,203.5,61.4,63.0,137.3,213.2,909.2,76.7,-323.0,10.4,0.0,0.3333333333333333
3,2016,CHA,3,4,1018.2,1860.6,64.0,69.8,68.3,49.7,135.5,80.8,335.9,416.7,153.4,64.6,37.1,93.7,197.0,1020.7,79.8,-500.6,2.6,0.0,0.42857142857142855
3,2016,CLE,16,5,2976.0,6818.2,75.7,87.9,81.7,65.6,117.1,363.4,1104.7,1468.0,720.3,263.2,143.7,390.8,665.4,3553.0,92.5,1461.6,42.0,5.2,0.7619047619047619
3,2016,DAL,1,4,738.7,1393.3,70.4,76.4,78.7,47.2,112.1,74.3,210.0,284.2,166.3,48.4,19.4,90.4,193.8,757.4,82.5,-734.8,5.2,0.0,0.2
3,2016,DET,0,4,555.4,1165.5,77.2,86.9,84.6,60.7,104.7,45.2,198.6,243.9,140.5,33.9,21.0,61.4,122.7,613.7,90.4,-274.6,13.0,0.0,0.0
3,2016,GS,15,9,3687.0,8108.4,73.5,85.4,79.5,63.6,118.7,405.4,1267.8,1673.1,941.5,308.5,211.6,526.5,851.1,4174.8,90.8,847.9,25.8,2.6,0.625
3,2016,HOU,1,4,789.5,1465.5,62.3,69.4,71.7,43.3,103.7,116.3,266.5,382.8,145.4,67.8,33.9,151.8,206.7,736.4,75.4,-759.0,11.3,0.0,0.2
3,2016,IND,3,4,994.5,2043.8,71.2,80.1,74.9,61.9,132.4,103.4,340.8,444.1,205.1,85.6,63.0,153.4,251.9,1059.4,88.7,80.8,10.4,0.0,0.42857142857142855
3,2016,LAC,2,4,901.5,1920.1,70.6,76.1,77.7,47.0,100.9,109.8,337.5,447.4,176.0,82.4,45.2,88.8,198.6,952.8,81.1,48.4,15.6,0.0,0.3333333333333333
3,2016,MEM,0,4,568.1,1057.2,63.6,68.6,67.2,48.8,113.0,88.8,174.4,263.2,106.6,51.7,25.8,96.9,138.9,523.3,73.5,-710.6,7.8,0.0,0.0
3,2016,MIA,7,7,2060.2,4181.7,74.0,80.8,78.8,58.1,123.5,205.1,794.6,999.7,369.8,122.7,134.0,276.2,479.7,2189.9,87.0,355.3,11.3,0.0,0.5
3,2016,OKC,11,7,2751.7,5995.7,73.0,80.9,81.1,53.8,126.9,363.4,1001.3,1364.7,595.9,224.5,156.7,390.8,591.1,3092.7,89.0,767.1,43.6,2.6,0.6111111111111112
3,2016,POR,5,6,1718.4,3590.6,67.2,78.2,70.4,61.5,119.5,229.3,616.9,846.3,382.8,109.8,69.4,222.9,416.7,1865.3,84.5,-226.1,17.8,0.0,0.45454545454545453
3,2016,SA,6,4,1468.4,3280.9,75.9,83.8,78.0,69.0,129.2,127.6,510.3,637.9,344.0,147.0,113.0,168.0,293.9,1647.3,90.1,734.8,10.4,0.0,0.6
3,2016,TOR,10,10,2902.6,5672.5,68.0,74.8,75.7,48.1,119.0,348.8,954.5,1303.3,507.1,242.2,117.9,389.2,705.8,3016.8,81.9,-686.4,19.4,0.0,0.5
3,2017,ATL,2,4,902.8,1807.1,68.3,75.9,78.5,46.9,117.6,104.7,304.7,409.4,206.2,55.4,32.3,143.1,197.0,974.2,83.4,-53.9,10.8,0.0,0.3333333333333333
3,2017,BOS,9,9,2598.8,5589.5,70.3,82.0,79.9,56.6,119.0,260.1,789.5,1049.6,746.4,213.9,113.9,360.1,575.6,2914.9,87.1,-400.1,14.2,0.0,0.5
3,2017,CHI,2,4,842.2,1784.9,67.9,74.5,76.5,46.2,130.7,113.9,315.5,429.4,184.7,66.2,49.2,129.3,169.3,891.1,81.6,-315.5,7.1,0.0,0.3333333333333333
3,2017,CLE,13,5,2666.2,5859.1,75.9,89.1,83.7,64.6,118.0,255.5,911.1,1166.6,611.0,206.2,132.4,354.0,520.2,3219.6,94.5,1100.4,33.9,7.1,0.7222222222222222
3,2017,GS,16,1,2615.4,6087.7,76.0,87.3,86.0,59.4,125.4,243.2,954.2,1197.3,738.7,227.8,161.6,357.0,569.4,3121.1,93.6,1769.8,24.6,4.7,0.9411764705882353
3,2017,HOU,6,5,1635.6,3388.7,67.6,79.0,80.8,51.2,121.4,167.8,558.7,726.4,330.9,130.8,78.5,221.6,354.0,1823.7,86.0,100.0,13.9,2.4,0.5454545454545454
3,2017,IND,0,4,579.7,1256.7,71.7,81.4,77.3,60.2,118.0,72.3,186.2,258.6,138.5,49.2,23.1,75.4,140.0,669.5,86.6,-123.1,9.5,0.0,0.0
3,2017,LAC,3,4,957.7,1899.6,72.8,81.1,81.3,53.6,107.1,83.1,323.2,406.3,198.5,67.7,26.2,126.2,218.5,1052.7,85.9,-67.7,16.9,0.0,0.42857142857142855
3,2017,MEM,2,4,798.7,1591.5,69.1,78.5,73.6,59.4,133.7,70.8,257.0,327.8,173.9,47.7,24.6,97.0,204.7,889.5,86.2,-384.8,9.5,0.0,0.3333333333333333
3,2017,MIL,2,4,829.2,1698.3,68.3,77.1,70.2,63.4,107.1,78.5,275.5,354.0,195.5,75.4,44.6,120.0,197.0,860.3,81.7,-30.8,7.1,0.0,0.3333333333333333
3,2017,OKC,1,4,753.2,1600.7,68.0,75.4,77.0,47.9,106.0,93.9,241.6,335.5,152.4,64.6,67.7,97.0,170.8,801.8,80.8,-330.9,11.8,7.1,0.2
3,2017,POR,0,4,628.0,1149.2,61.1,70.5,67.6,50.2,123.7,61.6,209.3,270.9,97.0,43.1,29.2,90.8,133.9,624.8,78.0,-554.0,2.4,0.0,0.0
3,2017,SA,8,8,2308.4,5062.5,71.1,78.8,78.0,53.9,119.0,312.4,780.3,1092.7,524.8,190.8,120.0,293.9,461.7,2636.3,85.0,123.1,16.9,0.0,0.5
3,2017,TOR,4,6,1423.8,2848.4,68.3,75.9,75.6,51.1,125.1,106.2,500.2,606.4,301.6,113.9,69.3,186.2,321.7,1488.2,83.3,-438.6,10.8,0.0,0.4
3,2017,UTA,4,7,1546.3,3128.0,70.0,79.3,76.8,56.2,112.7,113.9,547.9,661.8,334.0,124.7,55.4,183.1,357.0,1656.0,85.0,-400.1,10.8,0.0,0.36363636363636365
3,2017,WAS,7,6,1938.0,4201.2,70.3,77.9,79.7,48.8,122.2,223.2,637.1,860.3,455.5,158.5,133.9,261.6,460.2,2162.3,84.5,0.0,26.2,0.0,0.5384615384615384
3,2018,BOS,11,8,2026.4,4221.2,49.9,57.3,56.3,39.2,87.7,192.0,714.4,906.4,460.6,148.6,89.2,234.3,443.5,2201.4,61.8,74.3,13.7,0.0,0.5789473684210527
3,2018,CLE,12,10,2304.4,4736.9,51.4,58.5,59.4,37.8,86.0,245.7,793.2,1039.0,483.5,149.7,110.9,299.5,491.5,2543.2,62.9,-217.2,29.7,5.2,0.5454545454545454
3,2018,GS,16,5,2311.0,5247.7,54.7,62.3,62.9,40.8,94.0,220.6,860.7,1081.3,626.4,188.6,139.4,296.0,473.2,2650.6,66.4,1200.2,19.4,2.6,0.7619047619047619
3,2018,HOU,11,6,1846.9,3902.4,49.8,58.8,59.7,38.5,88.2,170.3,665.2,835.5,365.8,157.7,106.3,216.0,371.5,2039.1,63.1,177.2,19.4,0.0,0.6470588235294118
3,2018,IND,3,4,719.1,1516.8,55.0,62.0,62.2,40.9,81.3,65.2,254.9,320.0,169.2,64.0,21.7,97.2,174.9,804.7,64.8,228.6,6.5,1.3,0.42857142857142855
3,2018,MIA,1,4,568.8,1164.4,50.4,57.8,53.3,44.7,77.5,56.0,179.5,235.5,136.0,50.3,36.6,86.9,166.9,590.9,61.8,-308.6,2.6,0.0,0.2
3,2018,MIL,3,4,743.0,1563.6,57.2,64.2,64.2,42.5,80.6,44.6,264.0,308.6,176.0,52.6,54.9,100.6,182.9,815.0,66.9,-22.9,3.9,0.0,0.42857142857142855
3,2018,MIN,1,4,539.9,1107.8,52.6,58.6,54.5,47.2,83.2,49.1,209.2,258.3,128.0,28.6,18.3,68.6,104.0,580.6,62.8,-251.5,3.9,0.0,0.2
3,2018,NO,5,4,1053.8,2239.4,54.5,60.8,60.0,41.8,89.4,82.3,387.5,469.8,276.6,83.4,53.7,145.2,198.9,1131.6,64.2,-40.0,19.4,1.3,0.5555555555555556
3,2018,OKC,2,4,666.8,1308.5,49.1,55.9,52.8,41.6,88.2,64.0,237.7,301.8,112.0,60.6,28.6,93.7,148.6,693.8,60.4,-148.6,10.5,0.0,0.3333333333333333
3,2018,PHI,5,5,1117.9,2486.0,49.9,56.3,55.5,38.6,86.9,153.2,412.6,565.8,294.9,89.2,49.1,155.4,260.6,1243.6,61.6,220.6,17.1,1.3,0.5
3,2018,POR,0,4,450.1,894.7,51.8,58.4,59.3,38.1,88.9,51.4,147.4,198.9,86.9,37.7,17.1,66.3,93.7,482.3,61.6,-205.7,3.9,0.0,0.0
3,2018,SA,1,4,530.6,1035.7,47.2,52.9,53.8,34.1,95.4,48.0,166.9,214.9,108.6,43.4,17.1,59.4,116.6,553.2,58.9,-251.5,5.2,0.0,0.2
3,2018,TOR,4,6,1087.4,2263.4,54.1,61.3,58.6,44.6,91.3,107.4,350.9,458.3,249.2,65.2,69.7,156.6,258.3,1226.4,66.1,-251.5,11.4,0.0,0.4
3,2018,UTA,5,6,1222.6,2474.0,52.1,59.4,58.3,41.0,78.5,117.7,448.1,565.8,254.9,94.9,62.9,189.7,258.3,1287.0,62.8,-137.2,16.0,1.3,0.45454545454545453
3,2018,WAS,2,4,661.4,1397.9,53.3,58.6,57.2,41.8,97.2,58.3,216.0,274.3,160.0,53.7,35.4,84.6,144.0,734.9,64.2,-68.6,7.8,0.0,0.3333333333333333
3,2019,BKN,1,4,554.8,1045.0,44.8,51.3,50.9,34.6,86.2,59.8,155.8,215.5,102.4,40.5,14.9,72.6,121.6,594.3,57.1,-293.4,2.3,0.0,0.2
3,2019,BOS,5,4,952.1,1892.3,45.2,52.4,50.8,36.6,85.7,71.5,387.3,458.8,205.9,56.6,36.3,133.4,199.5,980.6,57.5,-69.4,10.7,0.0,0.5555555555555556
3,2019,DEN,7,7,1417.7,3195.2,47.3,52.9,51.9,36.7,83.4,195.3,517.5,712.8,358.5,85.4,69.4,137.6,318.0,1630.4,57.5,138.7,18.1,4.6,0.5
3,2019,DET,0,4,429.0,835.2,41.4,47.4,44.5,35.3,77.6,45.9,134.4,180.3,98.2,30.9,17.1,42.7,103.5,418.3,50.3,-506.8,4.6,0.0,0.0
3,2019,GS,14,8,2306.9,5172.9,50.9,58.5,57.7,39.7,86.7,237.9,778.9,1016.9,666.9,173.9,133.4,341.4,545.2,2679.2,62.8,394.8,20.3,8.0,0.6363636363636364
3,2019,HOU,6,5,1139.8,2349.4,47.4,57.3,55.9,39.1,81.5,113.1,390.5,503.6,214.5,100.3,59.8,170.7,253.9,1274.0,61.2,186.7,16.0,1.1,0.5454545454545454
3,2019,IND,0,4,402.9,782.9,42.8,49.2,46.6,35.9,76.8,34.1,137.6,171.8,88.6,35.2,14.9,48.0,85.4,391.6,52.9,-160.0,0.0,0.0,0.0
3,2019,LAC,2,4,653.7,1344.6,47.7,54.6,52.6,38.7,87.0,64.0,193.1,257.1,162.2,51.2,21.3,86.4,160.0,734.1,60.1,-314.8,8.0,0.0,0.3333333333333333
3,2019,MIL,10,5,1615.2,3622.8,48.1,55.8,57.3,35.9,77.8,162.2,669.0,831.2,400.1,106.7,102.4,198.5,348.9,1805.4,59.8,704.2,17.1,0.0,0.6666666666666666
3,2019,OKC,1,4,531.1,1065.6,46.9,53.4,53.6,35.3,80.7,54.4,176.1,230.5,120.6,35.2,28.8,81.1,129.1,561.2,57.7,-154.7,6.8,2.3,0.2
3,2019,ORL,1,4,509.3,951.7,41.4,48.1,48.2,31.9,82.7,51.2,180.3,231.5,101.4,35.2,21.3,82.2,100.3,490.8,52.9,-384.1,2.3,0.0,0.2
3,2019,PHI,7,5,1257.4,2704.7,49.0,55.0,55.7,35.3,84.3,146.2,474.8,621.0,312.6,81.1,69.4,201.7,287.0,1391.4,59.6,192.1,13.9,1.1,0.5833333333333334
3,2019,POR,8,8,1686.7,3500.4,46.5,53.6,51.1,38.4,81.7,195.3,576.2,771.4,337.2,117.4,87.5,213.4,388.4,1872.6,57.7,-117.4,12.8,0.0,0.5
3,2019,SA,3,4,682.9,1481.2,49.4,53.7,53.5,36.1,82.2,80.0,257.1,337.2,157.9,34.1,29.9,59.8,145.1,771.4,57.8,-69.4,6.8,0.0,0.42857142857142855
3,2019,TOR,16,8,2465.0,5247.0,47.4,55.0,54.6,36.9,88.6,211.3,871.7,1083.0,577.2,205.9,117.4,294.5,579.4,2729.4,59.9,698.9,20.3,0.0,0.6666666666666666
3,2019,UTA,1,4,522.9,1085.9,42.7,48.4,53.1,28.1,80.0,63.0,188.9,251.8,122.7,49.1,28.8,77.9,116.3,521.8,53.5,-245.4,9.1,0.0,0.2
3,2020,BKN,0,4,178.2,349.8,17.2,20.9,19.9,14.6,31.3,16.0,60.6,76.6,44.6,3.7,3.4,25.1,36.8,183.2,22.4,-177.5,0.9,0.0,0.0
3,2020,BOS,10,7,718.6,1528.2,19.7,22.9,23.3,14.8,35.3,64.5,268.5,333.0,166.7,49.4,35.9,97.0,164.1,804.9,24.8,185.3,3.2,0.2,0.5882352941176471
3,2020,DAL,2,4,269.1,542.7,20.5,23.8,24.0,15.6,31.3,19.9,92.2,112.1,55.9,16.9,4.1,32.5,58.5,304.0,25.1,-125.6,0.6,0.4,0.3333333333333333
3,2020,DEN,9,10,771.1,1620.5,20.4,23.6,22.9,16.4,35.3,76.2,258.1,334.3,185.3,50.7,32.5,108.7,184.5,883.8,25.3,-93.1,2.6,0.2,0.47368421052631576
3,2020,HOU,5,7,512.5,1030.6,18.9,23.1,22.8,15.7,34.5,34.6,167.1,201.8,110.8,47.2,18.2,68.0,115.2,559.4,24.6,19.9,1.5,0.0,0.4166666666666667
3,2020,IND,0,4,166.2,334.8,19.7,22.9,22.0,16.2,33.7,4.3,53.3,63.2,39.0,16.0,4.1,25.1,40.3,174.5,24.5,-90.9,0.7,0.0,0.0
3,2020,LAC,7,6,552.9,1173.4,20.5,23.5,23.3,15.9,34.6,53.3,194.4,247.7,119.1,41.6,20.8,68.8,129.0,641.7,25.3,119.1,2.1,0.0,0.5384615384615384
3,2020,LAL,16,5,876.9,1968.5,21.2,24.3,25.2,15.3,32.8,96.1,304.8,401.0,233.0,73.2,48.5,131.2,206.1,1025.8,25.8,311.8,13.4,0.9,0.7619047619047619
3,2020,MEM,0,1,45.1,99.5,21.2,24.5,20.0,24.2,35.4,2.2,16.0,21.2,13.0,0.9,1.1,3.4,10.8,52.8,26.0,-8.7,0.2,0.0,0.0
3,2020,MIA,14,7,875.5,1874.5,19.9,23.3,23.2,15.5,35.7,70.6,305.3,375.8,226.5,62.8,35.1,112.1,180.6,1000.2,25.4,90.9,3.2,0.4,0.6666666666666666
3,2020,MIL,5,5,437.0,917.6,19.9,23.3,23.2,15.5,31.3,40.7,161.9,202.6,105.2,30.7,18.6,63.2,94.0,481.1,24.6,26.0,2.4,0.0,0.5
3,2020,OKC,3,4,306.1,585.5,18.6,21.6,21.9,14.2,33.5,27.3,123.8,151.1,54.1,16.0,12.1,48.5,52.0,315.2,23.5,-97.4,1.1,0.2,0.42857142857142855
3,2020,ORL,1,4,224.9,433.6,18.1,21.9,19.7,16.2,36.3,14.3,78.8,93.1,51.5,14.7,3.0,30.3,45.5,231.7,23.6,-99.6,0.9,0.0,0.2
3,2020,PHI,0,4,163.6,328.2,17.1,19.1,20.3,11.4,35.2,21.6,58.5,80.1,30.3,3.7,3.4,20.4,38.5,174.1,22.1,-101.8,1.3,0.0,0.0
3,2020,POR,2,4,264.9,511.4,18.6,21.6,20.0,16.4,34.9,25.1,84.4,109.5,47.2,21.2,10.8,40.3,62.4,285.3,23.9,-106.1,1.1,0.0,0.3333333333333333
3,2020,TOR,7,4,478.0,1013.5,19.1,22.7,22.0,15.7,33.7,39.0,173.6,212.6,118.2,33.8,26.0,59.3,107.0,520.9,24.2,97.4,2.2,0.0,0.6363636363636364
3,2020,UTA,3,4,278.8,613.4,21.1,25.2,23.5,18.2,33.5,28.1,96.6,124.7,65.0,18.6,4.1,33.8,57.6,343.8,26.7,52.0,0.9,0.0,0.42857142857142855
3,2021,ATL,10,8,618.2,1271.1,16.0,18.4,18.5,12.2,28.5,58.5,213.8,272.4,129.9,43.2,28.2,76.4,136.4,682.9,19.8,-48.2,2.7,0.0,0.5555555555555556
3,2021,BKN,7,5,411.5,903.5,16.9,19.7,19.1,13.6,31.0,35.3,147.1,182.4,96.7,30.3,21.4,46.1,90.7,482.0,21.1,135.7,1.7,0.3,0.5833333333333334
3,2021,BOS,2,4,205.2,451.2,15.3,17.9,17.5,12.3,29.6,27.8,63.9,91.7,44.6,14.3,14.3,25.3,43.6,242.4,19.8,-67.8,0.4,0.0,0.3333333333333333
3,2021,CHA,0,1,39.7,76.1,16.3,18.6,20.5,10.7,27.1,0.9,10.4,12.9,3.3,1.0,0.8,1.8,1.8,41.8,19.9,-48.2,0.0,0.0,0.0
3,2021,DAL,3,4,227.4,477.1,16.2,19.1,17.9,13.9,25.2,25.7,75.7,101.4,51.8,13.9,1.9,25.7,50.7,264.9,20.0,-64.3,0.9,0.1,0.42857142857142855
3,2021,DEN,4,6,349.6,766.4,16.3,19.1,18.2,13.6,27.2,42.1,113.9,156.0,88.9,21.8,15.4,38.2,72.8,409.8,20.2,-98.2,1.1,0.1,0.4
3,2021,GS,0,2,72.7,149.0,15.9,18.6,17.0,14.2,27.5,2.5,26.4,33.6,17.5,1.9,1.9,14.6,15.7,75.7,19.7,-14.3,0.3,0.1,0.0
3,2021,IND,1,1,79.5,174.7,17.2,19.8,18.8,14.6,29.7,2.7,26.1,33.6,23.2,2.0,1.1,10.7,14.3,92.5,20.9,0.0,0.4,0.1,0.5
3,2021,LAC,10,9,622.8,1388.8,17.0,20.0,19.8,13.6,29.4,60.0,219.6,279.5,141.0,46.1,28.6,64.3,132.1,756.8,21.6,137.4,2.3,0.0,0.5263157894736842
3,2021,LAL,3,4,234.3,483.4,14.7,16.9,17.2,10.8,27.6,27.1,82.8,110.0,51.1,19.6,11.1,32.1,50.3,245.6,18.5,-64.3,1.0,0.1,0.42857142857142855
3,2021,MEM,3,4,249.4,536.9,16.3,18.3,18.2,12.3,27.2,29.6,80.7,110.3,53.6,20.7,13.2,26.4,51.8,282.7,19.5,-58.9,0.9,0.0,0.42857142857142855
3,2021,MIA,0,4,144.4,269.5,14.1,16.5,15.5,12.0,27.3,12.9,47.5,60.3,30.7,10.4,1.8,19.6,29.3,139.9,17.8,-146.4,0.4,0.1,0.0
3,2021,MIL,16,7,797.5,1767.3,16.5,18.7,19.6,11.5,25.6,105.3,296.3,401.6,187.4,64.3,34.6,99.2,147.4,905.7,19.6,210.6,11.4,0.1,0.6956521739130435
3,2021,NY,1,4,166.1,332.3,14.2,16.4,15.4,12.2,29.2,20.7,61.8,82.5,33.2,10.4,1.8,20.3,35.3,173.1,18.1,-62.5,0.8,0.0,0.2
3,2021,PHI,7,5,427.1,956.7,17.7,20.0,19.5,14.0,24.5,38.6,152.8,191.4,106.7,34.3,26.4,52.5,98.5,498.0,21.0,160.6,1.8,0.1,0.5833333333333334
3,2021,PHO,14,8,741.5,1609.8,17.2,19.5,19.2,13.4,30.7,62.5,272.7,335.2,182.4,50.7,32.8,89.2,154.9,856.1,20.9,174.9,3.1,0.1,0.6363636363636364
3,2021,POR,2,4,209.7,457.1,17.0,20.2,18.7,14.7,30.5,20.0,69.3,89.2,48.9,11.1,11.8,25.0,49.6,256.0,21.7,-14.3,1.3,0.0,0.3333333333333333
3,2021,SA,0,1,34.8,74.3,12.5,14.0,12.4,13.0,29.7,1.9,14.3,19.6,2.5,0.6,0.9,1.0,2.8,34.3,16.0,-7.1,0.4,0.1,0.0
3,2021,UTA,6,5,374.6,798.7,16.9,20.7,19.2,14.7,28.6,36.8,129.6,166.4,77.1,20.3,16.4,49.3,84.6,459.1,22.0,-16.1,1.8,0.0,0.5454545454545454
3,2021,WAS,2,5,257.1,528.4,16.9,18.3,19.1,10.9,27.3,26.1,87.5,113.5,58.2,12.9,15.0,33.6,61.0,282.7,19.8,-108.9,1.3,0.3,0.2857142857142857
3,2022,ATL,3,4,1130.2,2208.0,78.1,90.5,92.3,58.5,134.1,110.3,386.9,497.2,235.9,66.2,35.6,178.2,257.9,1232.0,97.2,-212.1,11.5,0.0,0.42857142857142855
3,2022,BKN,1,4,802.2,1745.9,86.5,98.6,96.4,68.0,122.9,74.7,229.1,303.8,207.0,69.6,59.4,122.2,201.9,935.0,103.5,-93.3,5.8,0.0,0.2
3,2022,BOS,14,10,3851.2,8354.3,76.2,90.5,86.7,63.3,135.3,366.6,1381.4,1747.9,997.8,261.3,254.6,570.2,843.4,4298.5,97.4,729.7,30.5,0.0,0.5833333333333334
3,2022,CHA,0,1,172.6,317.7,64.1,75.3,72.8,53.8,128.8,18.7,50.9,69.6,37.3,11.5,11.5,23.8,40.7,174.8,84.8,-246.1,0.0,0.0,0.0
3,2022,CHI,1,4,847.9,1628.3,68.6,78.2,82.6,48.0,141.4,69.6,303.8,373.3,195.2,66.2,27.2,106.9,157.8,807.8,83.7,-619.4,11.9,0.0,0.2
3,2022,CLE,0,2,321.8,668.1,76.5,87.2,85.7,60.2,142.2,30.5,98.4,129.0,83.2,28.8,10.2,44.1,69.6,354.7,93.5,-110.3,2.9,0.0,0.0
3,2022,DAL,9,9,2806.5,5788.3,76.2,92.7,88.4,64.5,130.8,198.5,916.4,1114.9,585.5,218.9,86.5,286.8,644.9,3248.1,99.1,110.3,18.7,0.0,0.5
3,2022,DEN,1,4,814.2,1723.0,80.8,92.1,93.2,60.6,134.7,95.0,259.6,354.7,212.1,59.4,28.8,130.7,212.1,933.4,99.4,-339.4,10.2,0.0,0.2
3,2022,GS,16,6,3593.9,8086.2,81.5,95.4,95.2,63.6,130.0,366.6,1271.1,1637.6,1008.0,288.5,185.0,514.2,804.4,4176.3,100.1,941.8,23.8,0.0,0.7272727272727273
3,2022,LAC,0,2,318.4,645.4,71.8,85.4,81.1,59.7,116.9,32.2,110.3,142.5,66.2,20.4,13.6,40.7,83.2,347.9,91.5,-76.4,0.0,0.0,0.0
3,2022,MEM,6,6,2058.3,4538.8,73.8,86.0,81.5,61.9,124.7,251.2,678.8,930.0,512.5,186.7,123.9,257.9,422.6,2291.0,92.5,246.1,20.4,2.9,0.5
3,2022,MIA,11,7,2854.3,6054.2,75.5,86.4,91.0,53.1,136.4,298.7,953.7,1252.4,668.6,254.6,110.3,364.9,655.0,3183.6,93.3,585.5,22.1,0.0,0.6111111111111112
3,2022,MIL,7,5,1990.3,4141.0,74.2,84.5,85.0,55.5,124.1,200.2,828.1,1028.4,424.2,129.0,93.3,266.4,390.3,2092.4,89.8,152.7,28.8,2.9,0.5833333333333334
3,2022,MIN,3,4,1197.5,2456.9,75.0,89.1,81.8,66.2,131.7,91.6,398.8,490.4,264.7,98.4,83.2,188.4,317.3,1296.5,97.4,-237.6,10.2,0.0,0.42857142857142855
3,2022,NO,4,4,1259.9,2782.6,80.8,89.4,89.6,59.4,126.8,196.9,449.7,646.6,293.6,74.7,52.6,176.5,297.0,1488.3,96.4,42.4,13.6,0.0,0.5
3,2022,PHI,6,6,1873.4,3890.0,78.9,92.5,90.6,63.1,144.1,156.1,639.8,795.9,442.9,122.2,88.2,278.3,419.2,2128.0,100.5,33.9,25.5,0.0,0.5
3,2022,PHO,7,6,2037.1,4460.4,84.3,94.5,95.5,61.6,138.6,208.7,677.1,885.8,566.8,145.9,81.5,281.7,495.5,2374.1,100.3,-110.3,13.6,0.0,0.5384615384615384
3,2022,SA,0,1,162.0,306.0,69.1,82.1,71.4,64.8,123.4,13.6,44.1,57.7,32.2,11.5,8.6,10.2,33.9,174.8,86.9,-84.8,0.0,0.0,0.0
3,2022,TOR,2,4,934.5,1967.2,75.7,85.5,91.0,50.7,134.7,101.8,281.7,383.5,210.4,67.9,49.2,93.3,225.7,1050.4,92.0,-424.2,11.5,0.0,0.3333333333333333
3,2022,UTA,2,4,922.2,1857.9,75.2,83.8,92.7,46.5,133.4,95.0,361.5,456.5,176.5,40.7,37.3,118.8,224.0,1008.0,92.7,-288.5,8.6,0.0,0.3333333333333333
3,2023,ATL,3,4,1133.2,2515.3,74.2,85.6,85.3,57.5,124.3,154.0,374.5,528.4,280.4,82.7,60.0,139.4,192.9,1314.6,90.0,-170.2,11.3,0.0,0.42857142857142855
3,2023,BKN,0,4,576.2,1130.6,71.3,82.8,86.2,52.8,117.7,37.3,189.7,226.9,144.3,34.0,24.3,74.6,100.5,599.8,88.0,-369.6,5.3,0.0,0.0
3,2023,BOS,11,9,3070.9,6888.8,77.5,90.8,92.7,59.0,131.3,306.4,1089.3,1395.7,782.9,194.5,205.9,390.7,556.0,3629.4,96.3,543.0,32.4,0.0,0.55
3,2023,CHI,1,1,306.4,626.7,75.2,83.0,89.6,45.1,127.1,21.1,97.3,118.3,71.3,22.7,21.1,34.0,76.2,324.2,87.9,-56.7,2.6,0.0,0.5
3,2023,CLE,1,4,726.3,1444.6,72.8,83.2,85.4,53.0,120.3,74.6,226.9,301.5,178.3,55.1,32.4,123.2,165.3,763.5,88.2,-218.8,13.1,0.0,0.2
3,2023,DEN,16,4,3057.2,7045.7,79.8,90.3,89.8,60.8,129.8,325.8,1125.0,1450.8,834.8,222.1,136.2,342.0,624.1,3678.0,96.1,1345.4,53.5,17.8,0.8
3,2023,GS,6,7,2119.0,4674.0,72.6,85.1,87.2,55.1,121.6,264.2,727.8,992.1,593.3,152.4,97.3,288.5,483.1,2382.9,89.6,-19.5,11.3,2.6,0.46153846153846156
3,2023,LAC,1,4,793.8,1651.8,74.6,85.6,84.6,58.5,133.9,95.6,228.6,324.2,175.1,53.5,34.0,111.8,186.4,936.9,93.5,-259.4,10.5,0.0,0.2
3,2023,LAL,9,8,2714.7,6014.6,75.9,85.3,87.4,54.1,132.1,254.5,980.7,1235.2,690.5,189.7,176.7,324.2,476.6,3088.0,92.4,356.6,40.5,0.0,0.5294117647058824
3,2023,MEM,2,4,971.9,1972.4,65.2,75.4,75.1,50.6,135.4,128.1,324.2,452.3,226.9,64.8,34.0,126.4,199.4,1018.0,81.7,-364.7,15.8,0.0,0.3333333333333333
3,2023,MIA,14,11,3829.3,8182.3,73.8,85.4,81.9,60.9,132.4,369.6,1277.3,1646.9,948.3,283.7,142.6,444.2,812.1,4375.1,91.6,283.7,30.8,2.6,0.56
3,2023,MIL,1,4,841.7,1770.8,77.0,90.6,89.6,61.4,115.1,82.7,277.2,359.9,217.2,53.5,29.2,115.1,152.4,962.9,94.3,-210.7,11.3,2.6,0.2
3,2023,MIN,2,5,1105.6,2342.3,75.1,86.7,85.9,58.8,128.1,89.2,364.7,453.9,278.8,92.4,69.7,158.9,241.5,1214.1,93.4,-202.6,19.5,0.0,0.2857142857142857
3,2023,NO,0,1,153.8,361.6,78.3,85.8,90.6,52.0,135.0,22.7,55.1,77.8,43.8,13.1,10.5,17.8,37.3,191.3,95.6,-40.5,2.6,0.0,0.0
3,2023,NY,6,5,1621.6,3428.1,70.2,79.6,85.6,47.3,120.9,230.2,578.7,808.9,333.9,124.8,79.4,236.7,346.9,1784.7,87.0,29.2,16.2,0.0,0.5454545454545454
3,2023,OKC,1,1,315.2,664.6,66.3,77.0,78.0,50.6,143.5,40.5,89.2,129.7,71.3,25.9,17.8,38.9,63.2,353.4,86.6,-162.1,2.6,0.0,0.5
3,2023,PHI,7,4,1625.3,3528.3,70.8,82.7,79.4,58.2,143.6,178.3,588.4,766.7,340.4,136.2,94.0,191.3,333.9,1828.5,90.0,-188.0,24.3,0.0,0.6363636363636364
3,2023,PHO,6,5,1726.7,3770.4,80.4,89.3,89.6,58.8,129.4,163.7,549.5,713.2,437.7,111.8,100.5,202.6,392.3,2036.0,95.3,-202.6,19.5,0.0,0.5454545454545454
3,2023,SAC,3,4,1160.9,2427.9,69.5,79.9,83.8,49.6,123.4,158.9,382.6,541.4,249.6,87.5,48.6,158.9,256.1,1290.3,86.2,-121.6,13.1,0.0,0.42857142857142855
3,2023,TOR,0,1,155.7,333.1,70.8,82.0,78.1,57.5,81.0,25.9,55.1,81.0,37.3,13.1,13.1,22.7,29.2,170.2,82.7,-32.4,5.3,0.0,0.0
3,2024,ATL,0,1,34.5,71.5,15.7,17.6,19.4,10.4,28.7,1.0,3.2,11.9,10.5,0.5,0.2,1.1,1.9,40.5,19.5,-26.2,0.2,0.0,0.0
3,2024,BOS,16,3,606.2,1387.1,16.4,19.4,19.9,12.6,28.3,64.2,221.3,285.5,157.7,41.5,35.6,67.7,104.0,721.4,20.6,267.0,2.2,0.1,0.8421052631578947
3,2024,CHI,1,1,68.3,157.0,16.6,18.8,19.2,12.1,27.9,2.1,23.7,29.7,18.8,2.2,1.7,2.3,13.6,77.5,19.6,-10.5,0.2,0.0,0.5
3,2024,CLE,5,7,385.0,785.1,15.7,17.8,18.7,11.0,26.5,32.1,130.2,162.3,89.0,27.9,19.2,48.2,82.7,410.8,18.8,-116.9,0.9,0.0,0.4166666666666667
3,2024,DAL,13,9,702.1,1540.2,16.3,18.8,18.8,12.6,25.1,83.4,247.4,330.9,162.3,48.2,40.5,91.1,145.5,813.5,19.9,99.5,2.9,0.9,0.5909090909090909
3,2024,DEN,7,5,384.4,839.9,15.9,18.1,18.5,11.6,29.0,41.5,136.5,178.0,104.4,26.9,17.8,47.5,75.4,427.9,19.3,-43.6,1.8,0.2,0.5833333333333334
3,2024,GS,0,1,33.1,60.3,14.4,16.6,16.7,10.9,27.3,1.0,11.9,14.7,2.3,0.6,0.4,1.9,2.1,32.8,18.2,-41.9,0.0,0.0,0.0
3,2024,IND,8,9,557.3,1290.5,17.7,20.1,20.5,13.0,26.0,61.1,184.3,245.3,177.3,32.5,28.6,67.7,121.5,675.7,20.8,31.4,1.7,0.1,0.47058823529411764
3,2024,LAC,2,4,187.8,392.6,15.1,17.7,16.5,13.1,27.6,23.4,64.6,87.9,42.2,12.9,2.3,25.5,47.8,210.1,19.1,-69.8,0.7,0.0,0.3333333333333333
3,2024,LAL,2,4,199.4,427.1,16.7,18.7,19.9,11.1,27.8,15.0,70.1,85.2,51.0,13.3,3.3,20.9,33.2,224.1,20.0,-12.2,1.0,0.0,0.3333333333333333
3,2024,MIA,2,5,222.2,445.1,15.3,17.9,17.7,12.1,28.8,19.2,76.8,96.0,54.1,14.3,2.1,27.9,39.8,236.3,19.0,-101.2,0.6,0.0,0.2857142857142857
3,2024,MIL,2,4,197.1,422.5,16.5,18.7,18.9,12.4,28.6,19.9,69.5,89.3,46.4,11.2,2.3,20.6,39.1,230.7,20.1,-29.7,1.2,0.0,0.3333333333333333
3,2024,MIN,9,7,508.7,1153.9,16.3,18.8,18.8,12.5,27.0,59.3,177.6,237.0,133.7,40.5,25.5,63.2,116.2,600.3,20.1,116.9,2.2,0.0,0.5625
3,2024,NO,1,5,197.9,405.9,14.9,16.6,17.7,3.4,28.8,24.4,72.2,96.7,47.8,16.8,3.4,33.5,42.6,198.6,17.8,-104.7,0.6,0.0,0.16666666666666666
3,2024,NY,7,6,416.5,939.1,15.8,18.1,17.3,13.1,26.4,61.1,133.3,194.4,102.3,25.8,24.4,46.8,81.0,498.7,19.5,-47.1,1.5,0.0,0.5384615384615384
3,2024,OKC,6,4,326.6,725.0,16.0,18.5,18.4,12.4,27.9,30.4,114.5,144.8,80.6,27.2,21.6,36.3,61.8,368.9,19.6,109.9,0.5,0.0,0.6
3,2024,ORL,3,4,229.5,478.0,14.7,16.8,17.2,10.8,27.0,29.3,80.6,109.9,47.1,19.5,12.6,33.9,52.7,245.0,18.4,54.1,0.4,0.0,0.42857142857142855
3,2024,PHI,3,4,224.3,497.6,15.4,18.1,17.1,13.0,29.6,27.6,75.7,103.3,56.2,12.9,14.3,28.3,51.0,263.1,19.9,0.0,0.7,0.1,0.42857142857142855
3,2024,PHO,0,4,129.0,253.9,16.2,18.4,18.1,12.7,29.0,10.1,35.2,45.4,27.6,10.5,2.1,18.8,32.5,144.1,20.5,-104.7,0.1,0.0,0.0
3,2024,SAC,1,1,65.8,149.8,14.8,17.6,16.5,12.6,27.4,10.1,20.9,31.1,17.1,2.3,1.1,2.8,11.9,75.4,18.6,29.7,0.2,0.0,0.5
